file_a,id_a,class_a,file_b,id_b,class_b,same_class,phash_dist,ahash_dist
group1_15.png,group1_15,1,group2_34.png,group2_34,2,False,54,15
group1_8.png,group1_8,1,group2_41.png,group2_41,2,False,56,43
group1_25.jpg,group1_25,1,group2_3.png,group2_3,2,False,58,37
group1_25.jpg,group1_25,1,group1_4.png,group1_4,1,True,60,27
group1_15.png,group1_15,1,group2_41.png,group2_41,2,False,62,51
group2_15.png,group2_15,2,group2_26.png,group2_26,2,True,62,42
group2_29.png,group2_29,2,group2_9.png,group2_9,2,True,64,61
group1_25.jpg,group1_25,1,group2_19.png,group2_19,2,False,66,31
group1_9.png,group1_9,1,group2_9.png,group2_9,2,False,66,27
group2_24.png,group2_24,2,group2_9.png,group2_9,2,True,66,52
group2_4.png,group2_4,2,group2_41.png,group2_41,2,True,66,56
group1_15.png,group1_15,1,group2_6.png,group2_6,2,False,68,44
group2_14.png,group2_14,2,group2_43.png,group2_43,2,True,68,64
group2_18.png,group2_18,2,group2_41.png,group2_41,2,True,68,42
group2_22.png,group2_22,2,group2_6.png,group2_6,2,True,68,85
group2_22.png,group2_22,2,group2_9.png,group2_9,2,True,68,60
group2_6.png,group2_6,2,group2_9.png,group2_9,2,True,68,45
group1_14.png,group1_14,1,group2_26.png,group2_26,2,False,70,42
group2_11.png,group2_11,2,group2_27.png,group2_27,2,True,70,50
group2_19.png,group2_19,2,group4_22.jpg,group4_22,4,False,70,106
group2_22.png,group2_22,2,group2_41.png,group2_41,2,True,70,60
group2_29.png,group2_29,2,group2_6.png,group2_6,2,True,70,76
group3_20.png,group3_20,3,group3_21.png,group3_21,3,True,70,41
group1_19.jpg,group1_19,1,group2_19.png,group2_19,2,False,72,50
group1_24.jpg,group1_24,1,group2_19.png,group2_19,2,False,72,23
group1_26.jpg,group1_26,1,group4_25.jpg,group4_25,4,False,72,59
group1_4.png,group1_4,1,group2_19.png,group2_19,2,False,72,30
group2_11.png,group2_11,2,group2_26.png,group2_26,2,True,72,84
group2_11.png,group2_11,2,group3_21.png,group3_21,3,False,72,85
group2_24.png,group2_24,2,group2_29.png,group2_29,2,True,72,51
group2_24.png,group2_24,2,group2_6.png,group2_6,2,True,72,79
group2_26.png,group2_26,2,group3_21.png,group3_21,3,False,72,15
group2_34.png,group2_34,2,group2_41.png,group2_41,2,True,72,52
group1_24.jpg,group1_24,1,group2_4.png,group2_4,2,False,74,34
group1_25.jpg,group1_25,1,group2_14.png,group2_14,2,False,74,43
group2_13.png,group2_13,2,group2_5.png,group2_5,2,True,74,43
group2_15.png,group2_15,2,group2_7.png,group2_7,2,True,74,35
group2_26.png,group2_26,2,group3_9.jpg,group3_9,3,False,74,73
group2_27.png,group2_27,2,group2_33.png,group2_33,2,True,74,17
group1_19.jpg,group1_19,1,group2_25.png,group2_25,2,False,76,35
group1_3.png,group1_3,1,group2_30.png,group2_30,2,False,76,19
group1_8.png,group1_8,1,group2_4.png,group2_4,2,False,76,73
group2_11.png,group2_11,2,group2_15.png,group2_15,2,True,76,50
group2_18.png,group2_18,2,group2_44.png,group2_44,2,True,76,48
group2_19.png,group2_19,2,group2_3.png,group2_3,2,True,76,46
group2_19.png,group2_19,2,group2_44.png,group2_44,2,True,76,75
group2_26.png,group2_26,2,group2_27.png,group2_27,2,True,76,40
group2_38.png,group2_38,2,group3_20.png,group3_20,3,False,76,54
group3_20.png,group3_20,3,group3_8.jpg,group3_8,3,True,76,56
group1_21.jpg,group1_21,1,group1_25.jpg,group1_25,1,True,78,40
group1_21.jpg,group1_21,1,group2_3.png,group2_3,2,False,78,61
group1_22.jpg,group1_22,1,group2_29.png,group2_29,2,False,78,61
group1_24.jpg,group1_24,1,group2_18.png,group2_18,2,False,78,32
group1_25.jpg,group1_25,1,group3_17.png,group3_17,3,False,78,46
group1_4.png,group1_4,1,group3_17.png,group3_17,3,False,78,33
group1_9.png,group1_9,1,group2_6.png,group2_6,2,False,78,46
group2_11.png,group2_11,2,group2_7.png,group2_7,2,True,78,37
group2_15.png,group2_15,2,group3_9.jpg,group3_9,3,False,78,99
group2_18.png,group2_18,2,group2_4.png,group2_4,2,True,78,40
group2_27.png,group2_27,2,group3_24.png,group3_24,3,False,78,64
group2_32.png,group2_32,2,group4_24.jpg,group4_24,4,False,78,55
group2_41.png,group2_41,2,group2_6.png,group2_6,2,True,78,79
group2_5.png,group2_5,2,group4_24.jpg,group4_24,4,False,78,89
group3_18.png,group3_18,3,group3_21.png,group3_21,3,True,78,87
group1_14.png,group1_14,1,group2_33.png,group2_33,2,False,80,15
group1_21.jpg,group1_21,1,group1_4.png,group1_4,1,True,80,59
group1_22.jpg,group1_22,1,group2_6.png,group2_6,2,False,80,107
group1_4.png,group1_4,1,group2_3.png,group2_3,2,False,80,42
group2_10.png,group2_10,2,group4_24.jpg,group4_24,4,False,80,49
group2_14.png,group2_14,2,group2_31.png,group2_31,2,True,80,26
group2_19.png,group2_19,2,group2_25.png,group2_25,2,True,80,27
group2_20.png,group2_20,2,group2_35.png,group2_35,2,True,80,56
group2_22.png,group2_22,2,group2_24.png,group2_24,2,True,80,42
group2_24.png,group2_24,2,group3_3.jpg,group3_3,3,False,80,97
group2_45.png,group2_45,2,group3_22.png,group3_22,3,False,80,77
group2_6.png,group2_6,2,group3_3.jpg,group3_3,3,False,80,114
group3_20.png,group3_20,3,group3_24.png,group3_24,3,True,80,72
group3_21.png,group3_21,3,group3_24.png,group3_24,3,True,80,53
group3_3.jpg,group3_3,3,group4_28.jpg,group4_28,4,False,80,73
group1_14.png,group1_14,1,group2_18.png,group2_18,2,False,82,26
group1_15.png,group1_15,1,group1_22.jpg,group1_22,1,True,82,85
group1_15.png,group1_15,1,group2_22.png,group2_22,2,False,82,79
group1_15.png,group1_15,1,group2_24.png,group2_24,2,False,82,67
group1_19.jpg,group1_19,1,group2_44.png,group2_44,2,False,82,47
group1_3.png,group1_3,1,group2_28.png,group2_28,2,False,82,58
group1_4.png,group1_4,1,group2_14.png,group2_14,2,False,82,54
group1_9.png,group1_9,1,group2_29.png,group2_29,2,False,82,50
group2_11.png,group2_11,2,group2_38.png,group2_38,2,True,82,58
group2_15.png,group2_15,2,group3_21.png,group3_21,3,False,82,55
group2_22.png,group2_22,2,group2_37.png,group2_37,2,True,82,56
group2_24.png,group2_24,2,group2_4.png,group2_4,2,True,82,38
group2_24.png,group2_24,2,group2_41.png,group2_41,2,True,82,40
group2_26.png,group2_26,2,group2_33.png,group2_33,2,True,82,39
group2_26.png,group2_26,2,group3_24.png,group3_24,3,False,82,54
group2_27.png,group2_27,2,group3_21.png,group3_21,3,False,82,43
group2_29.png,group2_29,2,group2_4.png,group2_4,2,True,82,55
group3_11.jpg,group3_11,3,group4_26.jpg,group4_26,4,False,82,60
group3_21.png,group3_21,3,group3_8.jpg,group3_8,3,True,82,39
group3_21.png,group3_21,3,group3_9.jpg,group3_9,3,True,82,70
group1_14.png,group1_14,1,group2_27.png,group2_27,2,False,84,16
group1_14.png,group1_14,1,group3_24.png,group3_24,3,False,84,66
group1_15.png,group1_15,1,group2_29.png,group2_29,2,False,84,64
group1_15.png,group1_15,1,group2_9.png,group2_9,2,False,84,35
group1_19.jpg,group1_19,1,group2_35.png,group2_35,2,False,84,47
group1_22.jpg,group1_22,1,group2_24.png,group2_24,2,False,84,78
group1_24.jpg,group1_24,1,group2_41.png,group2_41,2,False,84,44
group1_8.png,group1_8,1,group2_18.png,group2_18,2,False,84,47
group1_8.png,group1_8,1,group2_34.png,group2_34,2,False,84,27
group2_11.png,group2_11,2,group2_42.png,group2_42,2,True,84,74
group2_11.png,group2_11,2,group3_20.png,group3_20,3,False,84,86
group2_15.png,group2_15,2,group2_9.png,group2_9,2,True,84,38
group2_2.png,group2_2,2,group2_6.png,group2_6,2,True,84,85
group2_20.png,group2_20,2,group2_33.png,group2_33,2,True,84,41
group2_22.png,group2_22,2,group2_4.png,group2_4,2,True,84,22
group2_23.png,group2_23,2,group4_29.jpg,group4_29,4,False,84,105
group2_26.png,group2_26,2,group2_7.png,group2_7,2,True,84,73
group2_28.png,group2_28,2,group2_40.png,group2_40,2,True,84,38
group2_29.png,group2_29,2,group2_41.png,group2_41,2,True,84,59
group2_35.png,group2_35,2,group2_44.png,group2_44,2,True,84,54
group2_38.png,group2_38,2,group3_21.png,group3_21,3,False,84,47
group2_4.png,group2_4,2,group2_6.png,group2_6,2,True,84,81
group2_45.png,group2_45,2,group3_7.jpg,group3_7,3,False,84,84
group2_5.png,group2_5,2,group4_23.jpg,group4_23,4,False,84,40
group2_7.png,group2_7,2,group2_9.png,group2_9,2,True,84,35
group2_9.png,group2_9,2,group3_18.png,group3_18,3,False,84,106
group2_9.png,group2_9,2,group3_3.jpg,group3_3,3,False,84,125
group1_11.png,group1_11,1,group2_14.png,group2_14,2,False,86,53
group1_14.png,group1_14,1,group2_15.png,group2_15,2,False,86,30
group1_20.jpg,group1_20,1,group1_25.jpg,group1_25,1,True,86,22
group1_20.jpg,group1_20,1,group1_4.png,group1_4,1,True,86,41
group1_20.jpg,group1_20,1,group2_19.png,group2_19,2,False,86,35
group1_24.jpg,group1_24,1,group1_8.png,group1_8,1,True,86,67
group1_25.jpg,group1_25,1,group4_22.jpg,group4_22,4,False,86,119
group1_4.png,group1_4,1,group2_44.png,group2_44,2,False,86,91
group1_4.png,group1_4,1,group3_16.png,group3_16,3,False,86,117
group1_5.png,group1_5,1,group2_19.png,group2_19,2,False,86,25
group2_1.png,group2_1,2,group3_22.png,group3_22,3,False,86,90
group2_11.png,group2_11,2,group3_24.png,group3_24,3,False,86,80
group2_18.png,group2_18,2,group2_22.png,group2_22,2,True,86,48
group2_18.png,group2_18,2,group2_27.png,group2_27,2,True,86,26
group2_2.png,group2_2,2,group2_24.png,group2_24,2,True,86,32
group2_2.png,group2_2,2,group2_4.png,group2_4,2,True,86,20
group2_20.png,group2_20,2,group2_44.png,group2_44,2,True,86,38
group2_22.png,group2_22,2,group2_29.png,group2_29,2,True,86,53
group2_23.png,group2_23,2,group3_22.png,group3_22,3,False,86,136
group2_24.png,group2_24,2,group2_39.png,group2_39,2,True,86,32
group2_24.png,group2_24,2,group3_18.png,group3_18,3,False,86,92
group2_27.png,group2_27,2,group2_38.png,group2_38,2,True,86,24
group2_34.png,group2_34,2,group2_6.png,group2_6,2,True,86,35
group2_35.png,group2_35,2,group2_43.png,group2_43,2,True,86,77
group2_38.png,group2_38,2,group3_24.png,group3_24,3,False,86,78
group2_45.png,group2_45,2,group3_19.png,group3_19,3,False,86,78
group2_7.png,group2_7,2,group3_21.png,group3_21,3,False,86,78
group3_18.png,group3_18,3,group3_9.jpg,group3_9,3,True,86,57
group3_19.png,group3_19,3,group3_22.png,group3_22,3,True,86,89
group1_10.png,group1_10,1,group2_9.png,group2_9,2,False,88,35
group1_11.png,group1_11,1,group1_25.jpg,group1_25,1,True,88,34
group1_15.png,group1_15,1,group2_2.png,group2_2,2,False,88,75
group1_16.png,group1_16,1,group1_21.jpg,group1_21,1,True,88,62
group1_16.png,group1_16,1,group2_30.png,group2_30,2,False,88,62
group1_20.jpg,group1_20,1,group1_24.jpg,group1_24,1,True,88,32
group1_22.jpg,group1_22,1,group3_3.jpg,group3_3,3,False,88,111
group1_5.png,group1_5,1,group2_35.png,group2_35,2,False,88,60
group1_5.png,group1_5,1,group2_41.png,group2_41,2,False,88,54
group1_6.png,group1_6,1,group2_38.png,group2_38,2,False,88,33
group1_9.png,group1_9,1,group2_24.png,group2_24,2,False,88,51
group1_9.png,group1_9,1,group3_3.jpg,group3_3,3,False,88,120
group2_10.png,group2_10,2,group2_33.png,group2_33,2,True,88,36
group2_14.png,group2_14,2,group2_19.png,group2_19,2,True,88,44
group2_14.png,group2_14,2,group2_3.png,group2_3,2,True,88,70
group2_14.png,group2_14,2,group3_17.png,group3_17,3,False,88,57
group2_19.png,group2_19,2,group2_30.png,group2_30,2,True,88,63
group2_2.png,group2_2,2,group2_9.png,group2_9,2,True,88,58
group2_20.png,group2_20,2,group2_27.png,group2_27,2,True,88,46
group2_22.png,group2_22,2,group3_3.jpg,group3_3,3,False,88,95
group2_25.png,group2_25,2,group2_4.png,group2_4,2,True,88,44
group2_25.png,group2_25,2,group2_41.png,group2_41,2,True,88,58
group2_25.png,group2_25,2,group4_22.jpg,group4_22,4,False,88,113
group2_26.png,group2_26,2,group2_9.png,group2_9,2,True,88,56
group2_27.png,group2_27,2,group2_42.png,group2_42,2,True,88,84
group2_34.png,group2_34,2,group2_38.png,group2_38,2,True,88,46
group2_37.png,group2_37,2,group2_6.png,group2_6,2,True,88,55
group2_39.png,group2_39,2,group3_13.png,group3_13,3,False,88,121
group2_41.png,group2_41,2,group2_44.png,group2_44,2,True,88,56
group2_45.png,group2_45,2,group4_29.jpg,group4_29,4,False,88,122
group2_6.png,group2_6,2,group3_18.png,group3_18,3,False,88,93
group2_7.png,group2_7,2,group3_19.png,group3_19,3,False,88,75
group2_8.png,group2_8,2,group3_24.png,group3_24,3,False,88,52
group1_11.png,group1_11,1,group2_5.png,group2_5,2,False,90,23
group1_13.png,group1_13,1,group1_7.png,group1_7,1,True,90,32
group1_15.png,group1_15,1,group1_9.png,group1_9,1,True,90,30
group1_19.jpg,group1_19,1,group1_20.jpg,group1_20,1,True,90,33
group1_19.jpg,group1_19,1,group1_25.jpg,group1_25,1,True,90,43
group1_19.jpg,group1_19,1,group2_14.png,group2_14,2,False,90,34
group1_19.jpg,group1_19,1,group4_22.jpg,group4_22,4,False,90,112
group1_22.jpg,group1_22,1,group1_9.png,group1_9,1,True,90,91
group1_22.jpg,group1_22,1,group2_9.png,group2_9,2,False,90,100
group1_23.jpg,group1_23,1,group2_24.png,group2_24,2,False,90,58
group1_24.jpg,group1_24,1,group1_25.jpg,group1_25,1,True,90,28
group1_24.jpg,group1_24,1,group2_3.png,group2_3,2,False,90,41
group1_24.jpg,group1_24,1,group4_22.jpg,group4_22,4,False,90,105
group1_25.jpg,group1_25,1,group2_25.png,group2_25,2,False,90,40
group1_25.jpg,group1_25,1,group2_43.png,group2_43,2,False,90,95
group1_3.png,group1_3,1,group3_26.png,group3_26,3,False,90,88
group1_6.png,group1_6,1,group2_11.png,group2_11,2,False,90,67
group1_6.png,group1_6,1,group3_20.png,group3_20,3,False,90,67
group1_6.png,group1_6,1,group3_21.png,group3_21,3,False,90,62
group2_10.png,group2_10,2,group2_32.png,group2_32,2,True,90,34
group2_11.png,group2_11,2,group3_9.jpg,group3_9,3,False,90,113
group2_15.png,group2_15,2,group2_27.png,group2_27,2,True,90,30
group2_15.png,group2_15,2,group2_33.png,group2_33,2,True,90,35
group2_16.png,group2_16,2,group2_19.png,group2_19,2,True,90,37
group2_18.png,group2_18,2,group2_19.png,group2_19,2,True,90,33
group2_18.png,group2_18,2,group2_25.png,group2_25,2,True,90,36
group2_18.png,group2_18,2,group2_26.png,group2_26,2,True,90,54
group2_19.png,group2_19,2,group2_31.png,group2_31,2,True,90,30
group2_19.png,group2_19,2,group2_35.png,group2_35,2,True,90,53
group2_19.png,group2_19,2,group2_4.png,group2_4,2,True,90,35
group2_2.png,group2_2,2,group2_22.png,group2_22,2,True,90,16
group2_24.png,group2_24,2,group2_45.png,group2_45,2,True,90,72
group2_26.png,group2_26,2,group3_19.png,group3_19,3,False,90,70
group2_26.png,group2_26,2,group3_20.png,group3_20,3,False,90,56
group2_27.png,group2_27,2,group3_20.png,group3_20,3,False,90,52
group2_3.png,group2_3,2,group2_43.png,group2_43,2,True,90,110
group2_30.png,group2_30,2,group4_22.jpg,group4_22,4,False,90,103
group2_31.png,group2_31,2,group2_35.png,group2_35,2,True,90,53
group2_31.png,group2_31,2,group2_43.png,group2_43,2,True,90,82
group2_31.png,group2_31,2,group4_22.jpg,group4_22,4,False,90,122
group2_33.png,group2_33,2,group3_24.png,group3_24,3,False,90,63
group2_34.png,group2_34,2,group3_8.jpg,group3_8,3,False,90,94
group2_36.png,group2_36,2,group3_24.png,group3_24,3,False,90,80
group2_40.png,group2_40,2,group3_6.jpg,group3_6,3,False,90,43
group2_41.png,group2_41,2,group2_9.png,group2_9,2,True,90,54
group2_45.png,group2_45,2,group2_7.png,group2_7,2,True,90,37
group2_5.png,group2_5,2,group3_15.png,group3_15,3,False,90,62
group2_6.png,group2_6,2,group3_28.png,group3_28,3,False,90,174
group2_7.png,group2_7,2,group4_29.jpg,group4_29,4,False,90,123
group2_8.png,group2_8,2,group4_24.jpg,group4_24,4,False,90,82
group2_9.png,group2_9,2,group3_13.png,group3_13,3,False,90,101
group3_10.jpg,group3_10,3,group3_20.png,group3_20,3,True,90,50
group3_11.jpg,group3_11,3,group3_20.png,group3_20,3,True,90,54
group3_12.png,group3_12,3,group4_24.jpg,group4_24,4,False,90,118
group3_24.png,group3_24,3,group4_24.jpg,group4_24,4,False,90,90
group1_1.jpeg,group1_1,1,group4_22.jpg,group4_22,4,False,92,122
group1_10.png,group1_10,1,group2_24.png,group2_24,2,False,92,69
group1_10.png,group1_10,1,group3_3.jpg,group3_3,3,False,92,116
group1_15.png,group1_15,1,group1_8.png,group1_8,1,True,92,22
group1_15.png,group1_15,1,group2_4.png,group2_4,2,False,92,67
group1_16.png,group1_16,1,group2_3.png,group2_3,2,False,92,45
group1_16.png,group1_16,1,group4_22.jpg,group4_22,4,False,92,93
group1_19.jpg,group1_19,1,group1_24.jpg,group1_24,1,True,92,43
group1_19.jpg,group1_19,1,group1_4.png,group1_4,1,True,92,64
group1_19.jpg,group1_19,1,group2_18.png,group2_18,2,False,92,33
group1_19.jpg,group1_19,1,group2_4.png,group2_4,2,False,92,57
group1_19.jpg,group1_19,1,group2_43.png,group2_43,2,False,92,72
group1_20.jpg,group1_20,1,group2_25.png,group2_25,2,False,92,36
group1_23.jpg,group1_23,1,group2_32.png,group2_32,2,False,92,77
group1_25.jpg,group1_25,1,group2_44.png,group2_44,2,False,92,68
group1_25.jpg,group1_25,1,group3_16.png,group3_16,3,False,92,98
group1_25.jpg,group1_25,1,group4_12.jpg,group4_12,4,False,92,95
group1_26.jpg,group1_26,1,group3_12.png,group3_12,3,False,92,77
group1_4.png,group1_4,1,group2_25.png,group2_25,2,False,92,39
group1_4.png,group1_4,1,group2_43.png,group2_43,2,False,92,106
group1_8.png,group1_8,1,group2_44.png,group2_44,2,False,92,47
group1_9.png,group1_9,1,group3_18.png,group3_18,3,False,92,113
group2_10.png,group2_10,2,group2_13.png,group2_13,2,True,92,35
group2_10.png,group2_10,2,group2_27.png,group2_27,2,True,92,37
group2_11.png,group2_11,2,group2_17.png,group2_17,2,True,92,108
group2_11.png,group2_11,2,group3_19.png,group3_19,3,False,92,76
group2_13.png,group2_13,2,group2_35.png,group2_35,2,True,92,44
group2_13.png,group2_13,2,group2_37.png,group2_37,2,True,92,38
group2_14.png,group2_14,2,group4_22.jpg,group4_22,4,False,92,116
group2_15.png,group2_15,2,group2_24.png,group2_24,2,True,92,56
group2_15.png,group2_15,2,group2_39.png,group2_39,2,True,92,50
group2_17.png,group2_17,2,group2_7.png,group2_7,2,True,92,95
group2_18.png,group2_18,2,group2_24.png,group2_24,2,True,92,46
group2_18.png,group2_18,2,group2_34.png,group2_34,2,True,92,48
group2_19.png,group2_19,2,group3_17.png,group3_17,3,False,92,41
group2_24.png,group2_24,2,group3_7.jpg,group3_7,3,False,92,62
group2_26.png,group2_26,2,group2_37.png,group2_37,2,True,92,54
group2_26.png,group2_26,2,group2_38.png,group2_38,2,True,92,48
group2_26.png,group2_26,2,group3_18.png,group3_18,3,False,92,92
group2_27.png,group2_27,2,group2_7.png,group2_7,2,True,92,53
group2_27.png,group2_27,2,group3_8.jpg,group3_8,3,False,92,58
group2_29.png,group2_29,2,group3_3.jpg,group3_3,3,False,92,112
group2_30.png,group2_30,2,group2_35.png,group2_35,2,True,92,30
group2_31.png,group2_31,2,group2_44.png,group2_44,2,True,92,59
group2_32.png,group2_32,2,group2_34.png,group2_34,2,True,92,41
group2_32.png,group2_32,2,group2_38.png,group2_38,2,True,92,25
group2_32.png,group2_32,2,group2_8.png,group2_8,2,True,92,67
group2_33.png,group2_33,2,group2_35.png,group2_35,2,True,92,49
group2_33.png,group2_33,2,group2_38.png,group2_38,2,True,92,25
group2_34.png,group2_34,2,group2_4.png,group2_4,2,True,92,72
group2_34.png,group2_34,2,group3_20.png,group3_20,3,False,92,82
group2_36.png,group2_36,2,group2_37.png,group2_37,2,True,92,32
group2_37.png,group2_37,2,group4_24.jpg,group4_24,4,False,92,68
group2_39.png,group2_39,2,group2_6.png,group2_6,2,True,92,71
group2_4.png,group2_4,2,group2_9.png,group2_9,2,True,92,66
group2_44.png,group2_44,2,group4_22.jpg,group4_22,4,False,92,121
group2_45.png,group2_45,2,group2_6.png,group2_6,2,True,92,29
group2_5.png,group2_5,2,group3_12.png,group3_12,3,False,92,103
group2_5.png,group2_5,2,group4_22.jpg,group4_22,4,False,92,88
group3_11.jpg,group3_11,3,group3_8.jpg,group3_8,3,True,92,60
group3_13.png,group3_13,3,group3_5.jpg,group3_5,3,True,92,66
group3_18.png,group3_18,3,group3_24.png,group3_24,3,True,92,74
group3_18.png,group3_18,3,group3_3.jpg,group3_3,3,True,92,59
group3_19.png,group3_19,3,group3_23.png,group3_23,3,True,92,67
group3_23.png,group3_23,3,group3_7.jpg,group3_7,3,True,92,97
group1_10.png,group1_10,1,group1_9.png,group1_9,1,True,94,40
group1_11.png,group1_11,1,group2_10.png,group2_10,2,False,94,57
group1_11.png,group1_11,1,group2_25.png,group2_25,2,False,94,38
group1_11.png,group1_11,1,group2_31.png,group2_31,2,False,94,41
group1_14.png,group1_14,1,group2_11.png,group2_11,2,False,94,52
group1_14.png,group1_14,1,group2_13.png,group2_13,2,False,94,22
group1_14.png,group1_14,1,group2_20.png,group2_20,2,False,94,38
group1_14.png,group1_14,1,group2_35.png,group2_35,2,False,94,52
group1_15.png,group1_15,1,group4_28.jpg,group4_28,4,False,94,115
group1_16.png,group1_16,1,group2_19.png,group2_19,2,False,94,29
group1_16.png,group1_16,1,group2_5.png,group2_5,2,False,94,23
group1_16.png,group1_16,1,group4_24.jpg,group4_24,4,False,94,96
group1_16.png,group1_16,1,group4_25.jpg,group4_25,4,False,94,62
group1_19.jpg,group1_19,1,group1_5.png,group1_5,1,True,94,53
group1_2.png,group1_2,1,group1_23.jpg,group1_23,1,True,94,64
group1_20.jpg,group1_20,1,group4_22.jpg,group4_22,4,False,94,127
group1_21.jpg,group1_21,1,group2_19.png,group2_19,2,False,94,51
group1_22.jpg,group1_22,1,group2_34.png,group2_34,2,False,94,96
group1_23.jpg,group1_23,1,group2_39.png,group2_39,2,False,94,54
group1_24.jpg,group1_24,1,group2_22.png,group2_22,2,False,94,30
group1_24.jpg,group1_24,1,group2_25.png,group2_25,2,False,94,38
group1_26.jpg,group1_26,1,group3_26.png,group3_26,3,False,94,78
group1_5.png,group1_5,1,group2_34.png,group2_34,2,False,94,66
group1_6.png,group1_6,1,group2_42.png,group2_42,2,False,94,91
group1_6.png,group1_6,1,group3_2.jpg,group3_2,3,False,94,98
group1_6.png,group1_6,1,group4_24.jpg,group4_24,4,False,94,83
group1_8.png,group1_8,1,group2_19.png,group2_19,2,False,94,72
group1_8.png,group1_8,1,group2_6.png,group2_6,2,False,94,52
group1_9.png,group1_9,1,group2_2.png,group2_2,2,False,94,65
group1_9.png,group1_9,1,group2_41.png,group2_41,2,False,94,41
group2_11.png,group2_11,2,group2_8.png,group2_8,2,True,94,44
group2_13.png,group2_13,2,group4_23.jpg,group4_23,4,False,94,75
group2_14.png,group2_14,2,group2_30.png,group2_30,2,True,94,47
group2_15.png,group2_15,2,group2_22.png,group2_22,2,True,94,54
group2_15.png,group2_15,2,group3_19.png,group3_19,3,False,94,74
group2_15.png,group2_15,2,group3_20.png,group3_20,3,False,94,80
group2_15.png,group2_15,2,group3_24.png,group3_24,3,False,94,70
group2_19.png,group2_19,2,group2_43.png,group2_43,2,True,94,100
group2_20.png,group2_20,2,group2_38.png,group2_38,2,True,94,52
group2_20.png,group2_20,2,group3_20.png,group3_20,3,False,94,92
group2_20.png,group2_20,2,group3_24.png,group3_24,3,False,94,80
group2_20.png,group2_20,2,group3_25.png,group3_25,3,False,94,53
group2_22.png,group2_22,2,group2_26.png,group2_26,2,True,94,20
group2_23.png,group2_23,2,group2_41.png,group2_41,2,True,94,47
group2_23.png,group2_23,2,group2_45.png,group2_45,2,True,94,85
group2_3.png,group2_3,2,group2_4.png,group2_4,2,True,94,43
group2_3.png,group2_3,2,group3_17.png,group3_17,3,False,94,43
group2_32.png,group2_32,2,group3_24.png,group3_24,3,False,94,79
group2_33.png,group2_33,2,group2_5.png,group2_5,2,True,94,46
group2_35.png,group2_35,2,group2_38.png,group2_38,2,True,94,70
group2_38.png,group2_38,2,group4_24.jpg,group4_24,4,False,94,70
group2_4.png,group2_4,2,group4_30.jpg,group4_30,4,False,94,61
group2_43.png,group2_43,2,group3_17.png,group3_17,3,False,94,99
group2_7.png,group2_7,2,group3_18.png,group3_18,3,False,94,93
group2_7.png,group2_7,2,group3_20.png,group3_20,3,False,94,85
group2_7.png,group2_7,2,group3_22.png,group3_22,3,False,94,86
group3_12.png,group3_12,3,group4_25.jpg,group4_25,4,False,94,88
group3_2.jpg,group3_2,3,group4_24.jpg,group4_24,4,False,94,77
group3_20.png,group3_20,3,group4_26.jpg,group4_26,4,False,94,88
group3_22.png,group3_22,3,group3_7.jpg,group3_7,3,True,94,99
group3_22.png,group3_22,3,group4_29.jpg,group4_29,4,False,94,83
group1_1.jpeg,group1_1,1,group1_11.png,group1_11,1,True,96,45
group1_1.jpeg,group1_1,1,group1_21.jpg,group1_21,1,True,96,37
group1_1.jpeg,group1_1,1,group1_24.jpg,group1_24,1,True,96,35
group1_10.png,group1_10,1,group2_15.png,group2_15,2,False,96,47
group1_13.png,group1_13,1,group3_13.png,group3_13,3,False,96,105
group1_15.png,group1_15,1,group1_5.png,group1_5,1,True,96,67
group1_15.png,group1_15,1,group3_8.jpg,group3_8,3,False,96,89
group1_16.png,group1_16,1,group1_25.jpg,group1_25,1,True,96,36
group1_16.png,group1_16,1,group2_31.png,group2_31,2,False,96,49
group1_20.jpg,group1_20,1,group2_3.png,group2_3,2,False,96,45
group1_20.jpg,group1_20,1,group2_4.png,group2_4,2,False,96,52
group1_22.jpg,group1_22,1,group2_4.png,group2_4,2,False,96,70
group1_22.jpg,group1_22,1,group2_41.png,group2_41,2,False,96,78
group1_24.jpg,group1_24,1,group2_2.png,group2_2,2,False,96,34
group1_25.jpg,group1_25,1,group2_35.png,group2_35,2,False,96,52
group1_4.png,group1_4,1,group4_22.jpg,group4_22,4,False,96,104
group1_5.png,group1_5,1,group2_25.png,group2_25,2,False,96,42
group1_5.png,group1_5,1,group2_43.png,group2_43,2,False,96,105
group1_5.png,group1_5,1,group3_17.png,group3_17,3,False,96,44
group1_5.png,group1_5,1,group4_22.jpg,group4_22,4,False,96,119
group1_8.png,group1_8,1,group2_24.png,group2_24,2,False,96,73
group1_8.png,group1_8,1,group2_3.png,group2_3,2,False,96,64
group1_8.png,group1_8,1,group2_42.png,group2_42,2,False,96,57
group1_8.png,group1_8,1,group2_8.png,group2_8,2,False,96,69
group1_9.png,group1_9,1,group2_39.png,group2_39,2,False,96,47
group2_1.png,group2_1,2,group3_19.png,group3_19,3,False,96,91
group2_10.png,group2_10,2,group2_26.png,group2_26,2,True,96,63
group2_10.png,group2_10,2,group2_5.png,group2_5,2,True,96,58
group2_10.png,group2_10,2,group2_9.png,group2_9,2,True,96,41
group2_13.png,group2_13,2,group2_30.png,group2_30,2,True,96,48
group2_15.png,group2_15,2,group2_45.png,group2_45,2,True,96,56
group2_17.png,group2_17,2,group4_29.jpg,group4_29,4,False,96,102
group2_18.png,group2_18,2,group2_2.png,group2_2,2,True,96,50
group2_18.png,group2_18,2,group2_20.png,group2_20,2,True,96,38
group2_18.png,group2_18,2,group2_29.png,group2_29,2,True,96,49
group2_18.png,group2_18,2,group2_35.png,group2_35,2,True,96,48
group2_18.png,group2_18,2,group2_38.png,group2_38,2,True,96,40
group2_18.png,group2_18,2,group2_6.png,group2_6,2,True,96,63
group2_18.png,group2_18,2,group2_9.png,group2_9,2,True,96,32
group2_19.png,group2_19,2,group2_41.png,group2_41,2,True,96,55
group2_2.png,group2_2,2,group3_3.jpg,group3_3,3,False,96,93
group2_2.png,group2_2,2,group3_8.jpg,group3_8,3,False,96,44
group2_20.png,group2_20,2,group2_26.png,group2_26,2,True,96,70
group2_20.png,group2_20,2,group2_43.png,group2_43,2,True,96,57
group2_23.png,group2_23,2,group2_7.png,group2_7,2,True,96,84
group2_26.png,group2_26,2,group3_8.jpg,group3_8,3,False,96,48
group2_27.png,group2_27,2,group2_44.png,group2_44,2,True,96,54
group2_29.png,group2_29,2,group2_37.png,group2_37,2,True,96,67
group2_30.png,group2_30,2,group2_43.png,group2_43,2,True,96,77
group2_33.png,group2_33,2,group2_7.png,group2_7,2,True,96,64
group2_33.png,group2_33,2,group3_20.png,group3_20,3,False,96,61
group2_34.png,group2_34,2,group4_28.jpg,group4_28,4,False,96,128
group2_37.png,group2_37,2,group2_42.png,group2_42,2,True,96,82
group2_37.png,group2_37,2,group2_5.png,group2_5,2,True,96,67
group2_37.png,group2_37,2,group2_9.png,group2_9,2,True,96,32
group2_38.png,group2_38,2,group4_27.jpg,group4_27,4,False,96,127
group2_39.png,group2_39,2,group2_45.png,group2_45,2,True,96,60
group2_39.png,group2_39,2,group3_22.png,group3_22,3,False,96,97
group2_39.png,group2_39,2,group3_3.jpg,group3_3,3,False,96,113
group2_41.png,group2_41,2,group2_42.png,group2_42,2,True,96,84
group2_42.png,group2_42,2,group3_24.png,group3_24,3,False,96,124
group2_43.png,group2_43,2,group3_6.jpg,group3_6,3,False,96,103
group2_5.png,group2_5,2,group4_17.jpg,group4_17,4,False,96,193
group2_7.png,group2_7,2,group3_23.png,group3_23,3,False,96,78
group2_7.png,group2_7,2,group3_9.jpg,group3_9,3,False,96,118
group3_10.jpg,group3_10,3,group3_8.jpg,group3_8,3,True,96,40
group3_20.png,group3_20,3,group3_23.png,group3_23,3,True,96,79
group3_5.jpg,group3_5,3,group4_29.jpg,group4_29,4,False,96,103
group4_17.jpg,group4_17,4,group4_24.jpg,group4_24,4,True,96,146
group1_10.png,group1_10,1,group3_13.png,group3_13,3,False,98,92
group1_11.png,group1_11,1,group1_16.png,group1_16,1,True,98,10
group1_11.png,group1_11,1,group2_30.png,group2_30,2,False,98,64
group1_11.png,group1_11,1,group4_22.jpg,group4_22,4,False,98,93
group1_11.png,group1_11,1,group4_23.jpg,group4_23,4,False,98,43
group1_13.png,group1_13,1,group3_7.jpg,group3_7,3,False,98,60
group1_14.png,group1_14,1,group2_38.png,group2_38,2,False,98,28
group1_14.png,group1_14,1,group2_9.png,group2_9,2,False,98,22
group1_15.png,group1_15,1,group2_18.png,group2_18,2,False,98,43
group1_15.png,group1_15,1,group3_18.png,group3_18,3,False,98,103
group1_15.png,group1_15,1,group3_5.jpg,group3_5,3,False,98,70
group1_16.png,group1_16,1,group2_4.png,group2_4,2,False,98,28
group1_16.png,group1_16,1,group2_44.png,group2_44,2,False,98,84
group1_16.png,group1_16,1,group2_8.png,group2_8,2,False,98,58
group1_16.png,group1_16,1,group3_12.png,group3_12,3,False,98,84
group1_19.jpg,group1_19,1,group2_27.png,group2_27,2,False,98,35
group1_19.jpg,group1_19,1,group2_31.png,group2_31,2,False,98,32
group1_19.jpg,group1_19,1,group2_41.png,group2_41,2,False,98,47
group1_21.jpg,group1_21,1,group3_17.png,group3_17,3,False,98,62
group1_21.jpg,group1_21,1,group4_30.jpg,group4_30,4,False,98,83
group1_22.jpg,group1_22,1,group4_28.jpg,group4_28,4,False,98,88
group1_23.jpg,group1_23,1,group2_2.png,group2_2,2,False,98,40
group1_24.jpg,group1_24,1,group2_27.png,group2_27,2,False,98,30
group1_24.jpg,group1_24,1,group3_17.png,group3_17,3,False,98,40
group1_5.png,group1_5,1,group2_4.png,group2_4,2,False,98,50
group1_5.png,group1_5,1,group2_8.png,group2_8,2,False,98,58
group1_8.png,group1_8,1,group2_27.png,group2_27,2,False,98,55
group1_8.png,group1_8,1,group2_29.png,group2_29,2,False,98,70
group1_8.png,group1_8,1,group2_38.png,group2_38,2,False,98,61
group1_8.png,group1_8,1,group4_28.jpg,group4_28,4,False,98,119
group2_1.png,group2_1,2,group2_39.png,group2_39,2,True,98,103
group2_11.png,group2_11,2,group2_33.png,group2_33,2,True,98,59
group2_13.png,group2_13,2,group2_33.png,group2_33,2,True,98,17
group2_14.png,group2_14,2,group2_35.png,group2_35,2,True,98,53
group2_15.png,group2_15,2,group2_37.png,group2_37,2,True,98,30
group2_18.png,group2_18,2,group2_23.png,group2_23,2,True,98,77
group2_18.png,group2_18,2,group3_9.jpg,group3_9,3,False,98,101
group2_2.png,group2_2,2,group2_29.png,group2_29,2,True,98,47
group2_20.png,group2_20,2,group2_5.png,group2_5,2,True,98,75
group2_20.png,group2_20,2,group2_8.png,group2_8,2,True,98,78
group2_20.png,group2_20,2,group3_18.png,group3_18,3,False,98,94
group2_22.png,group2_22,2,group2_25.png,group2_25,2,True,98,38
group2_22.png,group2_22,2,group2_34.png,group2_34,2,True,98,82
group2_22.png,group2_22,2,group2_42.png,group2_42,2,True,98,122
group2_23.png,group2_23,2,group2_24.png,group2_24,2,True,98,65
group2_23.png,group2_23,2,group2_34.png,group2_34,2,True,98,73
group2_24.png,group2_24,2,group2_7.png,group2_7,2,True,98,67
group2_24.png,group2_24,2,group3_13.png,group3_13,3,False,98,125
group2_24.png,group2_24,2,group4_28.jpg,group4_28,4,False,98,104
group2_25.png,group2_25,2,group2_35.png,group2_35,2,True,98,62
group2_27.png,group2_27,2,group2_35.png,group2_35,2,True,98,58
group2_27.png,group2_27,2,group3_19.png,group3_19,3,False,98,60
group2_29.png,group2_29,2,group2_45.png,group2_45,2,True,98,69
group2_29.png,group2_29,2,group3_13.png,group3_13,3,False,98,96
group2_29.png,group2_29,2,group3_18.png,group3_18,3,False,98,97
group2_3.png,group2_3,2,group2_31.png,group2_31,2,True,98,62
group2_3.png,group2_3,2,group3_16.png,group3_16,3,False,98,105
group2_3.png,group2_3,2,group4_12.jpg,group4_12,4,False,98,96
group2_3.png,group2_3,2,group4_22.jpg,group4_22,4,False,98,116
group2_30.png,group2_30,2,group4_30.jpg,group4_30,4,False,98,107
group2_31.png,group2_31,2,group2_5.png,group2_5,2,True,98,42
group2_34.png,group2_34,2,group2_8.png,group2_8,2,True,98,78
group2_34.png,group2_34,2,group3_29.png,group3_29,3,False,98,117
group2_35.png,group2_35,2,group3_1.jpg,group3_1,3,False,98,134
group2_37.png,group2_37,2,group3_18.png,group3_18,3,False,98,102
group2_38.png,group2_38,2,group3_25.png,group3_25,3,False,98,55
group2_39.png,group2_39,2,group2_7.png,group2_7,2,True,98,65
group2_39.png,group2_39,2,group4_29.jpg,group4_29,4,False,98,102
group2_4.png,group2_4,2,group2_5.png,group2_5,2,True,98,35
group2_41.png,group2_41,2,group4_28.jpg,group4_28,4,False,98,110
group2_6.png,group2_6,2,group4_28.jpg,group4_28,4,False,98,131
group2_9.png,group2_9,2,group3_5.jpg,group3_5,3,False,98,89
group3_13.png,group3_13,3,group3_18.png,group3_18,3,True,98,93
group3_19.png,group3_19,3,group3_20.png,group3_20,3,True,98,62
group3_24.png,group3_24,3,group3_8.jpg,group3_8,3,True,98,64
group3_24.png,group3_24,3,group3_9.jpg,group3_9,3,True,98,65
group3_8.jpg,group3_8,3,group3_9.jpg,group3_9,3,True,98,69
group3_8.jpg,group3_8,3,group4_24.jpg,group4_24,4,False,98,90
group4_23.jpg,group4_23,4,group4_25.jpg,group4_25,4,True,98,53
group4_24.jpg,group4_24,4,group4_27.jpg,group4_27,4,True,98,105
group1_1.jpeg,group1_1,1,group1_20.jpg,group1_20,1,True,100,39
group1_1.jpeg,group1_1,1,group1_25.jpg,group1_25,1,True,100,39
group1_1.jpeg,group1_1,1,group2_14.png,group2_14,2,False,100,48
group1_1.jpeg,group1_1,1,group2_19.png,group2_19,2,False,100,46
group1_1.jpeg,group1_1,1,group3_26.png,group3_26,3,False,100,98
group1_1.jpeg,group1_1,1,group4_30.jpg,group4_30,4,False,100,84
group1_10.png,group1_10,1,group1_12.png,group1_12,1,True,100,29
group1_10.png,group1_10,1,group2_26.png,group2_26,2,False,100,77
group1_11.png,group1_11,1,group1_20.jpg,group1_20,1,True,100,48
group1_11.png,group1_11,1,group1_21.jpg,group1_21,1,True,100,66
group1_11.png,group1_11,1,group1_24.jpg,group1_24,1,True,100,26
group1_11.png,group1_11,1,group1_4.png,group1_4,1,True,100,21
group1_11.png,group1_11,1,group2_3.png,group2_3,2,False,100,49
group1_13.png,group1_13,1,group2_39.png,group2_39,2,False,100,34
group1_14.png,group1_14,1,group2_24.png,group2_24,2,False,100,50
group1_14.png,group1_14,1,group2_37.png,group2_37,2,False,100,28
group1_14.png,group1_14,1,group2_41.png,group2_41,2,False,100,52
group1_14.png,group1_14,1,group2_42.png,group2_42,2,False,100,84
group1_14.png,group1_14,1,group2_44.png,group2_44,2,False,100,48
group1_14.png,group1_14,1,group3_9.jpg,group3_9,3,False,100,101
group1_15.png,group1_15,1,group2_38.png,group2_38,2,False,100,47
group1_16.png,group1_16,1,group1_20.jpg,group1_20,1,True,100,50
group1_16.png,group1_16,1,group1_8.png,group1_8,1,True,100,83
group1_16.png,group1_16,1,group3_24.png,group3_24,3,False,100,48
group1_16.png,group1_16,1,group4_30.jpg,group4_30,4,False,100,53
group1_19.jpg,group1_19,1,group1_2.png,group1_2,1,True,100,35
group1_19.jpg,group1_19,1,group1_8.png,group1_8,1,True,100,48
group1_19.jpg,group1_19,1,group2_20.png,group2_20,2,False,100,49
group1_20.jpg,group1_20,1,group2_14.png,group2_14,2,False,100,39
group1_21.jpg,group1_21,1,group1_24.jpg,group1_24,1,True,100,48
group1_21.jpg,group1_21,1,group3_12.png,group3_12,3,False,100,110
group1_21.jpg,group1_21,1,group4_22.jpg,group4_22,4,False,100,145
group1_22.jpg,group1_22,1,group2_23.png,group2_23,2,False,100,87
group1_23.jpg,group1_23,1,group2_10.png,group2_10,2,False,100,81
group1_25.jpg,group1_25,1,group1_8.png,group1_8,1,True,100,63
group1_25.jpg,group1_25,1,group2_30.png,group2_30,2,False,100,60
group1_26.jpg,group1_26,1,group1_3.png,group1_3,1,True,100,64
group1_3.png,group1_3,1,group3_12.png,group3_12,3,False,100,111
group1_5.png,group1_5,1,group3_10.jpg,group3_10,3,False,100,46
group1_6.png,group1_6,1,group2_24.png,group2_24,2,False,100,59
group1_6.png,group1_6,1,group2_6.png,group2_6,2,False,100,70
group1_6.png,group1_6,1,group4_29.jpg,group4_29,4,False,100,115
group1_9.png,group1_9,1,group2_37.png,group2_37,2,False,100,41
group2_1.png,group2_1,2,group2_45.png,group2_45,2,True,100,123
group2_10.png,group2_10,2,group2_15.png,group2_15,2,True,100,51
group2_10.png,group2_10,2,group2_37.png,group2_37,2,True,100,39
group2_10.png,group2_10,2,group3_10.jpg,group3_10,3,False,100,75
group2_11.png,group2_11,2,group3_8.jpg,group3_8,3,False,100,104
group2_11.png,group2_11,2,group4_29.jpg,group4_29,4,False,100,140
group2_12.png,group2_12,2,group3_25.png,group3_25,3,False,100,135
group2_13.png,group2_13,2,group2_20.png,group2_20,2,True,100,48
group2_13.png,group2_13,2,group4_24.jpg,group4_24,4,False,100,72
group2_14.png,group2_14,2,group2_44.png,group2_44,2,True,100,43
group2_14.png,group2_14,2,group3_16.png,group3_16,3,False,100,91
group2_15.png,group2_15,2,group2_6.png,group2_6,2,True,100,59
group2_15.png,group2_15,2,group3_23.png,group3_23,3,False,100,97
group2_15.png,group2_15,2,group4_29.jpg,group4_29,4,False,100,128
group2_17.png,group2_17,2,group3_22.png,group3_22,3,False,100,81
group2_18.png,group2_18,2,group2_33.png,group2_33,2,True,100,29
group2_19.png,group2_19,2,group3_16.png,group3_16,3,False,100,105
group2_19.png,group2_19,2,group3_25.png,group3_25,3,False,100,60
group2_19.png,group2_19,2,group4_30.jpg,group4_30,4,False,100,70
group2_2.png,group2_2,2,group2_37.png,group2_37,2,True,100,64
group2_2.png,group2_2,2,group3_18.png,group3_18,3,False,100,88
group2_2.png,group2_2,2,group3_20.png,group3_20,3,False,100,56
group2_2.png,group2_2,2,group3_7.jpg,group3_7,3,False,100,50
group2_20.png,group2_20,2,group2_37.png,group2_37,2,True,100,30
group2_20.png,group2_20,2,group2_9.png,group2_9,2,True,100,36
group2_20.png,group2_20,2,group3_21.png,group3_21,3,False,100,73
group2_21.png,group2_21,2,group2_38.png,group2_38,2,True,100,38
group2_22.png,group2_22,2,group2_27.png,group2_27,2,True,100,42
group2_22.png,group2_22,2,group2_38.png,group2_38,2,True,100,48
group2_22.png,group2_22,2,group2_39.png,group2_39,2,True,100,34
group2_22.png,group2_22,2,group4_29.jpg,group4_29,4,False,100,82
group2_23.png,group2_23,2,group2_25.png,group2_25,2,True,100,91
group2_23.png,group2_23,2,group4_1.jpg,group4_1,4,False,100,150
group2_24.png,group2_24,2,group4_29.jpg,group4_29,4,False,100,88
group2_25.png,group2_25,2,group2_31.png,group2_31,2,True,100,29
group2_26.png,group2_26,2,group2_36.png,group2_36,2,True,100,60
group2_26.png,group2_26,2,group2_42.png,group2_42,2,True,100,116
group2_27.png,group2_27,2,group2_8.png,group2_8,2,True,100,64
group2_28.png,group2_28,2,group3_26.png,group3_26,3,False,100,96
group2_29.png,group2_29,2,group2_44.png,group2_44,2,True,100,71
group2_29.png,group2_29,2,group3_29.png,group3_29,3,False,100,82
group2_29.png,group2_29,2,group4_29.jpg,group4_29,4,False,100,105
group2_3.png,group2_3,2,group2_44.png,group2_44,2,True,100,79
group2_3.png,group2_3,2,group2_8.png,group2_8,2,True,100,43
group2_30.png,group2_30,2,group3_26.png,group3_26,3,False,100,93
group2_32.png,group2_32,2,group3_8.jpg,group3_8,3,False,100,67
group2_32.png,group2_32,2,group4_27.jpg,group4_27,4,False,100,132
group2_33.png,group2_33,2,group4_4.jpg,group4_4,4,False,100,99
group2_34.png,group2_34,2,group3_18.png,group3_18,3,False,100,106
group2_35.png,group2_35,2,group4_22.jpg,group4_22,4,False,100,93
group2_36.png,group2_36,2,group3_25.png,group3_25,3,False,100,51
group2_38.png,group2_38,2,group3_18.png,group3_18,3,False,100,120
group2_39.png,group2_39,2,group2_9.png,group2_9,2,True,100,40
group2_4.png,group2_4,2,group4_22.jpg,group4_22,4,False,100,93
group2_4.png,group2_4,2,group4_28.jpg,group4_28,4,False,100,80
group2_42.png,group2_42,2,group2_9.png,group2_9,2,True,100,68
group2_42.png,group2_42,2,group3_21.png,group3_21,3,False,100,119
group2_42.png,group2_42,2,group4_24.jpg,group4_24,4,False,100,84
group2_43.png,group2_43,2,group2_44.png,group2_44,2,True,100,51
group2_45.png,group2_45,2,group3_23.png,group3_23,3,False,100,87
group2_5.png,group2_5,2,group3_24.png,group3_24,3,False,100,53
group2_9.png,group2_9,2,group4_29.jpg,group4_29,4,False,100,134
group3_10.jpg,group3_10,3,group3_21.png,group3_21,3,True,100,29
group3_11.jpg,group3_11,3,group3_2.jpg,group3_2,3,True,100,91
group3_12.png,group3_12,3,group3_15.png,group3_15,3,True,100,79
group3_16.png,group3_16,3,group4_12.jpg,group4_12,4,False,100,57
group3_18.png,group3_18,3,group3_20.png,group3_20,3,True,100,120
group3_2.jpg,group3_2,3,group3_8.jpg,group3_8,3,True,100,73
group3_22.png,group3_22,3,group3_23.png,group3_23,3,True,100,64
group4_26.jpg,group4_26,4,group4_30.jpg,group4_30,4,True,100,61
group1_1.jpeg,group1_1,1,group2_16.png,group2_16,2,False,102,55
group1_1.jpeg,group1_1,1,group3_17.png,group3_17,3,False,102,49
group1_10.png,group1_10,1,group2_6.png,group2_6,2,False,102,36
group1_11.png,group1_11,1,group2_8.png,group2_8,2,False,102,58
group1_11.png,group1_11,1,group4_9.jpg,group4_9,4,False,102,199
group1_14.png,group1_14,1,group1_8.png,group1_8,1,True,102,55
group1_14.png,group1_14,1,group2_25.png,group2_25,2,False,102,32
group1_14.png,group1_14,1,group3_21.png,group3_21,3,False,102,45
group1_15.png,group1_15,1,group2_23.png,group2_23,2,False,102,72
group1_15.png,group1_15,1,group3_28.png,group3_28,3,False,102,194
group1_15.png,group1_15,1,group3_29 2.png,group3_29 2,3,False,102,116
group1_15.png,group1_15,1,group3_29.png,group3_29,3,False,102,116
group1_16.png,group1_16,1,group1_24.jpg,group1_24,1,True,102,26
group1_16.png,group1_16,1,group2_18.png,group2_18,2,False,102,52
group1_18.png,group1_18,1,group3_13.png,group3_13,3,False,102,114
group1_19.jpg,group1_19,1,group2_3.png,group2_3,2,False,102,62
group1_19.jpg,group1_19,1,group2_33.png,group2_33,2,False,102,34
group1_2.png,group1_2,1,group1_8.png,group1_8,1,True,102,41
group1_21.jpg,group1_21,1,group1_8.png,group1_8,1,True,102,53
group1_21.jpg,group1_21,1,group2_32.png,group2_32,2,False,102,35
group1_21.jpg,group1_21,1,group2_4.png,group2_4,2,False,102,64
group1_22.jpg,group1_22,1,group1_6.png,group1_6,1,True,102,57
group1_22.jpg,group1_22,1,group2_22.png,group2_22,2,False,102,68
group1_22.jpg,group1_22,1,group2_39.png,group2_39,2,False,102,68
group1_22.jpg,group1_22,1,group2_45.png,group2_45,2,False,102,102
group1_22.jpg,group1_22,1,group3_13.png,group3_13,3,False,102,109
group1_22.jpg,group1_22,1,group3_8.jpg,group3_8,3,False,102,68
group1_23.jpg,group1_23,1,group3_3.jpg,group3_3,3,False,102,97
group1_23.jpg,group1_23,1,group4_24.jpg,group4_24,4,False,102,106
group1_24.jpg,group1_24,1,group1_4.png,group1_4,1,True,102,37
group1_24.jpg,group1_24,1,group2_16.png,group2_16,2,False,102,40
group1_24.jpg,group1_24,1,group3_16.png,group3_16,3,False,102,98
group1_24.jpg,group1_24,1,group4_30.jpg,group4_30,4,False,102,67
group1_25.jpg,group1_25,1,group2_4.png,group2_4,2,False,102,44
group1_25.jpg,group1_25,1,group3_10.jpg,group3_10,3,False,102,44
group1_25.jpg,group1_25,1,group4_11.jpg,group4_11,4,False,102,137
group1_4.png,group1_4,1,group2_30.png,group2_30,2,False,102,75
group1_5.png,group1_5,1,group1_8.png,group1_8,1,True,102,67
group1_5.png,group1_5,1,group2_22.png,group2_22,2,False,102,38
group1_6.png,group1_6,1,group2_39.png,group2_39,2,False,102,37
group1_6.png,group1_6,1,group2_8.png,group2_8,2,False,102,73
group1_8.png,group1_8,1,group2_22.png,group2_22,2,False,102,89
group1_9.png,group1_9,1,group2_22.png,group2_22,2,False,102,75
group2_10.png,group2_10,2,group2_20.png,group2_20,2,True,102,57
group2_10.png,group2_10,2,group2_38.png,group2_38,2,True,102,41
group2_10.png,group2_10,2,group2_40.png,group2_40,2,True,102,68
group2_10.png,group2_10,2,group2_7.png,group2_7,2,True,102,66
group2_10.png,group2_10,2,group3_21.png,group3_21,3,False,102,64
group2_10.png,group2_10,2,group3_26.png,group3_26,3,False,102,96
group2_10.png,group2_10,2,group4_23.jpg,group4_23,4,False,102,82
group2_11.png,group2_11,2,group2_20.png,group2_20,2,True,102,48
group2_11.png,group2_11,2,group3_29 2.png,group3_29 2,3,False,102,119
group2_11.png,group2_11,2,group3_5.jpg,group3_5,3,False,102,79
group2_13.png,group2_13,2,group2_25.png,group2_25,2,True,102,30
group2_13.png,group2_13,2,group4_25.jpg,group4_25,4,False,102,80
group2_14.png,group2_14,2,group2_25.png,group2_25,2,True,102,31
group2_14.png,group2_14,2,group2_4.png,group2_4,2,True,102,57
group2_14.png,group2_14,2,group4_26.jpg,group4_26,4,False,102,123
group2_15.png,group2_15,2,group3_13.png,group3_13,3,False,102,115
group2_15.png,group2_15,2,group3_18.png,group3_18,3,False,102,100
group2_16.png,group2_16,2,group2_18.png,group2_18,2,True,102,50
group2_16.png,group2_16,2,group2_3.png,group2_3,2,True,102,33
group2_18.png,group2_18,2,group3_25.png,group3_25,3,False,102,63
group2_18.png,group2_18,2,group3_8.jpg,group3_8,3,False,102,72
group2_19.png,group2_19,2,group2_34.png,group2_34,2,True,102,73
group2_20.png,group2_20,2,group2_29.png,group2_29,2,True,102,75
group2_20.png,group2_20,2,group2_32.png,group2_32,2,True,102,53
group2_20.png,group2_20,2,group4_22.jpg,group4_22,4,False,102,107
group2_20.png,group2_20,2,group4_24.jpg,group4_24,4,False,102,68
group2_21.png,group2_21,2,group2_8.png,group2_8,2,True,102,80
group2_21.png,group2_21,2,group3_29.png,group3_29,3,False,102,109
group2_22.png,group2_22,2,group3_18.png,group3_18,3,False,102,78
group2_22.png,group2_22,2,group3_8.jpg,group3_8,3,False,102,34
group2_23.png,group2_23,2,group2_29.png,group2_29,2,True,102,80
group2_24.png,group2_24,2,group2_37.png,group2_37,2,True,102,60
group2_24.png,group2_24,2,group4_4.jpg,group4_4,4,False,102,122
group2_25.png,group2_25,2,group2_33.png,group2_33,2,True,102,29
group2_27.png,group2_27,2,group2_9.png,group2_9,2,True,102,24
group2_27.png,group2_27,2,group3_29 2.png,group3_29 2,3,False,102,109
group2_27.png,group2_27,2,group3_9.jpg,group3_9,3,False,102,101
group2_28.png,group2_28,2,group3_30.png,group3_30,3,False,102,110
group2_29.png,group2_29,2,group2_39.png,group2_39,2,True,102,45
group2_29.png,group2_29,2,group2_7.png,group2_7,2,True,102,80
group2_29.png,group2_29,2,group3_7.jpg,group3_7,3,False,102,75
group2_3.png,group2_3,2,group2_30.png,group2_30,2,True,102,63
group2_3.png,group2_3,2,group4_26.jpg,group4_26,4,False,102,111
group2_3.png,group2_3,2,group4_30.jpg,group4_30,4,False,102,72
group2_30.png,group2_30,2,group2_32.png,group2_32,2,True,102,51
group2_31.png,group2_31,2,group2_36.png,group2_36,2,True,102,37
group2_34.png,group2_34,2,group2_44.png,group2_44,2,True,102,48
group2_34.png,group2_34,2,group3_11.jpg,group3_11,3,False,102,86
group2_34.png,group2_34,2,group3_28.png,group3_28,3,False,102,197
group2_36.png,group2_36,2,group2_6.png,group2_6,2,True,102,59
group2_37.png,group2_37,2,group3_7.jpg,group3_7,3,False,102,96
group2_37.png,group2_37,2,group3_9.jpg,group3_9,3,False,102,101
group2_38.png,group2_38,2,group2_44.png,group2_44,2,True,102,64
group2_38.png,group2_38,2,group2_6.png,group2_6,2,True,102,57
group2_38.png,group2_38,2,group2_7.png,group2_7,2,True,102,59
group2_4.png,group2_4,2,group3_3.jpg,group3_3,3,False,102,93
group2_41.png,group2_41,2,group3_28.png,group3_28,3,False,102,201
group2_44.png,group2_44,2,group2_8.png,group2_8,2,True,102,82
group2_45.png,group2_45,2,group3_18.png,group3_18,3,False,102,102
group2_45.png,group2_45,2,group3_2.jpg,group3_2,3,False,102,95
group2_5.png,group2_5,2,group4_25.jpg,group4_25,4,False,102,55
group2_7.png,group2_7,2,group3_24.png,group3_24,3,False,102,83
group2_7.png,group2_7,2,group3_3.jpg,group3_3,3,False,102,108
group2_8.png,group2_8,2,group3_18.png,group3_18,3,False,102,80
group2_8.png,group2_8,2,group3_20.png,group3_20,3,False,102,86
group2_8.png,group2_8,2,group4_26.jpg,group4_26,4,False,102,98
group2_9.png,group2_9,2,group3_8.jpg,group3_8,3,False,102,76
group3_10.jpg,group3_10,3,group3_11.jpg,group3_11,3,True,102,44
group3_11.jpg,group3_11,3,group3_19.png,group3_19,3,True,102,82
group3_13.png,group3_13,3,group3_3.jpg,group3_3,3,True,102,110
group3_15.png,group3_15,3,group3_5.jpg,group3_5,3,True,102,132
group3_19.png,group3_19,3,group3_21.png,group3_21,3,True,102,69
group3_19.png,group3_19,3,group3_9.jpg,group3_9,3,True,102,101
group3_20.png,group3_20,3,group4_28.jpg,group4_28,4,False,102,94
group4_1.jpg,group4_1,4,group4_18.jpg,group4_18,4,True,102,99
group4_18.jpg,group4_18,4,group4_5.jpg,group4_5,4,True,102,75
group4_19.jpg,group4_19,4,group4_25.jpg,group4_25,4,True,102,120
group1_1.jpeg,group1_1,1,group1_4.png,group1_4,1,True,104,56
group1_1.jpeg,group1_1,1,group2_30.png,group2_30,2,False,104,45
group1_1.jpeg,group1_1,1,group2_32.png,group2_32,2,False,104,28
group1_1.jpeg,group1_1,1,group2_8.png,group2_8,2,False,104,69
group1_1.jpeg,group1_1,1,group3_10.jpg,group3_10,3,False,104,61
group1_10.png,group1_10,1,group1_23.jpg,group1_23,1,True,104,91
group1_10.png,group1_10,1,group2_29.png,group2_29,2,False,104,72
group1_10.png,group1_10,1,group2_7.png,group2_7,2,False,104,44
group1_11.png,group1_11,1,group2_13.png,group2_13,2,False,104,42
group1_11.png,group1_11,1,group2_19.png,group2_19,2,False,104,27
group1_11.png,group1_11,1,group3_14.png,group3_14,3,False,104,70
group1_12.png,group1_12,1,group1_7.png,group1_7,1,True,104,44
group1_13.png,group1_13,1,group1_22.jpg,group1_22,1,True,104,80
group1_13.png,group1_13,1,group1_9.png,group1_9,1,True,104,39
group1_13.png,group1_13,1,group3_2.jpg,group3_2,3,False,104,105
group1_13.png,group1_13,1,group4_29.jpg,group4_29,4,False,104,112
group1_14.png,group1_14,1,group1_19.jpg,group1_19,1,True,104,29
group1_14.png,group1_14,1,group2_22.png,group2_22,2,False,104,48
group1_14.png,group1_14,1,group2_36.png,group2_36,2,False,104,30
group1_14.png,group1_14,1,group2_4.png,group2_4,2,False,104,58
group1_14.png,group1_14,1,group2_5.png,group2_5,2,False,104,49
group1_14.png,group1_14,1,group2_6.png,group2_6,2,False,104,59
group1_16.png,group1_16,1,group1_19.jpg,group1_19,1,True,104,63
group1_16.png,group1_16,1,group2_27.png,group2_27,2,False,104,54
group1_16.png,group1_16,1,group3_10.jpg,group3_10,3,False,104,32
group1_18.png,group1_18,1,group2_40.png,group2_40,2,False,104,76
group1_19.jpg,group1_19,1,group2_34.png,group2_34,2,False,104,53
group1_19.jpg,group1_19,1,group3_16.png,group3_16,3,False,104,89
group1_20.jpg,group1_20,1,group1_21.jpg,group1_21,1,True,104,36
group1_20.jpg,group1_20,1,group2_30.png,group2_30,2,False,104,58
group1_20.jpg,group1_20,1,group2_5.png,group2_5,2,False,104,53
group1_20.jpg,group1_20,1,group4_23.jpg,group4_23,4,False,104,83
group1_21.jpg,group1_21,1,group2_25.png,group2_25,2,False,104,44
group1_21.jpg,group1_21,1,group3_16.png,group3_16,3,False,104,90
group1_21.jpg,group1_21,1,group4_13.jpg,group4_13,4,False,104,143
group1_22.jpg,group1_22,1,group1_23.jpg,group1_23,1,True,104,48
group1_22.jpg,group1_22,1,group2_2.png,group2_2,2,False,104,70
group1_22.jpg,group1_22,1,group3_15.png,group3_15,3,False,104,81
group1_23.jpg,group1_23,1,group2_9.png,group2_9,2,False,104,82
group1_23.jpg,group1_23,1,group3_18.png,group3_18,3,False,104,86
group1_23.jpg,group1_23,1,group3_24.png,group3_24,3,False,104,66
group1_24.jpg,group1_24,1,group1_5.png,group1_5,1,True,104,34
group1_24.jpg,group1_24,1,group2_35.png,group2_35,2,False,104,48
group1_24.jpg,group1_24,1,group2_44.png,group2_44,2,False,104,72
group1_25.jpg,group1_25,1,group1_7.png,group1_7,1,True,104,56
group1_25.jpg,group1_25,1,group4_30.jpg,group4_30,4,False,104,69
group1_26.jpg,group1_26,1,group2_10.png,group2_10,2,False,104,72
group1_26.jpg,group1_26,1,group4_24.jpg,group4_24,4,False,104,93
group1_3.png,group1_3,1,group4_23.jpg,group4_23,4,False,104,92
group1_3.png,group1_3,1,group4_25.jpg,group4_25,4,False,104,83
group1_4.png,group1_4,1,group3_25.png,group3_25,3,False,104,68
group1_5.png,group1_5,1,group2_14.png,group2_14,2,False,104,53
group1_5.png,group1_5,1,group2_18.png,group2_18,2,False,104,40
group1_5.png,group1_5,1,group2_44.png,group2_44,2,False,104,74
group1_5.png,group1_5,1,group3_8.jpg,group3_8,3,False,104,56
group1_6.png,group1_6,1,group2_15.png,group2_15,2,False,104,65
group1_6.png,group1_6,1,group4_27.jpg,group4_27,4,False,104,130
group1_8.png,group1_8,1,group2_2.png,group2_2,2,False,104,87
group1_9.png,group1_9,1,group3_13.png,group3_13,3,False,104,100
group2_1.png,group2_1,2,group2_23.png,group2_23,2,True,104,130
group2_10.png,group2_10,2,group2_22.png,group2_22,2,True,104,57
group2_10.png,group2_10,2,group2_35.png,group2_35,2,True,104,47
group2_10.png,group2_10,2,group2_42.png,group2_42,2,True,104,87
group2_11.png,group2_11,2,group2_18.png,group2_18,2,True,104,50
group2_11.png,group2_11,2,group2_9.png,group2_9,2,True,104,44
group2_11.png,group2_11,2,group3_11.jpg,group3_11,3,False,104,104
group2_11.png,group2_11,2,group3_22.png,group3_22,3,False,104,109
group2_11.png,group2_11,2,group3_23.png,group3_23,3,False,104,103
group2_13.png,group2_13,2,group2_31.png,group2_31,2,True,104,17
group2_13.png,group2_13,2,group4_22.jpg,group4_22,4,False,104,119
group2_14.png,group2_14,2,group3_26.png,group3_26,3,False,104,110
group2_15.png,group2_15,2,group2_17.png,group2_17,2,True,104,88
group2_15.png,group2_15,2,group2_18.png,group2_18,2,True,104,42
group2_15.png,group2_15,2,group2_2.png,group2_2,2,True,104,58
group2_16.png,group2_16,2,group2_31.png,group2_31,2,True,104,43
group2_16.png,group2_16,2,group2_32.png,group2_32,2,True,104,51
group2_16.png,group2_16,2,group2_44.png,group2_44,2,True,104,80
group2_16.png,group2_16,2,group3_17.png,group3_17,3,False,104,46
group2_17.png,group2_17,2,group3_13.png,group3_13,3,False,104,119
group2_18.png,group2_18,2,group2_3.png,group2_3,2,True,104,49
group2_18.png,group2_18,2,group2_37.png,group2_37,2,True,104,34
group2_18.png,group2_18,2,group2_42.png,group2_42,2,True,104,82
group2_18.png,group2_18,2,group2_7.png,group2_7,2,True,104,51
group2_18.png,group2_18,2,group3_18.png,group3_18,3,False,104,106
group2_18.png,group2_18,2,group3_20.png,group3_20,3,False,104,70
group2_18.png,group2_18,2,group3_24.png,group3_24,3,False,104,68
group2_19.png,group2_19,2,group2_8.png,group2_8,2,True,104,61
group2_2.png,group2_2,2,group2_41.png,group2_41,2,True,104,58
group2_2.png,group2_2,2,group3_15.png,group3_15,3,False,104,77
group2_2.png,group2_2,2,group3_9.jpg,group3_9,3,False,104,77
group2_20.png,group2_20,2,group2_36.png,group2_36,2,True,104,32
group2_20.png,group2_20,2,group3_29 2.png,group3_29 2,3,False,104,115
group2_20.png,group2_20,2,group3_5.jpg,group3_5,3,False,104,83
group2_21.png,group2_21,2,group2_4.png,group2_4,2,True,104,48
group2_22.png,group2_22,2,group2_5.png,group2_5,2,True,104,23
group2_22.png,group2_22,2,group3_28.png,group3_28,3,False,104,199
group2_22.png,group2_22,2,group3_29 2.png,group3_29 2,3,False,104,73
group2_22.png,group2_22,2,group4_28.jpg,group4_28,4,False,104,90
group2_23.png,group2_23,2,group2_39.png,group2_39,2,True,104,87
group2_23.png,group2_23,2,group2_6.png,group2_6,2,True,104,92
group2_23.png,group2_23,2,group3_29.png,group3_29,3,False,104,120
group2_23.png,group2_23,2,group3_5.jpg,group3_5,3,False,104,90
group2_24.png,group2_24,2,group2_42.png,group2_42,2,True,104,92
group2_25.png,group2_25,2,group2_29.png,group2_29,2,True,104,43
group2_25.png,group2_25,2,group2_3.png,group2_3,2,True,104,63
group2_25.png,group2_25,2,group2_42.png,group2_42,2,True,104,98
group2_25.png,group2_25,2,group2_44.png,group2_44,2,True,104,58
group2_25.png,group2_25,2,group2_5.png,group2_5,2,True,104,51
group2_25.png,group2_25,2,group4_23.jpg,group4_23,4,False,104,79
group2_26.png,group2_26,2,group2_6.png,group2_6,2,True,104,85
group2_27.png,group2_27,2,group2_36.png,group2_36,2,True,104,42
group2_27.png,group2_27,2,group3_16.png,group3_16,3,False,104,88
group2_29.png,group2_29,2,group2_34.png,group2_34,2,True,104,73
group2_3.png,group2_3,2,group2_41.png,group2_41,2,True,104,31
group2_30.png,group2_30,2,group2_31.png,group2_31,2,True,104,55
group2_30.png,group2_30,2,group2_5.png,group2_5,2,True,104,77
group2_30.png,group2_30,2,group2_8.png,group2_8,2,True,104,68
group2_33.png,group2_33,2,group2_44.png,group2_44,2,True,104,51
group2_34.png,group2_34,2,group2_9.png,group2_9,2,True,104,38
group2_34.png,group2_34,2,group3_23.png,group3_23,3,False,104,103
group2_36.png,group2_36,2,group2_42.png,group2_42,2,True,104,88
group2_37.png,group2_37,2,group2_39.png,group2_39,2,True,104,54
group2_37.png,group2_37,2,group3_13.png,group3_13,3,False,104,103
group2_37.png,group2_37,2,group3_24.png,group3_24,3,False,104,72
group2_37.png,group2_37,2,group3_3.jpg,group3_3,3,False,104,121
group2_37.png,group2_37,2,group4_23.jpg,group4_23,4,False,104,97
group2_38.png,group2_38,2,group2_41.png,group2_41,2,True,104,74
group2_38.png,group2_38,2,group2_42.png,group2_42,2,True,104,88
group2_38.png,group2_38,2,group2_9.png,group2_9,2,True,104,38
group2_38.png,group2_38,2,group3_15.png,group3_15,3,False,104,81
group2_38.png,group2_38,2,group3_8.jpg,group3_8,3,False,104,58
group2_38.png,group2_38,2,group4_28.jpg,group4_28,4,False,104,126
group2_4.png,group2_4,2,group3_28.png,group3_28,3,False,104,191
group2_41.png,group2_41,2,group3_29.png,group3_29,3,False,104,97
group2_41.png,group2_41,2,group3_3.jpg,group3_3,3,False,104,99
group2_41.png,group2_41,2,group3_8.jpg,group3_8,3,False,104,90
group2_42.png,group2_42,2,group2_8.png,group2_8,2,True,104,108
group2_42.png,group2_42,2,group3_3.jpg,group3_3,3,False,104,135
group2_43.png,group2_43,2,group3_16.png,group3_16,3,False,104,89
group2_45.png,group2_45,2,group3_9.jpg,group3_9,3,False,104,115
group2_6.png,group2_6,2,group3_29.png,group3_29,3,False,104,128
group2_6.png,group2_6,2,group3_7.jpg,group3_7,3,False,104,109
group2_7.png,group2_7,2,group3_11.jpg,group3_11,3,False,104,95
group2_7.png,group2_7,2,group3_13.png,group3_13,3,False,104,92
group2_7.png,group2_7,2,group3_5.jpg,group3_5,3,False,104,70
group2_8.png,group2_8,2,group3_8.jpg,group3_8,3,False,104,80
group2_8.png,group2_8,2,group4_22.jpg,group4_22,4,False,104,93
group2_9.png,group2_9,2,group4_7.jpg,group4_7,4,False,104,125
group3_13.png,group3_13,3,group4_29.jpg,group4_29,4,False,104,115
group3_14.png,group3_14,3,group3_20.png,group3_20,3,True,104,108
group3_17.png,group3_17,3,group3_6.jpg,group3_6,3,True,104,56
group3_2.jpg,group3_2,3,group3_21.png,group3_21,3,True,104,82
group3_20.png,group3_20,3,group4_24.jpg,group4_24,4,False,104,98
group3_21.png,group3_21,3,group3_7.jpg,group3_7,3,True,104,53
group3_28.png,group3_28,3,group3_3.jpg,group3_3,3,True,104,114
group3_3.jpg,group3_3,3,group3_7.jpg,group3_7,3,True,104,113
group3_6.jpg,group3_6,3,group4_16.jpg,group4_16,4,False,104,163
group3_8.jpg,group3_8,3,group4_27.jpg,group4_27,4,False,104,91
group4_20.jpg,group4_20,4,group4_7.jpg,group4_7,4,True,104,113
group4_24.jpg,group4_24,4,group4_9.jpg,group4_9,4,True,104,155
group4_28.jpg,group4_28,4,group4_4.jpg,group4_4,4,True,104,94
group1_1.jpeg,group1_1,1,group1_19.jpg,group1_19,1,True,106,46
group1_1.jpeg,group1_1,1,group2_28.png,group2_28,2,False,106,56
group1_1.jpeg,group1_1,1,group2_3.png,group2_3,2,False,106,64
group1_10.png,group1_10,1,group2_22.png,group2_22,2,False,106,77
group1_10.png,group1_10,1,group2_39.png,group2_39,2,False,106,67
group1_11.png,group1_11,1,group1_19.jpg,group1_19,1,True,106,59
group1_11.png,group1_11,1,group2_32.png,group2_32,2,False,106,57
group1_11.png,group1_11,1,group3_12.png,group3_12,3,False,106,86
group1_11.png,group1_11,1,group3_17.png,group3_17,3,False,106,38
group1_11.png,group1_11,1,group4_24.jpg,group4_24,4,False,106,92
group1_12.png,group1_12,1,group2_19.png,group2_19,2,False,106,55
group1_13.png,group1_13,1,group2_45.png,group2_45,2,False,106,42
group1_14.png,group1_14,1,group1_9.png,group1_9,1,True,106,33
group1_14.png,group1_14,1,group2_10.png,group2_10,2,False,106,37
group1_14.png,group1_14,1,group2_29.png,group2_29,2,False,106,51
group1_14.png,group1_14,1,group2_7.png,group2_7,2,False,106,53
group1_15.png,group1_15,1,group1_19.jpg,group1_19,1,True,106,42
group1_15.png,group1_15,1,group1_6.png,group1_6,1,True,106,42
group1_15.png,group1_15,1,group2_37.png,group2_37,2,False,106,53
group1_15.png,group1_15,1,group3_15.png,group3_15,3,False,106,122
group1_15.png,group1_15,1,group4_29.jpg,group4_29,4,False,106,135
group1_16.png,group1_16,1,group1_4.png,group1_4,1,True,106,21
group1_16.png,group1_16,1,group2_21.png,group2_21,2,False,106,62
group1_17.png,group1_17,1,group2_11.png,group2_11,2,False,106,65
group1_17.png,group1_17,1,group3_16.png,group3_16,3,False,106,105
group1_18.png,group1_18,1,group4_10.jpg,group4_10,4,False,106,61
group1_19.jpg,group1_19,1,group1_21.jpg,group1_21,1,True,106,45
group1_19.jpg,group1_19,1,group2_13.png,group2_13,2,False,106,23
group1_19.jpg,group1_19,1,group2_30.png,group2_30,2,False,106,53
group1_19.jpg,group1_19,1,group3_10.jpg,group3_10,3,False,106,75
group1_19.jpg,group1_19,1,group4_26.jpg,group4_26,4,False,106,109
group1_2.png,group1_2,1,group2_29.png,group2_29,2,False,106,59
group1_2.png,group1_2,1,group2_35.png,group2_35,2,False,106,58
group1_2.png,group1_2,1,group2_45.png,group2_45,2,False,106,46
group1_20.jpg,group1_20,1,group1_7.png,group1_7,1,True,106,48
group1_20.jpg,group1_20,1,group2_13.png,group2_13,2,False,106,34
group1_21.jpg,group1_21,1,group2_14.png,group2_14,2,False,106,49
group1_21.jpg,group1_21,1,group4_26.jpg,group4_26,4,False,106,114
group1_21.jpg,group1_21,1,group4_27.jpg,group4_27,4,False,106,129
group1_22.jpg,group1_22,1,group1_8.png,group1_8,1,True,106,79
group1_22.jpg,group1_22,1,group3_18.png,group3_18,3,False,106,100
group1_22.jpg,group1_22,1,group3_5.jpg,group3_5,3,False,106,95
group1_22.jpg,group1_22,1,group4_29.jpg,group4_29,4,False,106,100
group1_23.jpg,group1_23,1,group2_4.png,group2_4,2,False,106,34
group1_24.jpg,group1_24,1,group2_14.png,group2_14,2,False,106,53
group1_24.jpg,group1_24,1,group2_34.png,group2_34,2,False,106,72
group1_24.jpg,group1_24,1,group2_38.png,group2_38,2,False,106,38
group1_25.jpg,group1_25,1,group1_5.png,group1_5,1,True,106,28
group1_25.jpg,group1_25,1,group2_16.png,group2_16,2,False,106,26
group1_25.jpg,group1_25,1,group2_31.png,group2_31,2,False,106,35
group1_25.jpg,group1_25,1,group2_41.png,group2_41,2,False,106,52
group1_26.jpg,group1_26,1,group2_32.png,group2_32,2,False,106,64
group1_26.jpg,group1_26,1,group2_8.png,group2_8,2,False,106,77
group1_4.png,group1_4,1,group3_26.png,group3_26,3,False,106,98
group1_4.png,group1_4,1,group4_30.jpg,group4_30,4,False,106,58
group1_5.png,group1_5,1,group2_11.png,group2_11,2,False,106,70
group1_5.png,group1_5,1,group2_16.png,group2_16,2,False,106,14
group1_5.png,group1_5,1,group2_20.png,group2_20,2,False,106,64
group1_5.png,group1_5,1,group2_24.png,group2_24,2,False,106,48
group1_5.png,group1_5,1,group3_25.png,group3_25,3,False,106,53
group1_5.png,group1_5,1,group3_29.png,group3_29,3,False,106,93
group1_6.png,group1_6,1,group1_7.png,group1_7,1,True,106,59
group1_6.png,group1_6,1,group2_29.png,group2_29,2,False,106,52
group1_6.png,group1_6,1,group2_45.png,group2_45,2,False,106,57
group1_6.png,group1_6,1,group2_9.png,group2_9,2,False,106,57
group1_6.png,group1_6,1,group3_11.jpg,group3_11,3,False,106,61
group1_6.png,group1_6,1,group3_13.png,group3_13,3,False,106,100
group1_6.png,group1_6,1,group3_24.png,group3_24,3,False,106,85
group1_7.png,group1_7,1,group4_11.jpg,group4_11,4,False,106,131
group1_8.png,group1_8,1,group3_2.jpg,group3_2,3,False,106,108
group2_1.png,group2_1,2,group3_30.png,group3_30,3,False,106,88
group2_1.png,group2_1,2,group4_1.jpg,group4_1,4,False,106,140
group2_1.png,group2_1,2,group4_29.jpg,group4_29,4,False,106,45
group2_11.png,group2_11,2,group2_23.png,group2_23,2,True,106,73
group2_11.png,group2_11,2,group2_34.png,group2_34,2,True,106,48
group2_11.png,group2_11,2,group2_35.png,group2_35,2,True,106,60
group2_11.png,group2_11,2,group2_45.png,group2_45,2,True,106,54
group2_11.png,group2_11,2,group3_13.png,group3_13,3,False,106,93
group2_11.png,group2_11,2,group3_2.jpg,group3_2,3,False,106,125
group2_13.png,group2_13,2,group2_22.png,group2_22,2,True,106,44
group2_13.png,group2_13,2,group2_8.png,group2_8,2,True,106,68
group2_13.png,group2_13,2,group3_15.png,group3_15,3,False,106,81
group2_15.png,group2_15,2,group2_42.png,group2_42,2,True,106,84
group2_15.png,group2_15,2,group4_23.jpg,group4_23,4,False,106,97
group2_16.png,group2_16,2,group2_8.png,group2_8,2,True,106,54
group2_17.png,group2_17,2,group2_26.png,group2_26,2,True,106,68
group2_17.png,group2_17,2,group2_28.png,group2_28,2,True,106,99
group2_17.png,group2_17,2,group2_43.png,group2_43,2,True,106,135
group2_17.png,group2_17,2,group2_45.png,group2_45,2,True,106,98
group2_17.png,group2_17,2,group3_1.jpg,group3_1,3,False,106,108
group2_17.png,group2_17,2,group3_19.png,group3_19,3,False,106,102
group2_18.png,group2_18,2,group2_31.png,group2_31,2,True,106,33
group2_18.png,group2_18,2,group4_22.jpg,group4_22,4,False,106,117
group2_19.png,group2_19,2,group4_11.jpg,group4_11,4,False,106,142
group2_2.png,group2_2,2,group2_34.png,group2_34,2,True,106,80
group2_2.png,group2_2,2,group3_24.png,group3_24,3,False,106,52
group2_2.png,group2_2,2,group3_5.jpg,group3_5,3,False,106,111
group2_2.png,group2_2,2,group4_24.jpg,group4_24,4,False,106,108
group2_2.png,group2_2,2,group4_28.jpg,group4_28,4,False,106,90
group2_20.png,group2_20,2,group2_24.png,group2_24,2,True,106,74
group2_20.png,group2_20,2,group2_4.png,group2_4,2,True,106,68
group2_21.png,group2_21,2,group2_31.png,group2_31,2,True,106,47
group2_21.png,group2_21,2,group2_6.png,group2_6,2,True,106,59
group2_21.png,group2_21,2,group4_24.jpg,group4_24,4,False,106,74
group2_21.png,group2_21,2,group4_28.jpg,group4_28,4,False,106,112
group2_22.png,group2_22,2,group2_7.png,group2_7,2,True,106,75
group2_22.png,group2_22,2,group2_8.png,group2_8,2,True,106,58
group2_22.png,group2_22,2,group3_21.png,group3_21,3,False,106,21
group2_22.png,group2_22,2,group3_24.png,group3_24,3,False,106,42
group2_22.png,group2_22,2,group3_9.jpg,group3_9,3,False,106,67
group2_22.png,group2_22,2,group4_27.jpg,group4_27,4,False,106,101
group2_23.png,group2_23,2,group3_7.jpg,group3_7,3,False,106,109
group2_24.png,group2_24,2,group2_26.png,group2_26,2,True,106,48
group2_24.png,group2_24,2,group2_34.png,group2_34,2,True,106,70
group2_24.png,group2_24,2,group3_15.png,group3_15,3,False,106,101
group2_24.png,group2_24,2,group3_8.jpg,group3_8,3,False,106,74
group2_26.png,group2_26,2,group2_44.png,group2_44,2,True,106,84
group2_27.png,group2_27,2,group2_37.png,group2_37,2,True,106,40
group2_27.png,group2_27,2,group3_25.png,group3_25,3,False,106,55
group2_28.png,group2_28,2,group3_27.png,group3_27,3,False,106,204
group2_29.png,group2_29,2,group2_33.png,group2_33,2,True,106,46
group2_29.png,group2_29,2,group3_5.jpg,group3_5,3,False,106,100
group2_29.png,group2_29,2,group4_23.jpg,group4_23,4,False,106,92
group2_3.png,group2_3,2,group3_10.jpg,group3_10,3,False,106,53
group2_30.png,group2_30,2,group4_24.jpg,group4_24,4,False,106,54
group2_30.png,group2_30,2,group4_25.jpg,group4_25,4,False,106,96
group2_31.png,group2_31,2,group2_4.png,group2_4,2,True,106,47
group2_32.png,group2_32,2,group3_10.jpg,group3_10,3,False,106,61
group2_32.png,group2_32,2,group3_2.jpg,group3_2,3,False,106,108
group2_32.png,group2_32,2,group3_20.png,group3_20,3,False,106,67
group2_32.png,group2_32,2,group4_10.jpg,group4_10,4,False,106,93
group2_32.png,group2_32,2,group4_26.jpg,group4_26,4,False,106,113
group2_33.png,group2_33,2,group2_36.png,group2_36,2,True,106,39
group2_33.png,group2_33,2,group2_37.png,group2_37,2,True,106,29
group2_33.png,group2_33,2,group2_9.png,group2_9,2,True,106,35
group2_33.png,group2_33,2,group3_21.png,group3_21,3,False,106,42
group2_34.png,group2_34,2,group3_2.jpg,group3_2,3,False,106,105
group2_34.png,group2_34,2,group4_27.jpg,group4_27,4,False,106,155
group2_35.png,group2_35,2,group3_25.png,group3_25,3,False,106,89
group2_37.png,group2_37,2,group3_21.png,group3_21,3,False,106,61
group2_37.png,group2_37,2,group4_17.jpg,group4_17,4,False,106,160
group2_38.png,group2_38,2,group2_8.png,group2_8,2,True,106,74
group2_38.png,group2_38,2,group3_5.jpg,group3_5,3,False,106,101
group2_38.png,group2_38,2,group3_9.jpg,group3_9,3,False,106,103
group2_4.png,group2_4,2,group2_44.png,group2_44,2,True,106,80
group2_4.png,group2_4,2,group2_8.png,group2_8,2,True,106,60
group2_4.png,group2_4,2,group3_29.png,group3_29,3,False,106,77
group2_40.png,group2_40,2,group3_19.png,group3_19,3,False,106,97
group2_40.png,group2_40,2,group4_23.jpg,group4_23,4,False,106,44
group2_41.png,group2_41,2,group3_18.png,group3_18,3,False,106,86
group2_42.png,group2_42,2,group2_6.png,group2_6,2,True,106,59
group2_43.png,group2_43,2,group4_22.jpg,group4_22,4,False,106,100
group2_44.png,group2_44,2,group3_25.png,group3_25,3,False,106,81
group2_44.png,group2_44,2,group4_11.jpg,group4_11,4,False,106,135
group2_45.png,group2_45,2,group3_13.png,group3_13,3,False,106,73
group2_45.png,group2_45,2,group3_21.png,group3_21,3,False,106,81
group2_5.png,group2_5,2,group2_9.png,group2_9,2,True,106,67
group2_6.png,group2_6,2,group3_13.png,group3_13,3,False,106,78
group2_6.png,group2_6,2,group3_15.png,group3_15,3,False,106,124
group2_6.png,group2_6,2,group3_25.png,group3_25,3,False,106,78
group2_6.png,group2_6,2,group3_9.jpg,group3_9,3,False,106,116
group2_6.png,group2_6,2,group4_13.jpg,group4_13,4,False,106,164
group2_6.png,group2_6,2,group4_23.jpg,group4_23,4,False,106,118
group2_6.png,group2_6,2,group4_29.jpg,group4_29,4,False,106,125
group2_8.png,group2_8,2,group3_21.png,group3_21,3,False,106,67
group2_8.png,group2_8,2,group4_28.jpg,group4_28,4,False,106,102
group2_9.png,group2_9,2,group3_21.png,group3_21,3,False,106,59
group2_9.png,group2_9,2,group3_9.jpg,group3_9,3,False,106,111
group2_9.png,group2_9,2,group4_28.jpg,group4_28,4,False,106,132
group3_10.jpg,group3_10,3,group3_24.png,group3_24,3,True,106,58
group3_10.jpg,group3_10,3,group4_24.jpg,group4_24,4,False,106,98
group3_11.jpg,group3_11,3,group3_25.png,group3_25,3,True,106,87
group3_13.png,group3_13,3,group3_29.png,group3_29,3,True,106,100
group3_14.png,group3_14,3,group4_24.jpg,group4_24,4,False,106,114
group3_14.png,group3_14,3,group4_5.jpg,group4_5,4,False,106,111
group3_16.png,group3_16,3,group3_17.png,group3_17,3,True,106,108
group3_17.png,group3_17,3,group4_30.jpg,group4_30,4,False,106,69
group3_18.png,group3_18,3,group3_22.png,group3_22,3,True,106,69
group3_18.png,group3_18,3,group3_8.jpg,group3_8,3,True,106,90
group3_18.png,group3_18,3,group4_28.jpg,group4_28,4,False,106,90
group3_20.png,group3_20,3,group3_29.png,group3_29,3,True,106,97
group3_21.png,group3_21,3,group3_23.png,group3_23,3,True,106,84
group3_21.png,group3_21,3,group4_24.jpg,group4_24,4,False,106,93
group3_22.png,group3_22,3,group3_29.png,group3_29,3,True,106,118
group3_23.png,group3_23,3,group3_8.jpg,group3_8,3,True,106,99
group3_25.png,group3_25,3,group4_22.jpg,group4_22,4,False,106,110
group3_27.png,group3_27,3,group4_18.jpg,group4_18,4,False,106,121
group3_29.png,group3_29,3,group4_28.jpg,group4_28,4,False,106,89
group3_30.png,group3_30,3,group4_23.jpg,group4_23,4,False,106,86
group3_7.jpg,group3_7,3,group4_29.jpg,group4_29,4,False,106,74
group3_9.jpg,group3_9,3,group4_29.jpg,group4_29,4,False,106,87
group4_1.jpg,group4_1,4,group4_29.jpg,group4_29,4,True,106,127
group4_12.jpg,group4_12,4,group4_6.jpg,group4_6,4,True,106,114
group4_22.jpg,group4_22,4,group4_23.jpg,group4_23,4,True,106,76
group4_22.jpg,group4_22,4,group4_25.jpg,group4_25,4,True,106,83
group4_30.jpg,group4_30,4,group4_7.jpg,group4_7,4,True,106,138
group1_1.jpeg,group1_1,1,group1_5.png,group1_5,1,True,108,51
group1_1.jpeg,group1_1,1,group2_13.png,group2_13,2,False,108,39
group1_1.jpeg,group1_1,1,group2_38.png,group2_38,2,False,108,33
group1_10.png,group1_10,1,group1_22.jpg,group1_22,1,True,108,111
group1_11.png,group1_11,1,group2_27.png,group2_27,2,False,108,50
group1_11.png,group1_11,1,group2_4.png,group2_4,2,False,108,28
group1_11.png,group1_11,1,group2_43.png,group2_43,2,False,108,109
group1_11.png,group1_11,1,group3_16.png,group3_16,3,False,108,116
group1_12.png,group1_12,1,group1_9.png,group1_9,1,True,108,45
group1_13.png,group1_13,1,group1_18.png,group1_18,1,True,108,79
group1_14.png,group1_14,1,group1_15.png,group1_15,1,True,108,45
group1_14.png,group1_14,1,group1_24.jpg,group1_24,1,True,108,36
group1_14.png,group1_14,1,group2_8.png,group2_8,2,False,108,66
group1_14.png,group1_14,1,group3_20.png,group3_20,3,False,108,60
group1_14.png,group1_14,1,group3_29 2.png,group3_29 2,3,False,108,113
group1_14.png,group1_14,1,group4_24.jpg,group4_24,4,False,108,74
group1_15.png,group1_15,1,group1_20.jpg,group1_20,1,True,108,47
group1_15.png,group1_15,1,group2_45.png,group2_45,2,False,108,29
group1_15.png,group1_15,1,group3_11.jpg,group3_11,3,False,108,83
group1_15.png,group1_15,1,group3_3.jpg,group3_3,3,False,108,120
group1_16.png,group1_16,1,group1_26.jpg,group1_26,1,True,108,47
group1_16.png,group1_16,1,group2_13.png,group2_13,2,False,108,48
group1_16.png,group1_16,1,group2_14.png,group2_14,2,False,108,55
group1_16.png,group1_16,1,group4_27.jpg,group4_27,4,False,108,93
group1_17.png,group1_17,1,group1_5.png,group1_5,1,True,108,47
group1_17.png,group1_17,1,group1_8.png,group1_8,1,True,108,62
group1_17.png,group1_17,1,group2_26.png,group2_26,2,False,108,71
group1_17.png,group1_17,1,group2_44.png,group2_44,2,False,108,67
group1_18.png,group1_18,1,group1_22.jpg,group1_22,1,True,108,93
group1_18.png,group1_18,1,group1_3.png,group1_3,1,True,108,80
group1_19.jpg,group1_19,1,group2_2.png,group2_2,2,False,108,63
group1_2.png,group1_2,1,group2_34.png,group2_34,2,False,108,38
group1_21.jpg,group1_21,1,group2_21.png,group2_21,2,False,108,50
group1_21.jpg,group1_21,1,group2_34.png,group2_34,2,False,108,58
group1_22.jpg,group1_22,1,group2_38.png,group2_38,2,False,108,80
group1_22.jpg,group1_22,1,group3_28.png,group3_28,3,False,108,175
group1_22.jpg,group1_22,1,group3_29.png,group3_29,3,False,108,65
group1_22.jpg,group1_22,1,group3_7.jpg,group3_7,3,False,108,90
group1_23.jpg,group1_23,1,group2_29.png,group2_29,2,False,108,55
group1_23.jpg,group1_23,1,group2_38.png,group2_38,2,False,108,74
group1_23.jpg,group1_23,1,group4_14.jpg,group4_14,4,False,108,151
group1_24.jpg,group1_24,1,group2_20.png,group2_20,2,False,108,60
group1_24.jpg,group1_24,1,group2_21.png,group2_21,2,False,108,54
group1_24.jpg,group1_24,1,group2_8.png,group2_8,2,False,108,54
group1_24.jpg,group1_24,1,group3_25.png,group3_25,3,False,108,71
group1_25.jpg,group1_25,1,group2_18.png,group2_18,2,False,108,38
group1_25.jpg,group1_25,1,group3_26.png,group3_26,3,False,108,95
group1_26.jpg,group1_26,1,group2_42.png,group2_42,2,False,108,133
group1_26.jpg,group1_26,1,group2_5.png,group2_5,2,False,108,60
group1_26.jpg,group1_26,1,group4_23.jpg,group4_23,4,False,108,70
group1_4.png,group1_4,1,group2_31.png,group2_31,2,False,108,46
group1_4.png,group1_4,1,group3_6.jpg,group3_6,3,False,108,49
group1_4.png,group1_4,1,group4_12.jpg,group4_12,4,False,108,114
group1_4.png,group1_4,1,group4_23.jpg,group4_23,4,False,108,56
group1_6.png,group1_6,1,group2_21.png,group2_21,2,False,108,47
group1_6.png,group1_6,1,group2_34.png,group2_34,2,False,108,53
group1_6.png,group1_6,1,group2_37.png,group2_37,2,False,108,71
group1_6.png,group1_6,1,group3_18.png,group3_18,3,False,108,111
group1_6.png,group1_6,1,group3_8.jpg,group3_8,3,False,108,61
group1_7.png,group1_7,1,group2_15.png,group2_15,2,False,108,52
group1_8.png,group1_8,1,group2_11.png,group2_11,2,False,108,49
group1_8.png,group1_8,1,group2_9.png,group2_9,2,False,108,49
group1_8.png,group1_8,1,group3_24.png,group3_24,3,False,108,89
group1_8.png,group1_8,1,group4_24.jpg,group4_24,4,False,108,63
group1_9.png,group1_9,1,group3_29 2.png,group3_29 2,3,False,108,118
group2_1.png,group2_1,2,group3_1.jpg,group3_1,3,False,108,53
group2_1.png,group2_1,2,group3_23.png,group3_23,3,False,108,98
group2_10.png,group2_10,2,group2_28.png,group2_28,2,True,108,58
group2_10.png,group2_10,2,group3_24.png,group3_24,3,False,108,65
group2_10.png,group2_10,2,group3_9.jpg,group3_9,3,False,108,98
group2_10.png,group2_10,2,group4_8.jpg,group4_8,4,False,108,120
group2_11.png,group2_11,2,group2_41.png,group2_41,2,True,108,50
group2_11.png,group2_11,2,group3_18.png,group3_18,3,False,108,96
group2_11.png,group2_11,2,group3_7.jpg,group3_7,3,False,108,102
group2_12.png,group2_12,2,group3_1.jpg,group3_1,3,False,108,158
group2_13.png,group2_13,2,group2_29.png,group2_29,2,True,108,49
group2_13.png,group2_13,2,group2_38.png,group2_38,2,True,108,28
group2_13.png,group2_13,2,group3_24.png,group3_24,3,False,108,64
group2_14.png,group2_14,2,group3_10.jpg,group3_10,3,False,108,73
group2_14.png,group2_14,2,group3_23.png,group3_23,3,False,108,110
group2_14.png,group2_14,2,group4_12.jpg,group4_12,4,False,108,90
group2_15.png,group2_15,2,group3_3.jpg,group3_3,3,False,108,121
group2_16.png,group2_16,2,group2_35.png,group2_35,2,True,108,62
group2_17.png,group2_17,2,group2_27.png,group2_27,2,True,108,92
group2_17.png,group2_17,2,group2_38.png,group2_38,2,True,108,72
group2_17.png,group2_17,2,group3_29 2.png,group3_29 2,3,False,108,95
group2_18.png,group2_18,2,group2_8.png,group2_8,2,True,108,62
group2_18.png,group2_18,2,group3_19.png,group3_19,3,False,108,76
group2_18.png,group2_18,2,group4_28.jpg,group4_28,4,False,108,114
group2_19.png,group2_19,2,group3_26.png,group3_26,3,False,108,104
group2_2.png,group2_2,2,group2_20.png,group2_20,2,True,108,76
group2_2.png,group2_2,2,group2_39.png,group2_39,2,True,108,28
group2_2.png,group2_2,2,group3_21.png,group3_21,3,False,108,23
group2_20.png,group2_20,2,group2_30.png,group2_30,2,True,108,52
group2_20.png,group2_20,2,group2_7.png,group2_7,2,True,108,41
group2_20.png,group2_20,2,group3_14.png,group3_14,3,False,108,112
group2_21.png,group2_21,2,group2_5.png,group2_5,2,True,108,59
group2_21.png,group2_21,2,group3_15.png,group3_15,3,False,108,97
group2_21.png,group2_21,2,group3_25.png,group3_25,3,False,108,55
group2_22.png,group2_22,2,group3_15.png,group3_15,3,False,108,67
group2_22.png,group2_22,2,group3_20.png,group3_20,3,False,108,56
group2_22.png,group2_22,2,group3_7.jpg,group3_7,3,False,108,64
group2_22.png,group2_22,2,group4_23.jpg,group4_23,4,False,108,51
group2_24.png,group2_24,2,group3_22.png,group3_22,3,False,108,97
group2_24.png,group2_24,2,group3_23.png,group3_23,3,False,108,93
group2_24.png,group2_24,2,group3_5.jpg,group3_5,3,False,108,101
group2_25.png,group2_25,2,group2_37.png,group2_37,2,True,108,44
group2_25.png,group2_25,2,group3_16.png,group3_16,3,False,108,102
group2_26.png,group2_26,2,group2_5.png,group2_5,2,True,108,27
group2_27.png,group2_27,2,group2_3.png,group2_3,2,True,108,53
group2_27.png,group2_27,2,group2_41.png,group2_41,2,True,108,54
group2_27.png,group2_27,2,group4_24.jpg,group4_24,4,False,108,78
group2_28.png,group2_28,2,group3_6.jpg,group3_6,3,False,108,61
group2_29.png,group2_29,2,group2_38.png,group2_38,2,True,108,59
group2_29.png,group2_29,2,group3_25.png,group3_25,3,False,108,88
group2_29.png,group2_29,2,group4_13.jpg,group4_13,4,False,108,132
group2_3.png,group2_3,2,group2_35.png,group2_35,2,True,108,51
group2_30.png,group2_30,2,group3_2.jpg,group3_2,3,False,108,101
group2_31.png,group2_31,2,group4_25.jpg,group4_25,4,False,108,81
group2_32.png,group2_32,2,group2_35.png,group2_35,2,True,108,63
group2_32.png,group2_32,2,group2_42.png,group2_42,2,True,108,81
group2_33.png,group2_33,2,group2_42.png,group2_42,2,True,108,97
group2_33.png,group2_33,2,group3_29.png,group3_29,3,False,108,96
group2_34.png,group2_34,2,group3_25.png,group3_25,3,False,108,73
group2_35.png,group2_35,2,group3_24.png,group3_24,3,False,108,56
group2_36.png,group2_36,2,group2_5.png,group2_5,2,True,108,63
group2_36.png,group2_36,2,group4_23.jpg,group4_23,4,False,108,97
group2_37.png,group2_37,2,group2_41.png,group2_41,2,True,108,58
group2_37.png,group2_37,2,group2_7.png,group2_7,2,True,108,47
group2_37.png,group2_37,2,group3_15.png,group3_15,3,False,108,107
group2_37.png,group2_37,2,group4_16.jpg,group4_16,4,False,108,133
group2_38.png,group2_38,2,group3_3.jpg,group3_3,3,False,108,139
group2_39.png,group2_39,2,group3_18.png,group3_18,3,False,108,100
group2_39.png,group2_39,2,group3_7.jpg,group3_7,3,False,108,52
group2_41.png,group2_41,2,group2_8.png,group2_8,2,True,108,38
group2_43.png,group2_43,2,group3_14.png,group3_14,3,False,108,119
group2_43.png,group2_43,2,group4_10.jpg,group4_10,4,False,108,127
group2_44.png,group2_44,2,group3_29.png,group3_29,3,False,108,119
group2_45.png,group2_45,2,group2_9.png,group2_9,2,True,108,34
group2_45.png,group2_45,2,group3_29 2.png,group3_29 2,3,False,108,127
group2_45.png,group2_45,2,group4_1.jpg,group4_1,4,False,108,185
group2_7.png,group2_7,2,group4_26.jpg,group4_26,4,False,108,139
group2_8.png,group2_8,2,group3_10.jpg,group3_10,3,False,108,52
group2_8.png,group2_8,2,group4_20.jpg,group4_20,4,False,108,102
group2_9.png,group2_9,2,group3_24.png,group3_24,3,False,108,76
group3_1.jpg,group3_1,3,group3_19.png,group3_19,3,True,108,114
group3_1.jpg,group3_1,3,group3_22.png,group3_22,3,True,108,107
group3_10.jpg,group3_10,3,group3_14.png,group3_14,3,True,108,80
group3_10.jpg,group3_10,3,group4_27.jpg,group4_27,4,False,108,93
group3_11.jpg,group3_11,3,group3_7.jpg,group3_7,3,True,108,54
group3_12.png,group3_12,3,group3_3.jpg,group3_3,3,True,108,101
group3_13.png,group3_13,3,group3_2.jpg,group3_2,3,True,108,100
group3_13.png,group3_13,3,group3_7.jpg,group3_7,3,True,108,115
group3_14.png,group3_14,3,group3_17.png,group3_17,3,True,108,84
group3_14.png,group3_14,3,group3_2.jpg,group3_2,3,True,108,81
group3_14.png,group3_14,3,group3_25.png,group3_25,3,True,108,91
group3_14.png,group3_14,3,group3_8.jpg,group3_8,3,True,108,86
group3_15.png,group3_15,3,group4_23.jpg,group4_23,4,False,108,58
group3_15.png,group3_15,3,group4_4.jpg,group4_4,4,False,108,69
group3_17.png,group3_17,3,group3_2.jpg,group3_2,3,True,108,99
group3_17.png,group3_17,3,group4_22.jpg,group4_22,4,False,108,105
group3_18.png,group3_18,3,group4_24.jpg,group4_24,4,False,108,88
group3_19.png,group3_19,3,group3_6.jpg,group3_6,3,True,108,100
group3_19.png,group3_19,3,group3_8.jpg,group3_8,3,True,108,86
group3_19.png,group3_19,3,group4_29.jpg,group4_29,4,False,108,90
group3_2.jpg,group3_2,3,group4_20.jpg,group4_20,4,False,108,129
group3_22.png,group3_22,3,group3_9.jpg,group3_9,3,True,108,80
group3_24.png,group3_24,3,group4_28.jpg,group4_28,4,False,108,92
group3_29.png,group3_29,3,group4_29.jpg,group4_29,4,False,108,95
group3_3.jpg,group3_3,3,group4_24.jpg,group4_24,4,False,108,105
group3_5.jpg,group3_5,3,group3_7.jpg,group3_7,3,True,108,123
group3_7.jpg,group3_7,3,group4_1.jpg,group4_1,4,False,108,171
group3_9.jpg,group3_9,3,group4_18.jpg,group4_18,4,False,108,131
group4_1.jpg,group4_1,4,group4_5.jpg,group4_5,4,True,108,78
group4_15.jpg,group4_15,4,group4_3.jpg,group4_3,4,True,108,101
group4_17.jpg,group4_17,4,group4_25.jpg,group4_25,4,True,108,184
group4_19.jpg,group4_19,4,group4_5.jpg,group4_5,4,True,108,129
group4_25.jpg,group4_25,4,group4_7.jpg,group4_7,4,True,108,121
group1_1.jpeg,group1_1,1,group1_26.jpg,group1_26,1,True,110,50
group1_10.png,group1_10,1,group2_37.png,group2_37,2,False,110,31
group1_10.png,group1_10,1,group3_18.png,group3_18,3,False,110,103
group1_10.png,group1_10,1,group3_5.jpg,group3_5,3,False,110,82
group1_10.png,group1_10,1,group4_30.jpg,group4_30,4,False,110,122
group1_11.png,group1_11,1,group1_3.png,group1_3,1,True,110,61
group1_11.png,group1_11,1,group2_22.png,group2_22,2,False,110,14
group1_11.png,group1_11,1,group2_44.png,group2_44,2,False,110,86
group1_11.png,group1_11,1,group3_15.png,group3_15,3,False,110,57
group1_11.png,group1_11,1,group4_25.jpg,group4_25,4,False,110,58
group1_12.png,group1_12,1,group1_2.png,group1_2,1,True,110,60
group1_12.png,group1_12,1,group2_12.png,group2_12,2,False,110,102
group1_12.png,group1_12,1,group2_33.png,group2_33,2,False,110,53
group1_12.png,group1_12,1,group3_13.png,group3_13,3,False,110,101
group1_13.png,group1_13,1,group1_2.png,group1_2,1,True,110,56
group1_13.png,group1_13,1,group1_6.png,group1_6,1,True,110,35
group1_13.png,group1_13,1,group3_1.jpg,group3_1,3,False,110,108
group1_13.png,group1_13,1,group3_5.jpg,group3_5,3,False,110,99
group1_14.png,group1_14,1,group2_30.png,group2_30,2,False,110,54
group1_14.png,group1_14,1,group2_31.png,group2_31,2,False,110,23
group1_14.png,group1_14,1,group3_18.png,group3_18,3,False,110,118
group1_14.png,group1_14,1,group4_19.jpg,group4_19,4,False,110,142
group1_15.png,group1_15,1,group2_8.png,group2_8,2,False,110,73
group1_15.png,group1_15,1,group3_25.png,group3_25,3,False,110,82
group1_15.png,group1_15,1,group3_9.jpg,group3_9,3,False,110,112
group1_15.png,group1_15,1,group4_27.jpg,group4_27,4,False,110,150
group1_16.png,group1_16,1,group2_29.png,group2_29,2,False,110,61
group1_16.png,group1_16,1,group2_32.png,group2_32,2,False,110,59
group1_16.png,group1_16,1,group2_38.png,group2_38,2,False,110,54
group1_16.png,group1_16,1,group4_26.jpg,group4_26,4,False,110,78
group1_17.png,group1_17,1,group1_26.jpg,group1_26,1,True,110,94
group1_17.png,group1_17,1,group2_21.png,group2_21,2,False,110,51
group1_17.png,group1_17,1,group2_41.png,group2_41,2,False,110,65
group1_17.png,group1_17,1,group2_8.png,group2_8,2,False,110,75
group1_17.png,group1_17,1,group3_19.png,group3_19,3,False,110,95
group1_18.png,group1_18,1,group2_17.png,group2_17,2,False,110,55
group1_18.png,group1_18,1,group4_27.jpg,group4_27,4,False,110,116
group1_19.jpg,group1_19,1,group1_23.jpg,group1_23,1,True,110,55
group1_19.jpg,group1_19,1,group2_22.png,group2_22,2,False,110,59
group1_19.jpg,group1_19,1,group2_29.png,group2_29,2,False,110,52
group1_19.jpg,group1_19,1,group3_11.jpg,group3_11,3,False,110,83
group1_19.jpg,group1_19,1,group3_24.png,group3_24,3,False,110,67
group1_2.png,group1_2,1,group2_24.png,group2_24,2,False,110,66
group1_2.png,group1_2,1,group2_41.png,group2_41,2,False,110,52
group1_2.png,group1_2,1,group3_5.jpg,group3_5,3,False,110,81
group1_20.jpg,group1_20,1,group1_3.png,group1_3,1,True,110,51
group1_20.jpg,group1_20,1,group2_18.png,group2_18,2,False,110,32
group1_20.jpg,group1_20,1,group2_41.png,group2_41,2,False,110,50
group1_20.jpg,group1_20,1,group2_44.png,group2_44,2,False,110,64
group1_20.jpg,group1_20,1,group3_16.png,group3_16,3,False,110,90
group1_20.jpg,group1_20,1,group4_9.jpg,group4_9,4,False,110,201
group1_21.jpg,group1_21,1,group2_16.png,group2_16,2,False,110,52
group1_21.jpg,group1_21,1,group2_30.png,group2_30,2,False,110,60
group1_21.jpg,group1_21,1,group2_44.png,group2_44,2,False,110,72
group1_23.jpg,group1_23,1,group2_6.png,group2_6,2,False,110,95
group1_23.jpg,group1_23,1,group3_14.png,group3_14,3,False,110,60
group1_23.jpg,group1_23,1,group3_20.png,group3_20,3,False,110,92
group1_23.jpg,group1_23,1,group4_9.jpg,group4_9,4,False,110,175
group1_24.jpg,group1_24,1,group2_30.png,group2_30,2,False,110,58
group1_24.jpg,group1_24,1,group3_8.jpg,group3_8,3,False,110,48
group1_25.jpg,group1_25,1,group2_8.png,group2_8,2,False,110,62
group1_25.jpg,group1_25,1,group4_23.jpg,group4_23,4,False,110,69
group1_26.jpg,group1_26,1,group2_21.png,group2_21,2,False,110,81
group1_3.png,group1_3,1,group2_40.png,group2_40,2,False,110,62
group1_4.png,group1_4,1,group2_18.png,group2_18,2,False,110,57
group1_4.png,group1_4,1,group2_35.png,group2_35,2,False,110,67
group1_4.png,group1_4,1,group2_4.png,group2_4,2,False,110,31
group1_4.png,group1_4,1,group3_10.jpg,group3_10,3,False,110,37
group1_5.png,group1_5,1,group2_29.png,group2_29,2,False,110,55
group1_5.png,group1_5,1,group3_11.jpg,group3_11,3,False,110,58
group1_5.png,group1_5,1,group3_20.png,group3_20,3,False,110,52
group1_5.png,group1_5,1,group3_29 2.png,group3_29 2,3,False,110,97
group1_5.png,group1_5,1,group3_6.jpg,group3_6,3,False,110,60
group1_6.png,group1_6,1,group2_26.png,group2_26,2,False,110,63
group1_6.png,group1_6,1,group3_15.png,group3_15,3,False,110,96
group1_6.png,group1_6,1,group3_22.png,group3_22,3,False,110,98
group1_6.png,group1_6,1,group3_28.png,group3_28,3,False,110,206
group1_6.png,group1_6,1,group3_5.jpg,group3_5,3,False,110,96
group1_7.png,group1_7,1,group2_39.png,group2_39,2,False,110,44
group1_7.png,group1_7,1,group3_21.png,group3_21,3,False,110,67
group1_7.png,group1_7,1,group3_29 2.png,group3_29 2,3,False,110,133
group1_8.png,group1_8,1,group2_23.png,group2_23,2,False,110,68
group1_8.png,group1_8,1,group3_16.png,group3_16,3,False,110,67
group1_8.png,group1_8,1,group3_17.png,group3_17,3,False,110,71
group1_8.png,group1_8,1,group3_25.png,group3_25,3,False,110,88
group1_8.png,group1_8,1,group3_28.png,group3_28,3,False,110,196
group1_8.png,group1_8,1,group3_29.png,group3_29,3,False,110,106
group1_8.png,group1_8,1,group3_8.jpg,group3_8,3,False,110,93
group1_8.png,group1_8,1,group4_20.jpg,group4_20,4,False,110,119
group1_9.png,group1_9,1,group2_18.png,group2_18,2,False,110,35
group1_9.png,group1_9,1,group2_4.png,group2_4,2,False,110,67
group1_9.png,group1_9,1,group2_42.png,group2_42,2,False,110,59
group1_9.png,group1_9,1,group3_5.jpg,group3_5,3,False,110,88
group1_9.png,group1_9,1,group3_7.jpg,group3_7,3,False,110,85
group1_9.png,group1_9,1,group4_17.jpg,group4_17,4,False,110,155
group2_1.png,group2_1,2,group4_15.jpg,group4_15,4,False,110,83
group2_10.png,group2_10,2,group2_31.png,group2_31,2,True,110,44
group2_10.png,group2_10,2,group2_8.png,group2_8,2,True,110,65
group2_10.png,group2_10,2,group3_20.png,group3_20,3,False,110,81
group2_10.png,group2_10,2,group3_8.jpg,group3_8,3,False,110,69
group2_11.png,group2_11,2,group2_22.png,group2_22,2,True,110,84
group2_11.png,group2_11,2,group2_37.png,group2_37,2,True,110,48
group2_11.png,group2_11,2,group3_17.png,group3_17,3,False,110,78
group2_12.png,group2_12,2,group4_12.jpg,group4_12,4,False,110,75
group2_13.png,group2_13,2,group2_21.png,group2_21,2,True,110,48
group2_13.png,group2_13,2,group2_4.png,group2_4,2,True,110,52
group2_13.png,group2_13,2,group3_25.png,group3_25,3,False,110,63
group2_14.png,group2_14,2,group2_5.png,group2_5,2,True,110,58
group2_14.png,group2_14,2,group3_14.png,group3_14,3,False,110,111
group2_15.png,group2_15,2,group2_29.png,group2_29,2,True,110,65
group2_15.png,group2_15,2,group2_38.png,group2_38,2,True,110,48
group2_15.png,group2_15,2,group2_40.png,group2_40,2,True,110,71
group2_15.png,group2_15,2,group3_12.png,group3_12,3,False,110,126
group2_16.png,group2_16,2,group3_16.png,group3_16,3,False,110,106
group2_16.png,group2_16,2,group4_22.jpg,group4_22,4,False,110,121
group2_17.png,group2_17,2,group2_20.png,group2_20,2,True,110,98
group2_17.png,group2_17,2,group3_5.jpg,group3_5,3,False,110,115
group2_17.png,group2_17,2,group4_26.jpg,group4_26,4,False,110,100
group2_17.png,group2_17,2,group4_27.jpg,group4_27,4,False,110,89
group2_18.png,group2_18,2,group3_21.png,group3_21,3,False,110,57
group2_19.png,group2_19,2,group2_2.png,group2_2,2,True,110,31
group2_19.png,group2_19,2,group2_23.png,group2_23,2,True,110,90
group2_19.png,group2_19,2,group3_10.jpg,group3_10,3,False,110,35
group2_2.png,group2_2,2,group2_26.png,group2_26,2,True,110,24
group2_2.png,group2_2,2,group2_27.png,group2_27,2,True,110,44
group2_2.png,group2_2,2,group2_5.png,group2_5,2,True,110,29
group2_20.png,group2_20,2,group2_21.png,group2_21,2,True,110,50
group2_20.png,group2_20,2,group2_22.png,group2_22,2,True,110,70
group2_20.png,group2_20,2,group2_25.png,group2_25,2,True,110,52
group2_20.png,group2_20,2,group2_42.png,group2_42,2,True,110,80
group2_20.png,group2_20,2,group3_19.png,group3_19,3,False,110,90
group2_20.png,group2_20,2,group3_8.jpg,group3_8,3,False,110,90
group2_20.png,group2_20,2,group4_26.jpg,group4_26,4,False,110,146
group2_20.png,group2_20,2,group4_28.jpg,group4_28,4,False,110,134
group2_20.png,group2_20,2,group4_4.jpg,group4_4,4,False,110,130
group2_21.png,group2_21,2,group2_34.png,group2_34,2,True,110,50
group2_21.png,group2_21,2,group2_41.png,group2_41,2,True,110,76
group2_21.png,group2_21,2,group3_16.png,group3_16,3,False,110,96
group2_21.png,group2_21,2,group4_25.jpg,group4_25,4,False,110,78
group2_22.png,group2_22,2,group4_25.jpg,group4_25,4,False,110,66
group2_23.png,group2_23,2,group2_35.png,group2_35,2,True,110,65
group2_23.png,group2_23,2,group3_19.png,group3_19,3,False,110,99
group2_23.png,group2_23,2,group4_18.jpg,group4_18,4,False,110,159
group2_24.png,group2_24,2,group3_29.png,group3_29,3,False,110,99
group2_25.png,group2_25,2,group2_30.png,group2_30,2,True,110,60
group2_25.png,group2_25,2,group2_7.png,group2_7,2,True,110,67
group2_26.png,group2_26,2,group2_39.png,group2_39,2,True,110,34
group2_26.png,group2_26,2,group3_10.jpg,group3_10,3,False,110,34
group2_26.png,group2_26,2,group3_29 2.png,group3_29 2,3,False,110,83
group2_26.png,group2_26,2,group4_24.jpg,group4_24,4,False,110,104
group2_27.png,group2_27,2,group3_18.png,group3_18,3,False,110,114
group2_28.png,group2_28,2,group2_30.png,group2_30,2,True,110,57
group2_28.png,group2_28,2,group3_17.png,group3_17,3,False,110,47
group2_28.png,group2_28,2,group4_16.jpg,group4_16,4,False,110,158
group2_28.png,group2_28,2,group4_25.jpg,group4_25,4,False,110,89
group2_29.png,group2_29,2,group2_5.png,group2_5,2,True,110,66
group2_29.png,group2_29,2,group4_28.jpg,group4_28,4,False,110,107
group2_29.png,group2_29,2,group4_4.jpg,group4_4,4,False,110,99
group2_3.png,group2_3,2,group2_34.png,group2_34,2,True,110,67
group2_3.png,group2_3,2,group2_5.png,group2_5,2,True,110,58
group2_30.png,group2_30,2,group2_44.png,group2_44,2,True,110,46
group2_30.png,group2_30,2,group3_12.png,group3_12,3,False,110,110
group2_32.png,group2_32,2,group3_12.png,group3_12,3,False,110,117
group2_33.png,group2_33,2,group2_43.png,group2_43,2,True,110,88
group2_33.png,group2_33,2,group3_19.png,group3_19,3,False,110,67
group2_33.png,group2_33,2,group3_29 2.png,group3_29 2,3,False,110,98
group2_33.png,group2_33,2,group4_14.jpg,group4_14,4,False,110,184
group2_33.png,group2_33,2,group4_24.jpg,group4_24,4,False,110,75
group2_33.png,group2_33,2,group4_28.jpg,group4_28,4,False,110,125
group2_34.png,group2_34,2,group3_21.png,group3_21,3,False,110,81
group2_34.png,group2_34,2,group3_24.png,group3_24,3,False,110,94
group2_34.png,group2_34,2,group4_22.jpg,group4_22,4,False,110,131
group2_35.png,group2_35,2,group2_4.png,group2_4,2,True,110,64
group2_35.png,group2_35,2,group2_41.png,group2_41,2,True,110,40
group2_35.png,group2_35,2,group3_29 2.png,group3_29 2,3,False,110,95
group2_35.png,group2_35,2,group3_29.png,group3_29,3,False,110,97
group2_36.png,group2_36,2,group2_44.png,group2_44,2,True,110,50
group2_36.png,group2_36,2,group3_13.png,group3_13,3,False,110,107
group2_36.png,group2_36,2,group3_19.png,group3_19,3,False,110,82
group2_36.png,group2_36,2,group3_20.png,group3_20,3,False,110,82
group2_37.png,group2_37,2,group3_12.png,group3_12,3,False,110,128
group2_37.png,group2_37,2,group3_2.jpg,group3_2,3,False,110,115
group2_37.png,group2_37,2,group3_25.png,group3_25,3,False,110,69
group2_38.png,group2_38,2,group3_10.jpg,group3_10,3,False,110,52
group2_38.png,group2_38,2,group4_21.jpg,group4_21,4,False,110,124
group2_38.png,group2_38,2,group4_4.jpg,group4_4,4,False,110,96
group2_39.png,group2_39,2,group2_4.png,group2_4,2,True,110,40
group2_39.png,group2_39,2,group2_41.png,group2_41,2,True,110,56
group2_39.png,group2_39,2,group3_15.png,group3_15,3,False,110,89
group2_4.png,group2_4,2,group3_12.png,group3_12,3,False,110,86
group2_4.png,group2_4,2,group3_25.png,group3_25,3,False,110,65
group2_41.png,group2_41,2,group3_29 2.png,group3_29 2,3,False,110,97
group2_41.png,group2_41,2,group3_7.jpg,group3_7,3,False,110,88
group2_41.png,group2_41,2,group3_9.jpg,group3_9,3,False,110,95
group2_41.png,group2_41,2,group4_22.jpg,group4_22,4,False,110,107
group2_42.png,group2_42,2,group3_8.jpg,group3_8,3,False,110,132
group2_43.png,group2_43,2,group2_7.png,group2_7,2,True,110,82
group2_43.png,group2_43,2,group2_8.png,group2_8,2,True,110,111
group2_43.png,group2_43,2,group4_26.jpg,group4_26,4,False,110,143
group2_44.png,group2_44,2,group3_10.jpg,group3_10,3,False,110,102
group2_44.png,group2_44,2,group3_16.png,group3_16,3,False,110,78
group2_45.png,group2_45,2,group3_29.png,group3_29,3,False,110,131
group2_45.png,group2_45,2,group3_5.jpg,group3_5,3,False,110,63
group2_6.png,group2_6,2,group2_7.png,group2_7,2,True,110,46
group2_6.png,group2_6,2,group3_21.png,group3_21,3,False,110,88
group2_7.png,group2_7,2,group3_29.png,group3_29,3,False,110,130
group2_7.png,group2_7,2,group4_18.jpg,group4_18,4,False,110,159
group2_7.png,group2_7,2,group4_28.jpg,group4_28,4,False,110,133
group2_8.png,group2_8,2,group2_9.png,group2_9,2,True,110,70
group2_8.png,group2_8,2,group3_2.jpg,group3_2,3,False,110,103
group2_8.png,group2_8,2,group4_7.jpg,group4_7,4,False,110,119
group2_9.png,group2_9,2,group3_29 2.png,group3_29 2,3,False,110,125
group3_1.jpg,group3_1,3,group3_29.png,group3_29,3,True,110,81
group3_1.jpg,group3_1,3,group4_26.jpg,group4_26,4,False,110,62
group3_10.jpg,group3_10,3,group4_22.jpg,group4_22,4,False,110,95
group3_10.jpg,group3_10,3,group4_26.jpg,group4_26,4,False,110,80
group3_10.jpg,group3_10,3,group4_3.jpg,group4_3,4,False,110,77
group3_11.jpg,group3_11,3,group3_29 2.png,group3_29 2,3,True,110,87
group3_11.jpg,group3_11,3,group4_11.jpg,group4_11,4,False,110,127
group3_12.png,group3_12,3,group4_23.jpg,group4_23,4,False,110,85
group3_13.png,group3_13,3,group3_21.png,group3_21,3,True,110,126
group3_14.png,group3_14,3,group4_10.jpg,group4_10,4,False,110,100
group3_15.png,group3_15,3,group4_27.jpg,group4_27,4,False,110,84
group3_15.png,group3_15,3,group4_28.jpg,group4_28,4,False,110,79
group3_16.png,group3_16,3,group3_25.png,group3_25,3,True,110,129
group3_17.png,group3_17,3,group3_25.png,group3_25,3,True,110,51
group3_17.png,group3_17,3,group3_30.png,group3_30,3,True,110,123
group3_18.png,group3_18,3,group3_2.jpg,group3_2,3,True,110,75
group3_18.png,group3_18,3,group3_28.png,group3_28,3,True,110,129
group3_19.png,group3_19,3,group3_30.png,group3_30,3,True,110,111
group3_2.jpg,group3_2,3,group3_24.png,group3_24,3,True,110,89
group3_20.png,group3_20,3,group3_9.jpg,group3_9,3,True,110,91
group3_23.png,group3_23,3,group4_1.jpg,group4_1,4,False,110,138
group3_23.png,group3_23,3,group4_26.jpg,group4_26,4,False,110,109
group3_23.png,group3_23,3,group4_29.jpg,group4_29,4,False,110,87
group3_28.png,group3_28,3,group4_5.jpg,group4_5,4,False,110,90
group3_3.jpg,group3_3,3,group4_29.jpg,group4_29,4,False,110,73
group3_30.png,group3_30,3,group4_1.jpg,group4_1,4,False,110,112
group3_5.jpg,group3_5,3,group4_21.jpg,group4_21,4,False,110,105
group3_7.jpg,group3_7,3,group3_9.jpg,group3_9,3,True,110,111
group3_8.jpg,group3_8,3,group4_6.jpg,group4_6,4,False,110,155
group3_9.jpg,group3_9,3,group4_24.jpg,group4_24,4,False,110,103
group4_10.jpg,group4_10,4,group4_26.jpg,group4_26,4,True,110,134
group4_13.jpg,group4_13,4,group4_17.jpg,group4_17,4,True,110,119
group4_15.jpg,group4_15,4,group4_4.jpg,group4_4,4,True,110,120
group4_17.jpg,group4_17,4,group4_19.jpg,group4_19,4,True,110,112
group4_19.jpg,group4_19,4,group4_24.jpg,group4_24,4,True,110,126
group4_20.jpg,group4_20,4,group4_21.jpg,group4_21,4,True,110,176
group4_22.jpg,group4_22,4,group4_24.jpg,group4_24,4,True,110,83
group4_22.jpg,group4_22,4,group4_30.jpg,group4_30,4,True,110,76
group4_25.jpg,group4_25,4,group4_30.jpg,group4_30,4,True,110,89
group4_30.jpg,group4_30,4,group4_4.jpg,group4_4,4,True,110,93
group1_1.jpeg,group1_1,1,group1_16.png,group1_16,1,True,112,49
group1_1.jpeg,group1_1,1,group1_3.png,group1_3,1,True,112,34
group1_1.jpeg,group1_1,1,group2_31.png,group2_31,2,False,112,42
group1_1.jpeg,group1_1,1,group3_12.png,group3_12,3,False,112,99
group1_1.jpeg,group1_1,1,group3_14.png,group3_14,3,False,112,103
group1_1.jpeg,group1_1,1,group4_25.jpg,group4_25,4,False,112,73
group1_10.png,group1_10,1,group2_38.png,group2_38,2,False,112,55
group1_10.png,group1_10,1,group2_42.png,group2_42,2,False,112,65
group1_10.png,group1_10,1,group4_29.jpg,group4_29,4,False,112,133
group1_11.png,group1_11,1,group1_23.jpg,group1_23,1,True,112,38
group1_11.png,group1_11,1,group1_26.jpg,group1_26,1,True,112,47
group1_11.png,group1_11,1,group2_16.png,group2_16,2,False,112,42
group1_11.png,group1_11,1,group2_28.png,group2_28,2,False,112,41
group1_11.png,group1_11,1,group2_35.png,group2_35,2,False,112,54
group1_11.png,group1_11,1,group2_38.png,group2_38,2,False,112,50
group1_11.png,group1_11,1,group3_10.jpg,group3_10,3,False,112,30
group1_12.png,group1_12,1,group1_3.png,group1_3,1,True,112,57
group1_12.png,group1_12,1,group3_1.jpg,group3_1,3,False,112,134
group1_12.png,group1_12,1,group3_5.jpg,group3_5,3,False,112,95
group1_12.png,group1_12,1,group4_30.jpg,group4_30,4,False,112,111
group1_13.png,group1_13,1,group2_11.png,group2_11,2,False,112,66
group1_13.png,group1_13,1,group2_15.png,group2_15,2,False,112,54
group1_13.png,group1_13,1,group4_11.jpg,group4_11,4,False,112,137
group1_14.png,group1_14,1,group2_2.png,group2_2,2,False,112,52
group1_14.png,group1_14,1,group3_19.png,group3_19,3,False,112,66
group1_14.png,group1_14,1,group3_29.png,group3_29,3,False,112,109
group1_14.png,group1_14,1,group3_3.jpg,group3_3,3,False,112,135
group1_14.png,group1_14,1,group3_6.jpg,group3_6,3,False,112,68
group1_14.png,group1_14,1,group4_22.jpg,group4_22,4,False,112,129
group1_15.png,group1_15,1,group2_11.png,group2_11,2,False,112,45
group1_15.png,group1_15,1,group2_42.png,group2_42,2,False,112,55
group1_15.png,group1_15,1,group2_44.png,group2_44,2,False,112,45
group1_15.png,group1_15,1,group3_20.png,group3_20,3,False,112,81
group1_15.png,group1_15,1,group4_22.jpg,group4_22,4,False,112,124
group1_16.png,group1_16,1,group1_3.png,group1_3,1,True,112,59
group1_16.png,group1_16,1,group2_20.png,group2_20,2,False,112,74
group1_16.png,group1_16,1,group2_41.png,group2_41,2,False,112,60
group1_16.png,group1_16,1,group3_17.png,group3_17,3,False,112,38
group1_16.png,group1_16,1,group3_2.jpg,group3_2,3,False,112,85
group1_17.png,group1_17,1,group2_31.png,group2_31,2,False,112,54
group1_17.png,group1_17,1,group3_21.png,group3_21,3,False,112,70
group1_17.png,group1_17,1,group3_9.jpg,group3_9,3,False,112,120
group1_18.png,group1_18,1,group2_10.png,group2_10,2,False,112,70
group1_18.png,group1_18,1,group2_38.png,group2_38,2,False,112,53
group1_18.png,group1_18,1,group2_39.png,group2_39,2,False,112,77
group1_18.png,group1_18,1,group3_19.png,group3_19,3,False,112,95
group1_18.png,group1_18,1,group3_21.png,group3_21,3,False,112,78
group1_19.jpg,group1_19,1,group2_23.png,group2_23,2,False,112,84
group1_19.jpg,group1_19,1,group2_5.png,group2_5,2,False,112,62
group1_2.png,group1_2,1,group2_4.png,group2_4,2,False,112,66
group1_2.png,group1_2,1,group2_44.png,group2_44,2,False,112,44
group1_2.png,group1_2,1,group2_6.png,group2_6,2,False,112,57
group1_2.png,group1_2,1,group3_2.jpg,group3_2,3,False,112,107
group1_2.png,group1_2,1,group3_24.png,group3_24,3,False,112,82
group1_20.jpg,group1_20,1,group1_8.png,group1_8,1,True,112,51
group1_20.jpg,group1_20,1,group2_35.png,group2_35,2,False,112,54
group1_21.jpg,group1_21,1,group1_26.jpg,group1_26,1,True,112,73
group1_21.jpg,group1_21,1,group1_5.png,group1_5,1,True,112,52
group1_21.jpg,group1_21,1,group2_38.png,group2_38,2,False,112,40
group1_21.jpg,group1_21,1,group2_42.png,group2_42,2,False,112,96
group1_21.jpg,group1_21,1,group2_5.png,group2_5,2,False,112,71
group1_21.jpg,group1_21,1,group4_12.jpg,group4_12,4,False,112,93
group1_22.jpg,group1_22,1,group2_26.png,group2_26,2,False,112,86
group1_23.jpg,group1_23,1,group1_7.png,group1_7,1,True,112,76
group1_23.jpg,group1_23,1,group1_9.png,group1_9,1,True,112,79
group1_23.jpg,group1_23,1,group2_33.png,group2_33,2,False,112,67
group1_23.jpg,group1_23,1,group2_45.png,group2_45,2,False,112,88
group1_23.jpg,group1_23,1,group3_9.jpg,group3_9,3,False,112,75
group1_24.jpg,group1_24,1,group2_31.png,group2_31,2,False,112,35
group1_24.jpg,group1_24,1,group3_10.jpg,group3_10,3,False,112,36
group1_24.jpg,group1_24,1,group3_12.png,group3_12,3,False,112,104
group1_24.jpg,group1_24,1,group3_14.png,group3_14,3,False,112,84
group1_25.jpg,group1_25,1,group2_5.png,group2_5,2,False,112,43
group1_25.jpg,group1_25,1,group4_13.jpg,group4_13,4,False,112,139
group1_26.jpg,group1_26,1,group2_13.png,group2_13,2,False,112,53
group1_26.jpg,group1_26,1,group2_28.png,group2_28,2,False,112,70
group1_3.png,group1_3,1,group2_10.png,group2_10,2,False,112,42
group1_3.png,group1_3,1,group2_14.png,group2_14,2,False,112,42
group1_4.png,group1_4,1,group1_8.png,group1_8,1,True,112,84
group1_4.png,group1_4,1,group2_16.png,group2_16,2,False,112,39
group1_4.png,group1_4,1,group2_40.png,group2_40,2,False,112,24
group1_4.png,group1_4,1,group3_14.png,group3_14,3,False,112,79
group1_4.png,group1_4,1,group4_11.jpg,group4_11,4,False,112,132
group1_5.png,group1_5,1,group2_3.png,group2_3,2,False,112,33
group1_5.png,group1_5,1,group2_31.png,group2_31,2,False,112,37
group1_5.png,group1_5,1,group3_21.png,group3_21,3,False,112,41
group1_6.png,group1_6,1,group2_10.png,group2_10,2,False,112,58
group1_6.png,group1_6,1,group2_27.png,group2_27,2,False,112,37
group1_6.png,group1_6,1,group2_7.png,group2_7,2,False,112,74
group1_6.png,group1_6,1,group3_29.png,group3_29,3,False,112,98
group1_6.png,group1_6,1,group3_9.jpg,group3_9,3,False,112,98
group1_6.png,group1_6,1,group4_28.jpg,group4_28,4,False,112,113
group1_7.png,group1_7,1,group2_33.png,group2_33,2,False,112,45
group1_8.png,group1_8,1,group1_9.png,group1_9,1,True,112,38
group1_8.png,group1_8,1,group3_18.png,group3_18,3,False,112,97
group1_8.png,group1_8,1,group3_3.jpg,group3_3,3,False,112,118
group1_8.png,group1_8,1,group4_22.jpg,group4_22,4,False,112,116
group1_8.png,group1_8,1,group4_30.jpg,group4_30,4,False,112,116
group1_9.png,group1_9,1,group2_12.png,group2_12,2,False,112,95
group1_9.png,group1_9,1,group2_27.png,group2_27,2,False,112,37
group1_9.png,group1_9,1,group2_5.png,group2_5,2,False,112,80
group1_9.png,group1_9,1,group4_28.jpg,group4_28,4,False,112,129
group2_1.png,group2_1,2,group2_17.png,group2_17,2,True,112,89
group2_1.png,group2_1,2,group3_6.jpg,group3_6,3,False,112,109
group2_1.png,group2_1,2,group4_23.jpg,group4_23,4,False,112,72
group2_10.png,group2_10,2,group2_11.png,group2_11,2,True,112,65
group2_10.png,group2_10,2,group2_14.png,group2_14,2,True,112,48
group2_10.png,group2_10,2,group2_16.png,group2_16,2,True,112,63
group2_10.png,group2_10,2,group2_39.png,group2_39,2,True,112,57
group2_10.png,group2_10,2,group3_27.png,group3_27,3,False,112,186
group2_11.png,group2_11,2,group3_29.png,group3_29,3,False,112,119
group2_11.png,group2_11,2,group4_28.jpg,group4_28,4,False,112,138
group2_13.png,group2_13,2,group2_39.png,group2_39,2,True,112,42
group2_13.png,group2_13,2,group2_41.png,group2_41,2,True,112,60
group2_13.png,group2_13,2,group2_7.png,group2_7,2,True,112,67
group2_13.png,group2_13,2,group2_9.png,group2_9,2,True,112,40
group2_13.png,group2_13,2,group3_22.png,group3_22,3,False,112,109
group2_13.png,group2_13,2,group4_30.jpg,group4_30,4,False,112,89
group2_13.png,group2_13,2,group4_9.jpg,group4_9,4,False,112,193
group2_14.png,group2_14,2,group2_16.png,group2_16,2,True,112,59
group2_14.png,group2_14,2,group2_17.png,group2_17,2,True,112,89
group2_14.png,group2_14,2,group4_10.jpg,group4_10,4,False,112,101
group2_15.png,group2_15,2,group2_21.png,group2_21,2,True,112,50
group2_15.png,group2_15,2,group2_36.png,group2_36,2,True,112,42
group2_15.png,group2_15,2,group2_8.png,group2_8,2,True,112,74
group2_15.png,group2_15,2,group3_15.png,group3_15,3,False,112,107
group2_15.png,group2_15,2,group4_18.jpg,group4_18,4,False,112,154
group2_16.png,group2_16,2,group2_2.png,group2_2,2,True,112,50
group2_16.png,group2_16,2,group2_43.png,group2_43,2,True,112,107
group2_16.png,group2_16,2,group4_14.jpg,group4_14,4,False,112,169
group2_16.png,group2_16,2,group4_8.jpg,group4_8,4,False,112,131
group2_17.png,group2_17,2,group2_40.png,group2_40,2,True,112,77
group2_17.png,group2_17,2,group3_15.png,group3_15,3,False,112,61
group2_17.png,group2_17,2,group3_20.png,group3_20,3,False,112,74
group2_17.png,group2_17,2,group3_9.jpg,group3_9,3,False,112,95
group2_18.png,group2_18,2,group2_43.png,group2_43,2,True,112,79
group2_18.png,group2_18,2,group2_45.png,group2_45,2,True,112,52
group2_18.png,group2_18,2,group3_3.jpg,group3_3,3,False,112,119
group2_19.png,group2_19,2,group2_20.png,group2_20,2,True,112,57
group2_19.png,group2_19,2,group2_21.png,group2_21,2,True,112,43
group2_19.png,group2_19,2,group2_5.png,group2_5,2,True,112,32
group2_19.png,group2_19,2,group4_12.jpg,group4_12,4,False,112,108
group2_19.png,group2_19,2,group4_23.jpg,group4_23,4,False,112,64
group2_2.png,group2_2,2,group2_32.png,group2_32,2,True,112,71
group2_2.png,group2_2,2,group2_36.png,group2_36,2,True,112,72
group2_2.png,group2_2,2,group2_38.png,group2_38,2,True,112,56
group2_2.png,group2_2,2,group4_30.jpg,group4_30,4,False,112,63
group2_20.png,group2_20,2,group3_13.png,group3_13,3,False,112,97
group2_20.png,group2_20,2,group4_17.jpg,group4_17,4,False,112,152
group2_21.png,group2_21,2,group2_27.png,group2_27,2,True,112,42
group2_21.png,group2_21,2,group2_36.png,group2_36,2,True,112,56
group2_21.png,group2_21,2,group3_12.png,group3_12,3,False,112,108
group2_21.png,group2_21,2,group4_27.jpg,group4_27,4,False,112,133
group2_21.png,group2_21,2,group4_4.jpg,group4_4,4,False,112,102
group2_22.png,group2_22,2,group2_23.png,group2_23,2,True,112,101
group2_22.png,group2_22,2,group2_45.png,group2_45,2,True,112,80
group2_22.png,group2_22,2,group3_5.jpg,group3_5,3,False,112,111
group2_22.png,group2_22,2,group4_24.jpg,group4_24,4,False,112,100
group2_23.png,group2_23,2,group2_44.png,group2_44,2,True,112,87
group2_23.png,group2_23,2,group3_1.jpg,group3_1,3,False,112,121
group2_23.png,group2_23,2,group3_23.png,group3_23,3,False,112,110
group2_23.png,group2_23,2,group4_15.jpg,group4_15,4,False,112,125
group2_24.png,group2_24,2,group2_25.png,group2_25,2,True,112,64
group2_24.png,group2_24,2,group3_9.jpg,group3_9,3,False,112,95
group2_24.png,group2_24,2,group4_24.jpg,group4_24,4,False,112,92
group2_26.png,group2_26,2,group2_29.png,group2_29,2,True,112,61
group2_26.png,group2_26,2,group2_45.png,group2_45,2,True,112,82
group2_26.png,group2_26,2,group3_13.png,group3_13,3,False,112,137
group2_26.png,group2_26,2,group3_15.png,group3_15,3,False,112,69
group2_26.png,group2_26,2,group3_29.png,group3_29,3,False,112,83
group2_26.png,group2_26,2,group3_7.jpg,group3_7,3,False,112,66
group2_27.png,group2_27,2,group2_43.png,group2_43,2,True,112,95
group2_27.png,group2_27,2,group3_11.jpg,group3_11,3,False,112,66
group2_27.png,group2_27,2,group4_13.jpg,group4_13,4,False,112,169
group2_27.png,group2_27,2,group4_26.jpg,group4_26,4,False,112,118
group2_28.png,group2_28,2,group4_23.jpg,group4_23,4,False,112,70
group2_28.png,group2_28,2,group4_3.jpg,group4_3,4,False,112,68
group2_29.png,group2_29,2,group2_35.png,group2_35,2,True,112,73
group2_29.png,group2_29,2,group4_1.jpg,group4_1,4,False,112,184
group2_29.png,group2_29,2,group4_25.jpg,group4_25,4,False,112,99
group2_3.png,group2_3,2,group3_12.png,group3_12,3,False,112,111
group2_30.png,group2_30,2,group4_12.jpg,group4_12,4,False,112,103
group2_31.png,group2_31,2,group2_32.png,group2_32,2,True,112,38
group2_31.png,group2_31,2,group2_33.png,group2_33,2,True,112,16
group2_31.png,group2_31,2,group3_17.png,group3_17,3,False,112,57
group2_32.png,group2_32,2,group3_14.png,group3_14,3,False,112,107
group2_32.png,group2_32,2,group3_18.png,group3_18,3,False,112,123
group2_32.png,group2_32,2,group4_20.jpg,group4_20,4,False,112,143
group2_32.png,group2_32,2,group4_22.jpg,group4_22,4,False,112,134
group2_33.png,group2_33,2,group3_25.png,group3_25,3,False,112,56
group2_33.png,group2_33,2,group3_9.jpg,group3_9,3,False,112,92
group2_34.png,group2_34,2,group2_7.png,group2_7,2,True,112,47
group2_34.png,group2_34,2,group3_17.png,group3_17,3,False,112,76
group2_34.png,group2_34,2,group3_19.png,group3_19,3,False,112,86
group2_34.png,group2_34,2,group4_7.jpg,group4_7,4,False,112,119
group2_35.png,group2_35,2,group2_40.png,group2_40,2,True,112,53
group2_35.png,group2_35,2,group2_5.png,group2_5,2,True,112,63
group2_37.png,group2_37,2,group2_45.png,group2_45,2,True,112,48
group2_37.png,group2_37,2,group3_5.jpg,group3_5,3,False,112,95
group2_38.png,group2_38,2,group3_2.jpg,group3_2,3,False,112,105
group2_38.png,group2_38,2,group3_29.png,group3_29,3,False,112,101
group2_38.png,group2_38,2,group4_26.jpg,group4_26,4,False,112,110
group2_39.png,group2_39,2,group4_16.jpg,group4_16,4,False,112,151
group2_39.png,group2_39,2,group4_21.jpg,group4_21,4,False,112,126
group2_4.png,group2_4,2,group3_17.png,group3_17,3,False,112,34
group2_4.png,group2_4,2,group3_18.png,group3_18,3,False,112,86
group2_4.png,group2_4,2,group3_7.jpg,group3_7,3,False,112,66
group2_4.png,group2_4,2,group3_8.jpg,group3_8,3,False,112,52
group2_4.png,group2_4,2,group4_23.jpg,group4_23,4,False,112,69
group2_4.png,group2_4,2,group4_7.jpg,group4_7,4,False,112,129
group2_40.png,group2_40,2,group3_26.png,group3_26,3,False,112,96
group2_41.png,group2_41,2,group3_25.png,group3_25,3,False,112,93
group2_41.png,group2_41,2,group4_7.jpg,group4_7,4,False,112,119
group2_42.png,group2_42,2,group2_7.png,group2_7,2,True,112,69
group2_42.png,group2_42,2,group3_18.png,group3_18,3,False,112,118
group2_42.png,group2_42,2,group3_7.jpg,group3_7,3,False,112,116
group2_42.png,group2_42,2,group4_28.jpg,group4_28,4,False,112,148
group2_42.png,group2_42,2,group4_29.jpg,group4_29,4,False,112,148
group2_42.png,group2_42,2,group4_7.jpg,group4_7,4,False,112,101
group2_43.png,group2_43,2,group3_20.png,group3_20,3,False,112,139
group2_43.png,group2_43,2,group3_23.png,group3_23,3,False,112,110
group2_43.png,group2_43,2,group3_29.png,group3_29,3,False,112,140
group2_44.png,group2_44,2,group2_5.png,group2_5,2,True,112,93
group2_44.png,group2_44,2,group3_21.png,group3_21,3,False,112,89
group2_44.png,group2_44,2,group3_29 2.png,group3_29 2,3,False,112,123
group2_44.png,group2_44,2,group4_23.jpg,group4_23,4,False,112,127
group2_44.png,group2_44,2,group4_26.jpg,group4_26,4,False,112,150
group2_45.png,group2_45,2,group3_1.jpg,group3_1,3,False,112,124
group2_5.png,group2_5,2,group3_14.png,group3_14,3,False,112,75
group2_5.png,group2_5,2,group3_26.png,group3_26,3,False,112,102
group2_5.png,group2_5,2,group4_19.jpg,group4_19,4,False,112,123
group2_6.png,group2_6,2,group3_22.png,group3_22,3,False,112,88
group2_6.png,group2_6,2,group3_5.jpg,group3_5,3,False,112,68
group2_7.png,group2_7,2,group2_8.png,group2_8,2,True,112,71
group2_7.png,group2_7,2,group3_16.png,group3_16,3,False,112,83
group2_8.png,group2_8,2,group3_11.jpg,group3_11,3,False,112,78
group2_8.png,group2_8,2,group3_12.png,group3_12,3,False,112,112
group2_8.png,group2_8,2,group4_29.jpg,group4_29,4,False,112,110
group2_9.png,group2_9,2,group4_24.jpg,group4_24,4,False,112,72
group3_1.jpg,group3_1,3,group3_23.png,group3_23,3,True,112,127
group3_1.jpg,group3_1,3,group4_5.jpg,group4_5,4,False,112,125
group3_12.png,group3_12,3,group3_26.png,group3_26,3,True,112,95
group3_12.png,group3_12,3,group4_22.jpg,group4_22,4,False,112,87
group3_13.png,group3_13,3,group4_1.jpg,group4_1,4,False,112,122
group3_14.png,group3_14,3,group3_15.png,group3_15,3,True,112,97
group3_14.png,group3_14,3,group3_23.png,group3_23,3,True,112,103
group3_14.png,group3_14,3,group4_22.jpg,group4_22,4,False,112,81
group3_15.png,group3_15,3,group3_3.jpg,group3_3,3,True,112,112
group3_15.png,group3_15,3,group4_21.jpg,group4_21,4,False,112,133
group3_15.png,group3_15,3,group4_24.jpg,group4_24,4,False,112,115
group3_16.png,group3_16,3,group3_21.png,group3_21,3,True,112,121
group3_16.png,group3_16,3,group4_26.jpg,group4_26,4,False,112,144
group3_18.png,group3_18,3,group3_26.png,group3_26,3,True,112,79
group3_18.png,group3_18,3,group3_29 2.png,group3_29 2,3,True,112,87
group3_18.png,group3_18,3,group3_5.jpg,group3_5,3,True,112,75
group3_18.png,group3_18,3,group4_18.jpg,group4_18,4,False,112,142
group3_19.png,group3_19,3,group3_7.jpg,group3_7,3,True,112,86
group3_2.jpg,group3_2,3,group3_20.png,group3_20,3,True,112,85
group3_2.jpg,group3_2,3,group3_29 2.png,group3_29 2,3,True,112,104
group3_2.jpg,group3_2,3,group4_29.jpg,group4_29,4,False,112,67
group3_20.png,group3_20,3,group3_5.jpg,group3_5,3,True,112,131
group3_21.png,group3_21,3,group3_29.png,group3_29,3,True,112,76
group3_21.png,group3_21,3,group4_28.jpg,group4_28,4,False,112,99
group3_22.png,group3_22,3,group3_6.jpg,group3_6,3,True,112,97
group3_22.png,group3_22,3,group4_15.jpg,group4_15,4,False,112,159
group3_23.png,group3_23,3,group4_4.jpg,group4_4,4,False,112,169
group3_23.png,group3_23,3,group4_5.jpg,group4_5,4,False,112,138
group3_24.png,group3_24,3,group3_28.png,group3_28,3,True,112,177
group3_24.png,group3_24,3,group3_29 2.png,group3_29 2,3,True,112,91
group3_24.png,group3_24,3,group4_20.jpg,group4_20,4,False,112,116
group3_25.png,group3_25,3,group3_29 2.png,group3_29 2,3,True,112,108
group3_25.png,group3_25,3,group3_29.png,group3_29,3,True,112,112
group3_26.png,group3_26,3,group4_25.jpg,group4_25,4,False,112,89
group3_27.png,group3_27,3,group3_30.png,group3_30,3,True,112,138
group3_27.png,group3_27,3,group4_1.jpg,group4_1,4,False,112,68
group3_29.png,group3_29,3,group3_7.jpg,group3_7,3,True,112,97
group3_3.jpg,group3_3,3,group4_17.jpg,group4_17,4,False,112,117
group3_3.jpg,group3_3,3,group4_27.jpg,group4_27,4,False,112,82
group3_7.jpg,group3_7,3,group4_11.jpg,group4_11,4,False,112,141
group3_9.jpg,group3_9,3,group4_7.jpg,group4_7,4,False,112,136
group4_1.jpg,group4_1,4,group4_6.jpg,group4_6,4,True,112,94
group4_11.jpg,group4_11,4,group4_15.jpg,group4_15,4,True,112,121
group4_12.jpg,group4_12,4,group4_20.jpg,group4_20,4,True,112,137
group4_13.jpg,group4_13,4,group4_26.jpg,group4_26,4,True,112,71
group4_20.jpg,group4_20,4,group4_23.jpg,group4_23,4,True,112,121
group4_20.jpg,group4_20,4,group4_8.jpg,group4_8,4,True,112,43
group4_24.jpg,group4_24,4,group4_28.jpg,group4_28,4,True,112,96
group4_25.jpg,group4_25,4,group4_3.jpg,group4_3,4,True,112,99
group4_27.jpg,group4_27,4,group4_4.jpg,group4_4,4,True,112,91
group4_29.jpg,group4_29,4,group4_7.jpg,group4_7,4,True,112,121
group4_6.jpg,group4_6,4,group4_8.jpg,group4_8,4,True,112,96
group1_1.jpeg,group1_1,1,group2_18.png,group2_18,2,False,114,33
group1_1.jpeg,group1_1,1,group2_27.png,group2_27,2,False,114,45
group1_1.jpeg,group1_1,1,group2_44.png,group2_44,2,False,114,69
group1_1.jpeg,group1_1,1,group2_5.png,group2_5,2,False,114,64
group1_1.jpeg,group1_1,1,group4_24.jpg,group4_24,4,False,114,59
group1_1.jpeg,group1_1,1,group4_3.jpg,group4_3,4,False,114,84
group1_10.png,group1_10,1,group1_26.jpg,group1_26,1,True,114,98
group1_10.png,group1_10,1,group1_3.png,group1_3,1,True,114,56
group1_10.png,group1_10,1,group2_11.png,group2_11,2,False,114,49
group1_10.png,group1_10,1,group2_18.png,group2_18,2,False,114,47
group1_10.png,group1_10,1,group2_2.png,group2_2,2,False,114,81
group1_10.png,group1_10,1,group2_27.png,group2_27,2,False,114,51
group1_10.png,group1_10,1,group2_36.png,group2_36,2,False,114,49
group1_10.png,group1_10,1,group3_15.png,group3_15,3,False,114,122
group1_10.png,group1_10,1,group3_7.jpg,group3_7,3,False,114,101
group1_10.png,group1_10,1,group4_21.jpg,group4_21,4,False,114,115
group1_10.png,group1_10,1,group4_24.jpg,group4_24,4,False,114,65
group1_10.png,group1_10,1,group4_25.jpg,group4_25,4,False,114,105
group1_10.png,group1_10,1,group4_4.jpg,group4_4,4,False,114,139
group1_10.png,group1_10,1,group4_9.jpg,group4_9,4,False,114,160
group1_11.png,group1_11,1,group2_15.png,group2_15,2,False,114,62
group1_11.png,group1_11,1,group2_41.png,group2_41,2,False,114,68
group1_11.png,group1_11,1,group3_24.png,group3_24,3,False,114,48
group1_11.png,group1_11,1,group3_8.jpg,group3_8,3,False,114,36
group1_11.png,group1_11,1,group4_12.jpg,group4_12,4,False,114,123
group1_11.png,group1_11,1,group4_14.jpg,group4_14,4,False,114,151
group1_12.png,group1_12,1,group1_16.png,group1_16,1,True,114,72
group1_12.png,group1_12,1,group1_19.jpg,group1_19,1,True,114,59
group1_12.png,group1_12,1,group1_20.jpg,group1_20,1,True,114,64
group1_12.png,group1_12,1,group2_20.png,group2_20,2,False,114,36
group1_12.png,group1_12,1,group2_43.png,group2_43,2,False,114,85
group1_12.png,group1_12,1,group3_29.png,group3_29,3,False,114,119
group1_12.png,group1_12,1,group4_22.jpg,group4_22,4,False,114,117
group1_13.png,group1_13,1,group1_23.jpg,group1_23,1,True,114,72
group1_13.png,group1_13,1,group2_29.png,group2_29,2,False,114,45
group1_13.png,group1_13,1,group2_7.png,group2_7,2,False,114,57
group1_13.png,group1_13,1,group3_21.png,group3_21,3,False,114,59
group1_13.png,group1_13,1,group3_22.png,group3_22,3,False,114,99
group1_13.png,group1_13,1,group3_23.png,group3_23,3,False,114,101
group1_13.png,group1_13,1,group3_30.png,group3_30,3,False,114,143
group1_14.png,group1_14,1,group1_16.png,group1_16,1,True,114,58
group1_14.png,group1_14,1,group1_20.jpg,group1_20,1,True,114,28
group1_14.png,group1_14,1,group1_23.jpg,group1_23,1,True,114,74
group1_14.png,group1_14,1,group1_6.png,group1_6,1,True,114,45
group1_14.png,group1_14,1,group2_43.png,group2_43,2,False,114,89
group1_14.png,group1_14,1,group2_45.png,group2_45,2,False,114,50
group1_14.png,group1_14,1,group3_15.png,group3_15,3,False,114,95
group1_14.png,group1_14,1,group3_7.jpg,group3_7,3,False,114,78
group1_14.png,group1_14,1,group4_4.jpg,group4_4,4,False,114,110
group1_15.png,group1_15,1,group1_2.png,group1_2,1,True,114,29
group1_15.png,group1_15,1,group1_24.jpg,group1_24,1,True,114,67
group1_15.png,group1_15,1,group2_21.png,group2_21,2,False,114,43
group1_15.png,group1_15,1,group2_25.png,group2_25,2,False,114,55
group1_15.png,group1_15,1,group2_32.png,group2_32,2,False,114,36
group1_15.png,group1_15,1,group2_35.png,group2_35,2,False,114,65
group1_15.png,group1_15,1,group2_39.png,group2_39,2,False,114,59
group1_15.png,group1_15,1,group3_19.png,group3_19,3,False,114,85
group1_15.png,group1_15,1,group3_2.jpg,group3_2,3,False,114,98
group1_15.png,group1_15,1,group3_7.jpg,group3_7,3,False,114,91
group1_15.png,group1_15,1,group4_24.jpg,group4_24,4,False,114,65
group1_15.png,group1_15,1,group4_4.jpg,group4_4,4,False,114,119
group1_15.png,group1_15,1,group4_7.jpg,group4_7,4,False,114,120
group1_16.png,group1_16,1,group1_9.png,group1_9,1,True,114,81
group1_16.png,group1_16,1,group2_10.png,group2_10,2,False,114,63
group1_16.png,group1_16,1,group2_25.png,group2_25,2,False,114,42
group1_16.png,group1_16,1,group3_14.png,group3_14,3,False,114,74
group1_16.png,group1_16,1,group3_25.png,group3_25,3,False,114,69
group1_17.png,group1_17,1,group2_15.png,group2_15,2,False,114,61
group1_17.png,group1_17,1,group2_34.png,group2_34,2,False,114,59
group1_17.png,group1_17,1,group2_42.png,group2_42,2,False,114,97
group1_17.png,group1_17,1,group2_43.png,group2_43,2,False,114,104
group1_18.png,group1_18,1,group3_22.png,group3_22,3,False,114,108
group1_18.png,group1_18,1,group4_20.jpg,group4_20,4,False,114,153
group1_19.jpg,group1_19,1,group2_38.png,group2_38,2,False,114,41
group1_19.jpg,group1_19,1,group3_17.png,group3_17,3,False,114,67
group1_19.jpg,group1_19,1,group3_25.png,group3_25,3,False,114,74
group1_19.jpg,group1_19,1,group4_11.jpg,group4_11,4,False,114,128
group1_19.jpg,group1_19,1,group4_21.jpg,group4_21,4,False,114,133
group1_2.png,group1_2,1,group1_5.png,group1_5,1,True,114,62
group1_2.png,group1_2,1,group1_9.png,group1_9,1,True,114,35
group1_2.png,group1_2,1,group2_3.png,group2_3,2,False,114,67
group1_2.png,group1_2,1,group2_32.png,group2_32,2,False,114,45
group1_2.png,group1_2,1,group2_9.png,group2_9,2,False,114,38
group1_2.png,group1_2,1,group3_29 2.png,group3_29 2,3,False,114,115
group1_20.jpg,group1_20,1,group2_23.png,group2_23,2,False,114,83
group1_20.jpg,group1_20,1,group2_29.png,group2_29,2,False,114,49
group1_20.jpg,group1_20,1,group2_43.png,group2_43,2,False,114,91
group1_20.jpg,group1_20,1,group3_25.png,group3_25,3,False,114,71
group1_20.jpg,group1_20,1,group4_11.jpg,group4_11,4,False,114,129
group1_20.jpg,group1_20,1,group4_30.jpg,group4_30,4,False,114,83
group1_21.jpg,group1_21,1,group2_31.png,group2_31,2,False,114,43
group1_21.jpg,group1_21,1,group2_43.png,group2_43,2,False,114,97
group1_21.jpg,group1_21,1,group3_10.jpg,group3_10,3,False,114,74
group1_21.jpg,group1_21,1,group3_2.jpg,group3_2,3,False,114,109
group1_21.jpg,group1_21,1,group4_24.jpg,group4_24,4,False,114,80
group1_21.jpg,group1_21,1,group4_25.jpg,group4_25,4,False,114,96
group1_21.jpg,group1_21,1,group4_6.jpg,group4_6,4,False,114,153
group1_22.jpg,group1_22,1,group2_18.png,group2_18,2,False,114,80
group1_22.jpg,group1_22,1,group3_2.jpg,group3_2,3,False,114,109
group1_22.jpg,group1_22,1,group3_21.png,group3_21,3,False,114,85
group1_22.jpg,group1_22,1,group4_4.jpg,group4_4,4,False,114,66
group1_23.jpg,group1_23,1,group2_14.png,group2_14,2,False,114,71
group1_23.jpg,group1_23,1,group2_20.png,group2_20,2,False,114,92
group1_23.jpg,group1_23,1,group2_7.png,group2_7,2,False,114,93
group1_23.jpg,group1_23,1,group3_12.png,group3_12,3,False,114,78
group1_23.jpg,group1_23,1,group3_13.png,group3_13,3,False,114,107
group1_23.jpg,group1_23,1,group3_15.png,group3_15,3,False,114,83
group1_23.jpg,group1_23,1,group4_28.jpg,group4_28,4,False,114,82
group1_23.jpg,group1_23,1,group4_30.jpg,group4_30,4,False,114,77
group1_23.jpg,group1_23,1,group4_4.jpg,group4_4,4,False,114,86
group1_23.jpg,group1_23,1,group4_8.jpg,group4_8,4,False,114,119
group1_24.jpg,group1_24,1,group2_13.png,group2_13,2,False,114,36
group1_24.jpg,group1_24,1,group2_24.png,group2_24,2,False,114,38
group1_24.jpg,group1_24,1,group2_33.png,group2_33,2,False,114,29
group1_24.jpg,group1_24,1,group2_5.png,group2_5,2,False,114,37
group1_24.jpg,group1_24,1,group2_6.png,group2_6,2,False,114,83
group1_24.jpg,group1_24,1,group3_15.png,group3_15,3,False,114,79
group1_24.jpg,group1_24,1,group4_23.jpg,group4_23,4,False,114,67
group1_25.jpg,group1_25,1,group1_3.png,group1_3,1,True,114,55
group1_25.jpg,group1_25,1,group3_14.png,group3_14,3,False,114,98
group1_25.jpg,group1_25,1,group3_25.png,group3_25,3,False,114,65
group1_25.jpg,group1_25,1,group4_26.jpg,group4_26,4,False,114,100
group1_26.jpg,group1_26,1,group2_20.png,group2_20,2,False,114,93
group1_26.jpg,group1_26,1,group2_22.png,group2_22,2,False,114,57
group1_26.jpg,group1_26,1,group2_25.png,group2_25,2,False,114,57
group1_26.jpg,group1_26,1,group3_3.jpg,group3_3,3,False,114,120
group1_26.jpg,group1_26,1,group4_14.jpg,group4_14,4,False,114,132
group1_3.png,group1_3,1,group1_4.png,group1_4,1,True,114,70
group1_3.png,group1_3,1,group2_13.png,group2_13,2,False,114,47
group1_3.png,group1_3,1,group2_37.png,group2_37,2,False,114,47
group1_3.png,group1_3,1,group3_25.png,group3_25,3,False,114,82
group1_3.png,group1_3,1,group4_16.jpg,group4_16,4,False,114,148
group1_4.png,group1_4,1,group4_10.jpg,group4_10,4,False,114,111
group1_4.png,group1_4,1,group4_13.jpg,group4_13,4,False,114,116
group1_4.png,group1_4,1,group4_26.jpg,group4_26,4,False,114,81
group1_4.png,group1_4,1,group4_5.jpg,group4_5,4,False,114,156
group1_5.png,group1_5,1,group2_23.png,group2_23,2,False,114,87
group1_5.png,group1_5,1,group2_37.png,group2_37,2,False,114,60
group1_5.png,group1_5,1,group3_2.jpg,group3_2,3,False,114,109
group1_6.png,group1_6,1,group1_9.png,group1_9,1,True,114,56
group1_6.png,group1_6,1,group2_20.png,group2_20,2,False,114,77
group1_6.png,group1_6,1,group2_23.png,group2_23,2,False,114,94
group1_6.png,group1_6,1,group2_36.png,group2_36,2,False,114,69
group1_6.png,group1_6,1,group3_10.jpg,group3_10,3,False,114,63
group1_6.png,group1_6,1,group3_12.png,group3_12,3,False,114,95
group1_6.png,group1_6,1,group3_19.png,group3_19,3,False,114,77
group1_7.png,group1_7,1,group2_13.png,group2_13,2,False,114,50
group1_7.png,group1_7,1,group2_26.png,group2_26,2,False,114,60
group1_7.png,group1_7,1,group3_9.jpg,group3_9,3,False,114,117
group1_7.png,group1_7,1,group4_23.jpg,group4_23,4,False,114,115
group1_8.png,group1_8,1,group2_25.png,group2_25,2,False,114,61
group1_8.png,group1_8,1,group2_26.png,group2_26,2,False,114,95
group1_8.png,group1_8,1,group2_30.png,group2_30,2,False,114,43
group1_8.png,group1_8,1,group2_5.png,group2_5,2,False,114,94
group1_8.png,group1_8,1,group3_11.jpg,group3_11,3,False,114,95
group1_8.png,group1_8,1,group3_21.png,group3_21,3,False,114,94
group1_8.png,group1_8,1,group3_7.jpg,group3_7,3,False,114,107
group1_8.png,group1_8,1,group3_9.jpg,group3_9,3,False,114,110
group1_9.png,group1_9,1,group2_20.png,group2_20,2,False,114,49
group1_9.png,group1_9,1,group2_23.png,group2_23,2,False,114,68
group1_9.png,group1_9,1,group2_26.png,group2_26,2,False,114,71
group1_9.png,group1_9,1,group2_45.png,group2_45,2,False,114,43
group1_9.png,group1_9,1,group3_24.png,group3_24,3,False,114,79
group1_9.png,group1_9,1,group4_24.jpg,group4_24,4,False,114,89
group1_9.png,group1_9,1,group4_29.jpg,group4_29,4,False,114,137
group2_1.png,group2_1,2,group2_13.png,group2_13,2,True,114,125
group2_1.png,group2_1,2,group2_7.png,group2_7,2,True,114,130
group2_10.png,group2_10,2,group2_17.png,group2_17,2,True,114,97
group2_10.png,group2_10,2,group3_12.png,group3_12,3,False,114,131
group2_10.png,group2_10,2,group3_18.png,group3_18,3,False,114,99
group2_10.png,group2_10,2,group4_17.jpg,group4_17,4,False,114,173
group2_10.png,group2_10,2,group4_25.jpg,group4_25,4,False,114,85
group2_10.png,group2_10,2,group4_9.jpg,group4_9,4,False,114,182
group2_11.png,group2_11,2,group2_24.png,group2_24,2,True,114,72
group2_11.png,group2_11,2,group2_39.png,group2_39,2,True,114,72
group2_11.png,group2_11,2,group2_43.png,group2_43,2,True,114,89
group2_11.png,group2_11,2,group4_26.jpg,group4_26,4,False,114,132
group2_13.png,group2_13,2,group2_18.png,group2_18,2,True,114,34
group2_13.png,group2_13,2,group2_27.png,group2_27,2,True,114,22
group2_13.png,group2_13,2,group2_36.png,group2_36,2,True,114,34
group2_13.png,group2_13,2,group2_42.png,group2_42,2,True,114,102
group2_13.png,group2_13,2,group2_44.png,group2_44,2,True,114,52
group2_13.png,group2_13,2,group2_6.png,group2_6,2,True,114,69
group2_13.png,group2_13,2,group4_16.jpg,group4_16,4,False,114,161
group2_14.png,group2_14,2,group2_20.png,group2_20,2,True,114,39
group2_14.png,group2_14,2,group2_8.png,group2_8,2,True,114,85
group2_14.png,group2_14,2,group3_12.png,group3_12,3,False,114,119
group2_14.png,group2_14,2,group3_20.png,group3_20,3,False,114,81
group2_14.png,group2_14,2,group3_25.png,group3_25,3,False,114,60
group2_14.png,group2_14,2,group4_30.jpg,group4_30,4,False,114,102
group2_15.png,group2_15,2,group2_25.png,group2_25,2,True,114,50
group2_15.png,group2_15,2,group2_5.png,group2_5,2,True,114,63
group2_15.png,group2_15,2,group3_10.jpg,group3_10,3,False,114,70
group2_15.png,group2_15,2,group3_5.jpg,group3_5,3,False,114,93
group2_15.png,group2_15,2,group3_7.jpg,group3_7,3,False,114,92
group2_15.png,group2_15,2,group3_8.jpg,group3_8,3,False,114,76
group2_15.png,group2_15,2,group4_4.jpg,group4_4,4,False,114,120
group2_16.png,group2_16,2,group2_27.png,group2_27,2,True,114,36
group2_16.png,group2_16,2,group2_30.png,group2_30,2,True,114,78
group2_16.png,group2_16,2,group2_33.png,group2_33,2,True,114,39
group2_16.png,group2_16,2,group3_1.jpg,group3_1,3,False,114,124
group2_16.png,group2_16,2,group3_20.png,group3_20,3,False,114,60
group2_16.png,group2_16,2,group4_6.jpg,group4_6,4,False,114,163
group2_17.png,group2_17,2,group2_33.png,group2_33,2,True,114,87
group2_17.png,group2_17,2,group2_35.png,group2_35,2,True,114,118
group2_17.png,group2_17,2,group2_39.png,group2_39,2,True,114,90
group2_17.png,group2_17,2,group3_21.png,group3_21,3,False,114,65
group2_17.png,group2_17,2,group3_23.png,group3_23,3,False,114,111
group2_17.png,group2_17,2,group4_25.jpg,group4_25,4,False,114,72
group2_18.png,group2_18,2,group3_16.png,group3_16,3,False,114,84
group2_18.png,group2_18,2,group3_17.png,group3_17,3,False,114,42
group2_18.png,group2_18,2,group3_29.png,group3_29,3,False,114,105
group2_18.png,group2_18,2,group3_7.jpg,group3_7,3,False,114,80
group2_19.png,group2_19,2,group4_9.jpg,group4_9,4,False,114,200
group2_2.png,group2_2,2,group2_23.png,group2_23,2,True,114,93
group2_2.png,group2_2,2,group2_25.png,group2_25,2,True,114,46
group2_2.png,group2_2,2,group2_42.png,group2_42,2,True,114,114
group2_2.png,group2_2,2,group3_11.jpg,group3_11,3,False,114,46
group2_2.png,group2_2,2,group3_12.png,group3_12,3,False,114,98
group2_2.png,group2_2,2,group3_14.png,group3_14,3,False,114,78
group2_2.png,group2_2,2,group3_25.png,group3_25,3,False,114,67
group2_2.png,group2_2,2,group3_28.png,group3_28,3,False,114,197
group2_2.png,group2_2,2,group3_29.png,group3_29,3,False,114,81
group2_2.png,group2_2,2,group4_16.jpg,group4_16,4,False,114,131
group2_20.png,group2_20,2,group3_11.jpg,group3_11,3,False,114,104
group2_20.png,group2_20,2,group3_12.png,group3_12,3,False,114,136
group2_20.png,group2_20,2,group3_22.png,group3_22,3,False,114,99
group2_20.png,group2_20,2,group4_27.jpg,group4_27,4,False,114,147
group2_21.png,group2_21,2,group2_22.png,group2_22,2,True,114,60
group2_21.png,group2_21,2,group2_3.png,group2_3,2,True,114,79
group2_21.png,group2_21,2,group3_10.jpg,group3_10,3,False,114,62
group2_21.png,group2_21,2,group3_20.png,group3_20,3,False,114,72
group2_21.png,group2_21,2,group3_24.png,group3_24,3,False,114,88
group2_21.png,group2_21,2,group3_7.jpg,group3_7,3,False,114,78
group2_22.png,group2_22,2,group2_33.png,group2_33,2,True,114,39
group2_22.png,group2_22,2,group2_36.png,group2_36,2,True,114,64
group2_22.png,group2_22,2,group3_12.png,group3_12,3,False,114,96
group2_22.png,group2_22,2,group3_25.png,group3_25,3,False,114,65
group2_23.png,group2_23,2,group4_28.jpg,group4_28,4,False,114,123
group2_24.png,group2_24,2,group2_38.png,group2_38,2,True,114,64
group2_24.png,group2_24,2,group4_30.jpg,group4_30,4,False,114,73
group2_25.png,group2_25,2,group2_27.png,group2_27,2,True,114,34
group2_25.png,group2_25,2,group2_8.png,group2_8,2,True,114,80
group2_25.png,group2_25,2,group3_17.png,group3_17,3,False,114,54
group2_25.png,group2_25,2,group4_30.jpg,group4_30,4,False,114,85
group2_26.png,group2_26,2,group2_35.png,group2_35,2,True,114,66
group2_26.png,group2_26,2,group2_8.png,group2_8,2,True,114,64
group2_26.png,group2_26,2,group3_16.png,group3_16,3,False,114,120
group2_26.png,group2_26,2,group3_3.jpg,group3_3,3,False,114,113
group2_26.png,group2_26,2,group4_21.jpg,group4_21,4,False,114,114
group2_26.png,group2_26,2,group4_23.jpg,group4_23,4,False,114,57
group2_26.png,group2_26,2,group4_29.jpg,group4_29,4,False,114,100
group2_27.png,group2_27,2,group3_14.png,group3_14,3,False,114,108
group2_28.png,group2_28,2,group4_11.jpg,group4_11,4,False,114,126
group2_28.png,group2_28,2,group4_7.jpg,group4_7,4,False,114,138
group2_29.png,group2_29,2,group2_31.png,group2_31,2,True,114,50
group2_29.png,group2_29,2,group3_22.png,group3_22,3,False,114,108
group2_29.png,group2_29,2,group4_22.jpg,group4_22,4,False,114,122
group2_3.png,group2_3,2,group3_11.jpg,group3_11,3,False,114,69
group2_3.png,group2_3,2,group3_2.jpg,group3_2,3,False,114,106
group2_30.png,group2_30,2,group4_23.jpg,group4_23,4,False,114,93
group2_31.png,group2_31,2,group2_34.png,group2_34,2,True,114,63
group2_31.png,group2_31,2,group2_38.png,group2_38,2,True,114,27
group2_31.png,group2_31,2,group2_8.png,group2_8,2,True,114,75
group2_31.png,group2_31,2,group3_10.jpg,group3_10,3,False,114,57
group2_31.png,group2_31,2,group3_2.jpg,group3_2,3,False,114,108
group2_31.png,group2_31,2,group4_23.jpg,group4_23,4,False,114,74
group2_32.png,group2_32,2,group2_40.png,group2_40,2,True,114,68
group2_32.png,group2_32,2,group3_16.png,group3_16,3,False,114,73
group2_32.png,group2_32,2,group3_21.png,group3_21,3,False,114,62
group2_32.png,group2_32,2,group3_26.png,group3_26,3,False,114,114
group2_33.png,group2_33,2,group4_23.jpg,group4_23,4,False,114,80
group2_34.png,group2_34,2,group2_35.png,group2_35,2,True,114,74
group2_34.png,group2_34,2,group3_10.jpg,group3_10,3,False,114,86
group2_35.png,group2_35,2,group2_7.png,group2_7,2,True,114,73
group2_35.png,group2_35,2,group3_16.png,group3_16,3,False,114,90
group2_35.png,group2_35,2,group3_19.png,group3_19,3,False,114,90
group2_36.png,group2_36,2,group3_14.png,group3_14,3,False,114,104
group2_36.png,group2_36,2,group3_15.png,group3_15,3,False,114,95
group2_36.png,group2_36,2,group3_2.jpg,group3_2,3,False,114,129
group2_36.png,group2_36,2,group3_21.png,group3_21,3,False,114,63
group2_36.png,group2_36,2,group4_16.jpg,group4_16,4,False,114,147
group2_36.png,group2_36,2,group4_24.jpg,group4_24,4,False,114,84
group2_37.png,group2_37,2,group2_38.png,group2_38,2,True,114,46
group2_37.png,group2_37,2,group2_8.png,group2_8,2,True,114,74
group2_37.png,group2_37,2,group3_10.jpg,group3_10,3,False,114,76
group2_37.png,group2_37,2,group3_19.png,group3_19,3,False,114,78
group2_37.png,group2_37,2,group3_22.png,group3_22,3,False,114,107
group2_37.png,group2_37,2,group3_29.png,group3_29,3,False,114,109
group2_37.png,group2_37,2,group4_29.jpg,group4_29,4,False,114,132
group2_38.png,group2_38,2,group3_11.jpg,group3_11,3,False,114,62
group2_38.png,group2_38,2,group3_13.png,group3_13,3,False,114,111
group2_38.png,group2_38,2,group3_19.png,group3_19,3,False,114,60
group2_38.png,group2_38,2,group4_3.jpg,group4_3,4,False,114,85
group2_39.png,group2_39,2,group4_18.jpg,group4_18,4,False,114,146
group2_39.png,group2_39,2,group4_27.jpg,group4_27,4,False,114,131
group2_39.png,group2_39,2,group4_8.jpg,group4_8,4,False,114,139
group2_4.png,group2_4,2,group2_42.png,group2_42,2,True,114,108
group2_4.png,group2_4,2,group3_16.png,group3_16,3,False,114,110
group2_4.png,group2_4,2,group4_12.jpg,group4_12,4,False,114,117
group2_40.png,group2_40,2,group3_10.jpg,group3_10,3,False,114,41
group2_40.png,group2_40,2,group3_12.png,group3_12,3,False,114,87
group2_40.png,group2_40,2,group3_16.png,group3_16,3,False,114,125
group2_40.png,group2_40,2,group3_17.png,group3_17,3,False,114,41
group2_40.png,group2_40,2,group4_15.jpg,group4_15,4,False,114,143
group2_40.png,group2_40,2,group4_25.jpg,group4_25,4,False,114,65
group2_41.png,group2_41,2,group4_27.jpg,group4_27,4,False,114,139
group2_42.png,group2_42,2,group3_13.png,group3_13,3,False,114,101
group2_42.png,group2_42,2,group3_20.png,group3_20,3,False,114,118
group2_42.png,group2_42,2,group3_26.png,group3_26,3,False,114,139
group2_44.png,group2_44,2,group3_1.jpg,group3_1,3,False,114,154
group2_44.png,group2_44,2,group3_20.png,group3_20,3,False,114,102
group2_44.png,group2_44,2,group3_24.png,group3_24,3,False,114,78
group2_45.png,group2_45,2,group3_11.jpg,group3_11,3,False,114,88
group2_45.png,group2_45,2,group3_3.jpg,group3_3,3,False,114,121
group2_5.png,group2_5,2,group2_8.png,group2_8,2,True,114,61
group2_5.png,group2_5,2,group3_10.jpg,group3_10,3,False,114,35
group2_5.png,group2_5,2,group3_16.png,group3_16,3,False,114,127
group2_6.png,group2_6,2,group3_24.png,group3_24,3,False,114,103
group2_6.png,group2_6,2,group4_1.jpg,group4_1,4,False,114,172
group2_6.png,group2_6,2,group4_24.jpg,group4_24,4,False,114,73
group2_7.png,group2_7,2,group3_7.jpg,group3_7,3,False,114,93
group2_7.png,group2_7,2,group3_8.jpg,group3_8,3,False,114,95
group2_7.png,group2_7,2,group4_23.jpg,group4_23,4,False,114,120
group2_8.png,group2_8,2,group3_16.png,group3_16,3,False,114,90
group2_8.png,group2_8,2,group3_9.jpg,group3_9,3,False,114,99
group2_8.png,group2_8,2,group4_30.jpg,group4_30,4,False,114,93
group2_9.png,group2_9,2,group3_7.jpg,group3_7,3,False,114,80
group2_9.png,group2_9,2,group4_13.jpg,group4_13,4,False,114,183
group2_9.png,group2_9,2,group4_25.jpg,group4_25,4,False,114,104
group2_9.png,group2_9,2,group4_27.jpg,group4_27,4,False,114,161
group3_10.jpg,group3_10,3,group3_12.png,group3_12,3,True,114,100
group3_10.jpg,group3_10,3,group3_17.png,group3_17,3,True,114,50
group3_10.jpg,group3_10,3,group3_2.jpg,group3_2,3,True,114,81
group3_10.jpg,group3_10,3,group3_26.png,group3_26,3,True,114,101
group3_10.jpg,group3_10,3,group4_25.jpg,group4_25,4,False,114,68
group3_10.jpg,group3_10,3,group4_28.jpg,group4_28,4,False,114,92
group3_11.jpg,group3_11,3,group3_17.png,group3_17,3,True,114,62
group3_11.jpg,group3_11,3,group3_21.png,group3_21,3,True,114,47
group3_12.png,group3_12,3,group3_14.png,group3_14,3,True,114,96
group3_12.png,group3_12,3,group4_17.jpg,group4_17,4,False,114,156
group3_13.png,group3_13,3,group3_20.png,group3_20,3,True,114,113
group3_14.png,group3_14,3,group3_21.png,group3_21,3,True,114,83
group3_16.png,group3_16,3,group4_11.jpg,group4_11,4,False,114,125
group3_16.png,group3_16,3,group4_16.jpg,group4_16,4,False,114,143
group3_16.png,group3_16,3,group4_30.jpg,group4_30,4,False,114,139
group3_17.png,group3_17,3,group3_23.png,group3_23,3,True,114,109
group3_17.png,group3_17,3,group3_26.png,group3_26,3,True,114,113
group3_17.png,group3_17,3,group4_10.jpg,group4_10,4,False,114,114
group3_17.png,group3_17,3,group4_13.jpg,group4_13,4,False,114,133
group3_18.png,group3_18,3,group3_19.png,group3_19,3,True,114,110
group3_18.png,group3_18,3,group3_23.png,group3_23,3,True,114,87
group3_18.png,group3_18,3,group4_20.jpg,group4_20,4,False,114,110
group3_19.png,group3_19,3,group4_18.jpg,group4_18,4,False,114,158
group3_2.jpg,group3_2,3,group3_7.jpg,group3_7,3,True,114,95
group3_2.jpg,group3_2,3,group4_22.jpg,group4_22,4,False,114,64
group3_2.jpg,group3_2,3,group4_26.jpg,group4_26,4,False,114,81
group3_20.png,group3_20,3,group4_18.jpg,group4_18,4,False,114,134
group3_21.png,group3_21,3,group3_22.png,group3_22,3,True,114,86
group3_22.png,group3_22,3,group3_25.png,group3_25,3,True,114,94
group3_22.png,group3_22,3,group3_29 2.png,group3_29 2,3,True,114,114
group3_22.png,group3_22,3,group3_5.jpg,group3_5,3,True,114,84
group3_23.png,group3_23,3,group4_19.jpg,group4_19,4,False,114,109
group3_24.png,group3_24,3,group3_3.jpg,group3_3,3,True,114,87
group3_24.png,group3_24,3,group4_16.jpg,group4_16,4,False,114,119
group3_24.png,group3_24,3,group4_17.jpg,group4_17,4,False,114,170
group3_24.png,group3_24,3,group4_26.jpg,group4_26,4,False,114,88
group3_26.png,group3_26,3,group3_27.png,group3_27,3,True,114,158
group3_26.png,group3_26,3,group4_23.jpg,group4_23,4,False,114,86
group3_27.png,group3_27,3,group4_15.jpg,group4_15,4,False,114,111
group3_28.png,group3_28,3,group4_1.jpg,group4_1,4,False,114,48
group3_29 2.png,group3_29 2,3,group4_16.jpg,group4_16,4,False,114,164
group3_29 2.png,group3_29 2,3,group4_3.jpg,group4_3,4,False,114,74
group3_29.png,group3_29,3,group4_13.jpg,group4_13,4,False,114,84
group3_29.png,group3_29,3,group4_15.jpg,group4_15,4,False,114,141
group3_3.jpg,group3_3,3,group3_5.jpg,group3_5,3,True,114,104
group3_8.jpg,group3_8,3,group4_28.jpg,group4_28,4,False,114,84
group4_10.jpg,group4_10,4,group4_12.jpg,group4_12,4,True,114,137
group4_10.jpg,group4_10,4,group4_27.jpg,group4_27,4,True,114,131
group4_12.jpg,group4_12,4,group4_9.jpg,group4_9,4,True,114,144
group4_13.jpg,group4_13,4,group4_30.jpg,group4_30,4,True,114,78
group4_14.jpg,group4_14,4,group4_19.jpg,group4_19,4,True,114,125
group4_16.jpg,group4_16,4,group4_19.jpg,group4_19,4,True,114,105
group4_17.jpg,group4_17,4,group4_4.jpg,group4_4,4,True,114,166
group4_18.jpg,group4_18,4,group4_29.jpg,group4_29,4,True,114,150
group4_19.jpg,group4_19,4,group4_22.jpg,group4_22,4,True,114,99
group4_22.jpg,group4_22,4,group4_27.jpg,group4_27,4,True,114,68
group4_25.jpg,group4_25,4,group4_27.jpg,group4_27,4,True,114,75
group4_6.jpg,group4_6,4,group4_7.jpg,group4_7,4,True,114,116
group4_8.jpg,group4_8,4,group4_9.jpg,group4_9,4,True,114,150
group1_1.jpeg,group1_1,1,group1_8.png,group1_8,1,True,116,54
group1_1.jpeg,group1_1,1,group2_11.png,group2_11,2,False,116,63
group1_1.jpeg,group1_1,1,group2_17.png,group2_17,2,False,116,89
group1_1.jpeg,group1_1,1,group2_35.png,group2_35,2,False,116,59
group1_1.jpeg,group1_1,1,group2_4.png,group2_4,2,False,116,51
group1_1.jpeg,group1_1,1,group2_43.png,group2_43,2,False,116,96
group1_1.jpeg,group1_1,1,group3_2.jpg,group3_2,3,False,116,106
group1_1.jpeg,group1_1,1,group3_25.png,group3_25,3,False,116,76
group1_1.jpeg,group1_1,1,group4_23.jpg,group4_23,4,False,116,78
group1_1.jpeg,group1_1,1,group4_27.jpg,group4_27,4,False,116,116
group1_10.png,group1_10,1,group1_2.png,group1_2,1,True,116,53
group1_10.png,group1_10,1,group2_33.png,group2_33,2,False,116,48
group1_10.png,group1_10,1,group3_12.png,group3_12,3,False,116,137
group1_10.png,group1_10,1,group4_13.jpg,group4_13,4,False,116,180
group1_11.png,group1_11,1,group2_33.png,group2_33,2,False,116,43
group1_11.png,group1_11,1,group2_39.png,group2_39,2,False,116,46
group1_11.png,group1_11,1,group2_40.png,group2_40,2,False,116,13
group1_11.png,group1_11,1,group3_2.jpg,group3_2,3,False,116,85
group1_11.png,group1_11,1,group3_26.png,group3_26,3,False,116,97
group1_12.png,group1_12,1,group2_16.png,group2_16,2,False,116,82
group1_12.png,group1_12,1,group2_30.png,group2_30,2,False,116,62
group1_12.png,group1_12,1,group2_5.png,group2_5,2,False,116,79
group1_13.png,group1_13,1,group1_15.png,group1_15,1,True,116,43
group1_13.png,group1_13,1,group2_27.png,group2_27,2,False,116,32
group1_13.png,group1_13,1,group3_15.png,group3_15,3,False,116,113
group1_13.png,group1_13,1,group3_19.png,group3_19,3,False,116,72
group1_13.png,group1_13,1,group4_12.jpg,group4_12,4,False,116,91
group1_14.png,group1_14,1,group4_17.jpg,group4_17,4,False,116,176
group1_15.png,group1_15,1,group3_13.png,group3_13,3,False,116,80
group1_16.png,group1_16,1,group2_22.png,group2_22,2,False,116,18
group1_16.png,group1_16,1,group2_42.png,group2_42,2,False,116,126
group1_16.png,group1_16,1,group4_9.jpg,group4_9,4,False,116,203
group1_17.png,group1_17,1,group2_27.png,group2_27,2,False,116,55
group1_17.png,group1_17,1,group2_35.png,group2_35,2,False,116,65
group1_17.png,group1_17,1,group2_37.png,group2_37,2,False,116,57
group1_17.png,group1_17,1,group2_38.png,group2_38,2,False,116,61
group1_17.png,group1_17,1,group4_10.jpg,group4_10,4,False,116,113
group1_17.png,group1_17,1,group4_25.jpg,group4_25,4,False,116,101
group1_18.png,group1_18,1,group2_16.png,group2_16,2,False,116,85
group1_18.png,group1_18,1,group2_32.png,group2_32,2,False,116,60
group1_18.png,group1_18,1,group4_8.jpg,group4_8,4,False,116,130
group1_19.jpg,group1_19,1,group2_16.png,group2_16,2,False,116,57
group1_19.jpg,group1_19,1,group2_37.png,group2_37,2,False,116,43
group1_19.jpg,group1_19,1,group3_23.png,group3_23,3,False,116,118
group1_19.jpg,group1_19,1,group3_8.jpg,group3_8,3,False,116,71
group1_19.jpg,group1_19,1,group4_12.jpg,group4_12,4,False,116,88
group1_19.jpg,group1_19,1,group4_13.jpg,group4_13,4,False,116,154
group1_19.jpg,group1_19,1,group4_30.jpg,group4_30,4,False,116,100
group1_19.jpg,group1_19,1,group4_9.jpg,group4_9,4,False,116,184
group1_2.png,group1_2,1,group1_21.jpg,group1_21,1,True,116,46
group1_2.png,group1_2,1,group2_18.png,group2_18,2,False,116,40
group1_2.png,group1_2,1,group2_37.png,group2_37,2,False,116,50
group1_2.png,group1_2,1,group2_42.png,group2_42,2,False,116,76
group1_2.png,group1_2,1,group3_7.jpg,group3_7,3,False,116,96
group1_2.png,group1_2,1,group4_12.jpg,group4_12,4,False,116,69
group1_2.png,group1_2,1,group4_16.jpg,group4_16,4,False,116,143
group1_2.png,group1_2,1,group4_26.jpg,group4_26,4,False,116,134
group1_20.jpg,group1_20,1,group2_27.png,group2_27,2,False,116,28
group1_20.jpg,group1_20,1,group2_33.png,group2_33,2,False,116,33
group1_20.jpg,group1_20,1,group2_8.png,group2_8,2,False,116,64
group1_20.jpg,group1_20,1,group3_10.jpg,group3_10,3,False,116,56
group1_20.jpg,group1_20,1,group4_12.jpg,group4_12,4,False,116,83
group1_20.jpg,group1_20,1,group4_13.jpg,group4_13,4,False,116,149
group1_20.jpg,group1_20,1,group4_25.jpg,group4_25,4,False,116,84
group1_20.jpg,group1_20,1,group4_7.jpg,group4_7,4,False,116,129
group1_21.jpg,group1_21,1,group1_23.jpg,group1_23,1,True,116,70
group1_21.jpg,group1_21,1,group2_11.png,group2_11,2,False,116,72
group1_21.jpg,group1_21,1,group2_18.png,group2_18,2,False,116,40
group1_21.jpg,group1_21,1,group2_27.png,group2_27,2,False,116,44
group1_21.jpg,group1_21,1,group2_8.png,group2_8,2,False,116,80
group1_21.jpg,group1_21,1,group3_11.jpg,group3_11,3,False,116,70
group1_21.jpg,group1_21,1,group4_9.jpg,group4_9,4,False,116,205
group1_22.jpg,group1_22,1,group2_42.png,group2_42,2,False,116,132
group1_22.jpg,group1_22,1,group3_12.png,group3_12,3,False,116,78
group1_22.jpg,group1_22,1,group4_27.jpg,group4_27,4,False,116,111
group1_23.jpg,group1_23,1,group1_6.png,group1_6,1,True,116,53
group1_23.jpg,group1_23,1,group2_13.png,group2_13,2,False,116,60
group1_23.jpg,group1_23,1,group2_15.png,group2_15,2,False,116,80
group1_23.jpg,group1_23,1,group2_35.png,group2_35,2,False,116,72
group1_23.jpg,group1_23,1,group2_37.png,group2_37,2,False,116,80
group1_23.jpg,group1_23,1,group3_10.jpg,group3_10,3,False,116,56
group1_23.jpg,group1_23,1,group3_2.jpg,group3_2,3,False,116,83
group1_23.jpg,group1_23,1,group3_23.png,group3_23,3,False,116,121
group1_23.jpg,group1_23,1,group3_8.jpg,group3_8,3,False,116,50
group1_24.jpg,group1_24,1,group3_20.png,group3_20,3,False,116,66
group1_25.jpg,group1_25,1,group4_10.jpg,group4_10,4,False,116,114
group1_25.jpg,group1_25,1,group4_9.jpg,group4_9,4,False,116,211
group1_26.jpg,group1_26,1,group2_11.png,group2_11,2,False,116,89
group1_26.jpg,group1_26,1,group2_30.png,group2_30,2,False,116,69
group1_26.jpg,group1_26,1,group2_38.png,group2_38,2,False,116,61
group1_26.jpg,group1_26,1,group2_41.png,group2_41,2,False,116,83
group1_26.jpg,group1_26,1,group4_19.jpg,group4_19,4,False,116,123
group1_3.png,group1_3,1,group2_12.png,group2_12,2,False,116,121
group1_3.png,group1_3,1,group2_16.png,group2_16,2,False,116,73
group1_3.png,group1_3,1,group2_19.png,group2_19,2,False,116,64
group1_3.png,group1_3,1,group2_31.png,group2_31,2,False,116,56
group1_3.png,group1_3,1,group4_22.jpg,group4_22,4,False,116,108
group1_4.png,group1_4,1,group1_5.png,group1_5,1,True,116,37
group1_4.png,group1_4,1,group2_17.png,group2_17,2,False,116,83
group1_4.png,group1_4,1,group4_25.jpg,group4_25,4,False,116,65
group1_5.png,group1_5,1,group2_21.png,group2_21,2,False,116,56
group1_5.png,group1_5,1,group3_18.png,group3_18,3,False,116,110
group1_5.png,group1_5,1,group3_23.png,group3_23,3,False,116,109
group1_5.png,group1_5,1,group3_9.jpg,group3_9,3,False,116,105
group1_5.png,group1_5,1,group4_8.jpg,group4_8,4,False,116,135
group1_6.png,group1_6,1,group2_1.png,group2_1,2,False,116,108
group1_6.png,group1_6,1,group2_33.png,group2_33,2,False,116,44
group1_6.png,group1_6,1,group2_41.png,group2_41,2,False,116,67
group1_6.png,group1_6,1,group3_23.png,group3_23,3,False,116,122
group1_6.png,group1_6,1,group3_3.jpg,group3_3,3,False,116,132
group1_7.png,group1_7,1,group1_9.png,group1_9,1,True,116,41
group1_7.png,group1_7,1,group2_29.png,group2_29,2,False,116,57
group1_7.png,group1_7,1,group2_5.png,group2_5,2,False,116,77
group1_7.png,group1_7,1,group3_13.png,group3_13,3,False,116,117
group1_7.png,group1_7,1,group4_19.jpg,group4_19,4,False,116,142
group1_7.png,group1_7,1,group4_25.jpg,group4_25,4,False,116,118
group1_8.png,group1_8,1,group2_16.png,group2_16,2,False,116,71
group1_8.png,group1_8,1,group2_20.png,group2_20,2,False,116,57
group1_8.png,group1_8,1,group2_35.png,group2_35,2,False,116,61
group1_8.png,group1_8,1,group3_20.png,group3_20,3,False,116,99
group1_9.png,group1_9,1,group2_10.png,group2_10,2,False,116,56
group1_9.png,group1_9,1,group2_13.png,group2_13,2,False,116,51
group1_9.png,group1_9,1,group2_15.png,group2_15,2,False,116,47
group1_9.png,group1_9,1,group2_36.png,group2_36,2,False,116,45
group1_9.png,group1_9,1,group2_7.png,group2_7,2,False,116,50
group1_9.png,group1_9,1,group4_4.jpg,group4_4,4,False,116,133
group2_1.png,group2_1,2,group3_15.png,group3_15,3,False,116,78
group2_1.png,group2_1,2,group4_27.jpg,group4_27,4,False,116,62
group2_10.png,group2_10,2,group2_29.png,group2_29,2,True,116,72
group2_10.png,group2_10,2,group2_44.png,group2_44,2,True,116,59
group2_10.png,group2_10,2,group3_15.png,group3_15,3,False,116,108
group2_10.png,group2_10,2,group4_3.jpg,group4_3,4,False,116,104
group2_11.png,group2_11,2,group2_32.png,group2_32,2,True,116,49
group2_11.png,group2_11,2,group4_14.jpg,group4_14,4,False,116,199
group2_12.png,group2_12,2,group2_13.png,group2_13,2,True,116,136
group2_12.png,group2_12,2,group2_42.png,group2_42,2,True,116,68
group2_12.png,group2_12,2,group3_29 2.png,group3_29 2,3,False,116,157
group2_13.png,group2_13,2,group3_29 2.png,group3_29 2,3,False,116,97
group2_14.png,group2_14,2,group2_21.png,group2_21,2,True,116,47
group2_14.png,group2_14,2,group2_32.png,group2_32,2,True,116,44
group2_14.png,group2_14,2,group2_34.png,group2_34,2,True,116,47
group2_14.png,group2_14,2,group2_36.png,group2_36,2,True,116,39
group2_15.png,group2_15,2,group2_35.png,group2_35,2,True,116,62
group2_15.png,group2_15,2,group2_41.png,group2_41,2,True,116,66
group2_15.png,group2_15,2,group4_16.jpg,group4_16,4,False,116,137
group2_15.png,group2_15,2,group4_24.jpg,group4_24,4,False,116,76
group2_15.png,group2_15,2,group4_28.jpg,group4_28,4,False,116,134
group2_16.png,group2_16,2,group2_20.png,group2_20,2,True,116,70
group2_16.png,group2_16,2,group2_22.png,group2_22,2,True,116,46
group2_16.png,group2_16,2,group2_23.png,group2_23,2,True,116,89
group2_16.png,group2_16,2,group3_12.png,group3_12,3,False,116,122
group2_16.png,group2_16,2,group4_26.jpg,group4_26,4,False,116,102
group2_16.png,group2_16,2,group4_30.jpg,group4_30,4,False,116,77
group2_17.png,group2_17,2,group2_23.png,group2_23,2,True,116,159
group2_17.png,group2_17,2,group2_32.png,group2_32,2,True,116,81
group2_17.png,group2_17,2,group3_11.jpg,group3_11,3,False,116,88
group2_17.png,group2_17,2,group4_13.jpg,group4_13,4,False,116,117
group2_18.png,group2_18,2,group2_39.png,group2_39,2,True,116,38
group2_18.png,group2_18,2,group3_10.jpg,group3_10,3,False,116,62
group2_18.png,group2_18,2,group3_11.jpg,group3_11,3,False,116,76
group2_18.png,group2_18,2,group4_30.jpg,group4_30,4,False,116,89
group2_19.png,group2_19,2,group2_27.png,group2_27,2,True,116,29
group2_19.png,group2_19,2,group2_33.png,group2_33,2,True,116,30
group2_19.png,group2_19,2,group3_11.jpg,group3_11,3,False,116,55
group2_19.png,group2_19,2,group3_14.png,group3_14,3,False,116,89
group2_19.png,group2_19,2,group4_26.jpg,group4_26,4,False,116,95
group2_2.png,group2_2,2,group2_7.png,group2_7,2,True,116,69
group2_2.png,group2_2,2,group3_13.png,group3_13,3,False,116,127
group2_2.png,group2_2,2,group3_29 2.png,group3_29 2,3,False,116,79
group2_20.png,group2_20,2,group2_31.png,group2_31,2,True,116,43
group2_20.png,group2_20,2,group2_41.png,group2_41,2,True,116,66
group2_20.png,group2_20,2,group3_15.png,group3_15,3,False,116,115
group2_20.png,group2_20,2,group3_26.png,group3_26,3,False,116,117
group2_21.png,group2_21,2,group2_23.png,group2_23,2,True,116,101
group2_21.png,group2_21,2,group2_24.png,group2_24,2,True,116,72
group2_21.png,group2_21,2,group2_35.png,group2_35,2,True,116,76
group2_21.png,group2_21,2,group4_26.jpg,group4_26,4,False,116,118
group2_22.png,group2_22,2,group2_44.png,group2_44,2,True,116,80
group2_22.png,group2_22,2,group4_4.jpg,group4_4,4,False,116,94
group2_24.png,group2_24,2,group2_33.png,group2_33,2,True,116,49
group2_24.png,group2_24,2,group2_8.png,group2_8,2,True,116,52
group2_24.png,group2_24,2,group3_29 2.png,group3_29 2,3,False,116,99
group2_24.png,group2_24,2,group4_1.jpg,group4_1,4,False,116,183
group2_25.png,group2_25,2,group2_43.png,group2_43,2,True,116,81
group2_25.png,group2_25,2,group2_45.png,group2_45,2,True,116,62
group2_25.png,group2_25,2,group2_6.png,group2_6,2,True,116,71
group2_25.png,group2_25,2,group2_9.png,group2_9,2,True,116,46
group2_25.png,group2_25,2,group3_11.jpg,group3_11,3,False,116,72
group2_25.png,group2_25,2,group4_28.jpg,group4_28,4,False,116,110
group2_26.png,group2_26,2,group2_4.png,group2_4,2,True,116,34
group2_26.png,group2_26,2,group2_41.png,group2_41,2,True,116,68
group2_26.png,group2_26,2,group3_23.png,group3_23,3,False,116,89
group2_26.png,group2_26,2,group3_5.jpg,group3_5,3,False,116,125
group2_26.png,group2_26,2,group4_7.jpg,group4_7,4,False,116,145
group2_27.png,group2_27,2,group3_13.png,group3_13,3,False,116,119
group2_27.png,group2_27,2,group3_7.jpg,group3_7,3,False,116,68
group2_28.png,group2_28,2,group3_19.png,group3_19,3,False,116,97
group2_28.png,group2_28,2,group4_15.jpg,group4_15,4,False,116,127
group2_29.png,group2_29,2,group2_8.png,group2_8,2,True,116,87
group2_29.png,group2_29,2,group3_21.png,group3_21,3,False,116,58
group2_29.png,group2_29,2,group3_28.png,group3_28,3,False,116,198
group2_29.png,group2_29,2,group3_30.png,group3_30,3,False,116,128
group2_29.png,group2_29,2,group4_24.jpg,group4_24,4,False,116,101
group2_30.png,group2_30,2,group3_16.png,group3_16,3,False,116,86
group2_30.png,group2_30,2,group3_29 2.png,group3_29 2,3,False,116,97
group2_30.png,group2_30,2,group4_26.jpg,group4_26,4,False,116,124
group2_30.png,group2_30,2,group4_9.jpg,group4_9,4,False,116,179
group2_31.png,group2_31,2,group3_12.png,group3_12,3,False,116,119
group2_31.png,group2_31,2,group3_29.png,group3_29,3,False,116,96
group2_31.png,group2_31,2,group4_24.jpg,group4_24,4,False,116,81
group2_32.png,group2_32,2,group2_43.png,group2_43,2,True,116,96
group2_32.png,group2_32,2,group2_5.png,group2_5,2,True,116,64
group2_32.png,group2_32,2,group3_11.jpg,group3_11,3,False,116,67
group2_32.png,group2_32,2,group3_17.png,group3_17,3,False,116,67
group2_32.png,group2_32,2,group4_15.jpg,group4_15,4,False,116,149
group2_33.png,group2_33,2,group2_39.png,group2_39,2,True,116,33
group2_33.png,group2_33,2,group2_4.png,group2_4,2,True,116,51
group2_33.png,group2_33,2,group2_41.png,group2_41,2,True,116,57
group2_33.png,group2_33,2,group3_15.png,group3_15,3,False,116,90
group2_33.png,group2_33,2,group3_6.jpg,group3_6,3,False,116,61
group2_33.png,group2_33,2,group4_19.jpg,group4_19,4,False,116,143
group2_33.png,group2_33,2,group4_8.jpg,group4_8,4,False,116,138
group2_34.png,group2_34,2,group4_26.jpg,group4_26,4,False,116,142
group2_34.png,group2_34,2,group4_4.jpg,group4_4,4,False,116,126
group2_35.png,group2_35,2,group3_10.jpg,group3_10,3,False,116,70
group2_35.png,group2_35,2,group3_21.png,group3_21,3,False,116,71
group2_35.png,group2_35,2,group3_6.jpg,group3_6,3,False,116,94
group2_35.png,group2_35,2,group4_27.jpg,group4_27,4,False,116,131
group2_36.png,group2_36,2,group2_38.png,group2_38,2,True,116,48
group2_36.png,group2_36,2,group2_9.png,group2_9,2,True,116,44
group2_36.png,group2_36,2,group3_12.png,group3_12,3,False,116,132
group2_36.png,group2_36,2,group3_29.png,group3_29,3,False,116,107
group2_36.png,group2_36,2,group3_6.jpg,group3_6,3,False,116,66
group2_36.png,group2_36,2,group4_11.jpg,group4_11,4,False,116,141
group2_36.png,group2_36,2,group4_17.jpg,group4_17,4,False,116,170
group2_36.png,group2_36,2,group4_21.jpg,group4_21,4,False,116,122
group2_37.png,group2_37,2,group2_44.png,group2_44,2,True,116,46
group2_37.png,group2_37,2,group3_26.png,group3_26,3,False,116,113
group2_38.png,group2_38,2,group2_5.png,group2_5,2,True,116,49
group2_38.png,group2_38,2,group3_28.png,group3_28,3,False,116,221
group2_38.png,group2_38,2,group3_29 2.png,group3_29 2,3,False,116,105
group2_38.png,group2_38,2,group4_29.jpg,group4_29,4,False,116,120
group2_39.png,group2_39,2,group3_12.png,group3_12,3,False,116,114
group2_39.png,group2_39,2,group3_5.jpg,group3_5,3,False,116,113
group2_39.png,group2_39,2,group4_24.jpg,group4_24,4,False,116,96
group2_39.png,group2_39,2,group4_28.jpg,group4_28,4,False,116,108
group2_39.png,group2_39,2,group4_9.jpg,group4_9,4,False,116,187
group2_4.png,group2_4,2,group3_29 2.png,group3_29 2,3,False,116,77
group2_4.png,group2_4,2,group4_4.jpg,group4_4,4,False,116,100
group2_40.png,group2_40,2,group2_43.png,group2_43,2,True,116,110
group2_40.png,group2_40,2,group2_7.png,group2_7,2,True,116,96
group2_40.png,group2_40,2,group3_9.jpg,group3_9,3,False,116,80
group2_40.png,group2_40,2,group4_10.jpg,group4_10,4,False,116,103
group2_41.png,group2_41,2,group3_21.png,group3_21,3,False,116,73
group2_41.png,group2_41,2,group4_21.jpg,group4_21,4,False,116,144
group2_41.png,group2_41,2,group4_4.jpg,group4_4,4,False,116,130
group2_42.png,group2_42,2,group3_2.jpg,group3_2,3,False,116,119
group2_42.png,group2_42,2,group3_9.jpg,group3_9,3,False,116,143
group2_42.png,group2_42,2,group4_27.jpg,group4_27,4,False,116,171
group2_43.png,group2_43,2,group3_19.png,group3_19,3,False,116,109
group2_43.png,group2_43,2,group3_26.png,group3_26,3,False,116,106
group2_43.png,group2_43,2,group4_25.jpg,group4_25,4,False,116,109
group2_44.png,group2_44,2,group3_17.png,group3_17,3,False,116,84
group2_44.png,group2_44,2,group3_18.png,group3_18,3,False,116,102
group2_45.png,group2_45,2,group3_30.png,group3_30,3,False,116,165
group2_5.png,group2_5,2,group2_6.png,group2_6,2,True,116,98
group2_5.png,group2_5,2,group3_3.jpg,group3_3,3,False,116,106
group2_5.png,group2_5,2,group4_26.jpg,group4_26,4,False,116,77
group2_5.png,group2_5,2,group4_7.jpg,group4_7,4,False,116,138
group2_6.png,group2_6,2,group4_7.jpg,group4_7,4,False,116,112
group2_7.png,group2_7,2,group4_21.jpg,group4_21,4,False,116,111
group2_7.png,group2_7,2,group4_3.jpg,group4_3,4,False,116,112
group2_7.png,group2_7,2,group4_7.jpg,group4_7,4,False,116,118
group2_8.png,group2_8,2,group3_17.png,group3_17,3,False,116,68
group2_9.png,group2_9,2,group3_11.jpg,group3_11,3,False,116,84
group3_1.jpg,group3_1,3,group3_27.png,group3_27,3,True,116,169
group3_1.jpg,group3_1,3,group4_15.jpg,group4_15,4,False,116,98
group3_1.jpg,group3_1,3,group4_18.jpg,group4_18,4,False,116,128
group3_1.jpg,group3_1,3,group4_3.jpg,group4_3,4,False,116,99
group3_10.jpg,group3_10,3,group3_9.jpg,group3_9,3,True,116,91
group3_11.jpg,group3_11,3,group3_24.png,group3_24,3,True,116,78
group3_11.jpg,group3_11,3,group4_24.jpg,group4_24,4,False,116,102
group3_11.jpg,group3_11,3,group4_28.jpg,group4_28,4,False,116,84
group3_11.jpg,group3_11,3,group4_3.jpg,group4_3,4,False,116,69
group3_11.jpg,group3_11,3,group4_5.jpg,group4_5,4,False,116,145
group3_12.png,group3_12,3,group4_27.jpg,group4_27,4,False,116,91
group3_13.png,group3_13,3,group3_22.png,group3_22,3,True,116,96
group3_13.png,group3_13,3,group3_8.jpg,group3_8,3,True,116,113
group3_13.png,group3_13,3,group3_9.jpg,group3_9,3,True,116,94
group3_13.png,group3_13,3,group4_13.jpg,group4_13,4,False,116,124
group3_13.png,group3_13,3,group4_21.jpg,group4_21,4,False,116,95
group3_13.png,group3_13,3,group4_27.jpg,group4_27,4,False,116,134
group3_14.png,group3_14,3,group3_16.png,group3_16,3,True,116,136
group3_14.png,group3_14,3,group3_24.png,group3_24,3,True,116,88
group3_14.png,group3_14,3,group4_26.jpg,group4_26,4,False,116,80
group3_15.png,group3_15,3,group3_20.png,group3_20,3,True,116,73
group3_15.png,group3_15,3,group3_9.jpg,group3_9,3,True,116,96
group3_15.png,group3_15,3,group4_9.jpg,group4_9,4,False,116,172
group3_16.png,group3_16,3,group3_19.png,group3_19,3,True,116,96
group3_17.png,group3_17,3,group3_8.jpg,group3_8,3,True,116,68
group3_17.png,group3_17,3,group3_9.jpg,group3_9,3,True,116,101
group3_18.png,group3_18,3,group3_29.png,group3_29,3,True,116,89
group3_18.png,group3_18,3,group4_1.jpg,group4_1,4,False,116,113
group3_18.png,group3_18,3,group4_23.jpg,group4_23,4,False,116,97
group3_18.png,group3_18,3,group4_7.jpg,group4_7,4,False,116,109
group3_19.png,group3_19,3,group3_25.png,group3_25,3,True,116,87
group3_19.png,group3_19,3,group3_5.jpg,group3_5,3,True,116,107
group3_19.png,group3_19,3,group4_26.jpg,group4_26,4,False,116,94
group3_19.png,group3_19,3,group4_5.jpg,group4_5,4,False,116,159
group3_2.jpg,group3_2,3,group3_23.png,group3_23,3,True,116,70
group3_2.jpg,group3_2,3,group3_5.jpg,group3_5,3,True,116,92
group3_20.png,group3_20,3,group3_25.png,group3_25,3,True,116,73
group3_20.png,group3_20,3,group4_19.jpg,group4_19,4,False,116,112
group3_20.png,group3_20,3,group4_27.jpg,group4_27,4,False,116,99
group3_20.png,group3_20,3,group4_5.jpg,group4_5,4,False,116,141
group3_21.png,group3_21,3,group3_28.png,group3_28,3,True,116,202
group3_22.png,group3_22,3,group3_3.jpg,group3_3,3,True,116,86
group3_23.png,group3_23,3,group3_29.png,group3_29,3,True,116,142
group3_23.png,group3_23,3,group3_5.jpg,group3_5,3,True,116,104
group3_23.png,group3_23,3,group4_14.jpg,group4_14,4,False,116,162
group3_24.png,group3_24,3,group4_21.jpg,group4_21,4,False,116,126
group3_25.png,group3_25,3,group4_23.jpg,group4_23,4,False,116,86
group3_25.png,group3_25,3,group4_26.jpg,group4_26,4,False,116,135
group3_26.png,group3_26,3,group4_12.jpg,group4_12,4,False,116,130
group3_26.png,group3_26,3,group4_24.jpg,group4_24,4,False,116,87
group3_26.png,group3_26,3,group4_26.jpg,group4_26,4,False,116,75
group3_26.png,group3_26,3,group4_28.jpg,group4_28,4,False,116,83
group3_27.png,group3_27,3,group4_17.jpg,group4_17,4,False,116,55
group3_28.png,group3_28,3,group3_29 2.png,group3_29 2,3,True,116,152
group3_28.png,group3_28,3,group3_7.jpg,group3_7,3,True,116,177
group3_28.png,group3_28,3,group4_28.jpg,group4_28,4,False,116,129
group3_29 2.png,group3_29 2,3,group3_5.jpg,group3_5,3,True,116,120
group3_29 2.png,group3_29 2,3,group3_9.jpg,group3_9,3,True,116,74
group3_3.jpg,group3_3,3,group3_8.jpg,group3_8,3,True,116,107
group3_3.jpg,group3_3,3,group4_21.jpg,group4_21,4,False,116,123
group3_3.jpg,group3_3,3,group4_9.jpg,group4_9,4,False,116,108
group3_30.png,group3_30,3,group3_6.jpg,group3_6,3,True,116,111
group3_30.png,group3_30,3,group4_18.jpg,group4_18,4,False,116,123
group3_5.jpg,group3_5,3,group4_1.jpg,group4_1,4,False,116,140
group3_5.jpg,group3_5,3,group4_28.jpg,group4_28,4,False,116,89
group3_8.jpg,group3_8,3,group4_14.jpg,group4_14,4,False,116,147
group3_8.jpg,group3_8,3,group4_21.jpg,group4_21,4,False,116,120
group3_8.jpg,group3_8,3,group4_26.jpg,group4_26,4,False,116,74
group3_8.jpg,group3_8,3,group4_5.jpg,group4_5,4,False,116,137
group3_8.jpg,group3_8,3,group4_7.jpg,group4_7,4,False,116,139
group3_9.jpg,group3_9,3,group4_13.jpg,group4_13,4,False,116,96
group4_1.jpg,group4_1,4,group4_8.jpg,group4_8,4,True,116,120
group4_10.jpg,group4_10,4,group4_14.jpg,group4_14,4,True,116,143
group4_11.jpg,group4_11,4,group4_12.jpg,group4_12,4,True,116,110
group4_11.jpg,group4_11,4,group4_13.jpg,group4_13,4,True,116,140
group4_11.jpg,group4_11,4,group4_14.jpg,group4_14,4,True,116,130
group4_11.jpg,group4_11,4,group4_30.jpg,group4_30,4,True,116,140
group4_11.jpg,group4_11,4,group4_6.jpg,group4_6,4,True,116,82
group4_11.jpg,group4_11,4,group4_7.jpg,group4_7,4,True,116,96
group4_12.jpg,group4_12,4,group4_23.jpg,group4_23,4,True,116,154
group4_13.jpg,group4_13,4,group4_6.jpg,group4_6,4,True,116,124
group4_14.jpg,group4_14,4,group4_15.jpg,group4_15,4,True,116,101
group4_14.jpg,group4_14,4,group4_24.jpg,group4_24,4,True,116,171
group4_16.jpg,group4_16,4,group4_23.jpg,group4_23,4,True,116,134
group4_16.jpg,group4_16,4,group4_9.jpg,group4_9,4,True,116,70
group4_17.jpg,group4_17,4,group4_26.jpg,group4_26,4,True,116,170
group4_17.jpg,group4_17,4,group4_9.jpg,group4_9,4,True,116,69
group4_18.jpg,group4_18,4,group4_20.jpg,group4_20,4,True,116,122
group4_18.jpg,group4_18,4,group4_3.jpg,group4_3,4,True,116,107
group4_19.jpg,group4_19,4,group4_28.jpg,group4_28,4,True,116,102
group4_21.jpg,group4_21,4,group4_23.jpg,group4_23,4,True,116,113
group4_23.jpg,group4_23,4,group4_3.jpg,group4_3,4,True,116,84
group4_23.jpg,group4_23,4,group4_7.jpg,group4_7,4,True,116,132
group4_23.jpg,group4_23,4,group4_8.jpg,group4_8,4,True,116,136
group4_25.jpg,group4_25,4,group4_5.jpg,group4_5,4,True,116,131
group4_26.jpg,group4_26,4,group4_28.jpg,group4_28,4,True,116,52
group4_27.jpg,group4_27,4,group4_28.jpg,group4_28,4,True,116,59
group4_27.jpg,group4_27,4,group4_29.jpg,group4_29,4,True,116,43
group4_27.jpg,group4_27,4,group4_9.jpg,group4_9,4,True,116,138
group4_29.jpg,group4_29,4,group4_30.jpg,group4_30,4,True,116,63
group1_1.jpeg,group1_1,1,group1_10.png,group1_10,1,True,118,60
group1_1.jpeg,group1_1,1,group2_15.png,group2_15,2,False,118,57
group1_1.jpeg,group1_1,1,group2_21.png,group2_21,2,False,118,47
group1_1.jpeg,group1_1,1,group2_40.png,group2_40,2,False,118,52
group1_1.jpeg,group1_1,1,group2_42.png,group2_42,2,False,118,95
group1_1.jpeg,group1_1,1,group3_16.png,group3_16,3,False,118,85
group1_1.jpeg,group1_1,1,group3_22.png,group3_22,3,False,118,108
group1_1.jpeg,group1_1,1,group4_9.jpg,group4_9,4,False,118,210
group1_10.png,group1_10,1,group1_14.png,group1_14,1,True,118,45
group1_10.png,group1_10,1,group2_13.png,group2_13,2,False,118,53
group1_10.png,group1_10,1,group2_4.png,group2_4,2,False,118,69
group1_10.png,group1_10,1,group2_41.png,group2_41,2,False,118,65
group1_10.png,group1_10,1,group2_45.png,group2_45,2,False,118,39
group1_10.png,group1_10,1,group2_5.png,group2_5,2,False,118,90
group1_10.png,group1_10,1,group4_17.jpg,group4_17,4,False,118,145
group1_10.png,group1_10,1,group4_23.jpg,group4_23,4,False,118,124
group1_10.png,group1_10,1,group4_7.jpg,group4_7,4,False,118,114
group1_11.png,group1_11,1,group1_8.png,group1_8,1,True,118,91
group1_11.png,group1_11,1,group2_18.png,group2_18,2,False,118,54
group1_11.png,group1_11,1,group2_34.png,group2_34,2,False,118,92
group1_11.png,group1_11,1,group4_21.jpg,group4_21,4,False,118,132
group1_11.png,group1_11,1,group4_5.jpg,group4_5,4,False,118,145
group1_11.png,group1_11,1,group4_7.jpg,group4_7,4,False,118,149
group1_12.png,group1_12,1,group1_13.png,group1_13,1,True,118,56
group1_12.png,group1_12,1,group1_24.jpg,group1_24,1,True,118,60
group1_12.png,group1_12,1,group1_25.jpg,group1_25,1,True,118,70
group1_12.png,group1_12,1,group2_2.png,group2_2,2,False,118,64
group1_12.png,group1_12,1,group2_27.png,group2_27,2,False,118,52
group1_12.png,group1_12,1,group2_29.png,group2_29,2,False,118,65
group1_12.png,group1_12,1,group2_36.png,group2_36,2,False,118,46
group1_12.png,group1_12,1,group2_4.png,group2_4,2,False,118,58
group1_12.png,group1_12,1,group2_44.png,group2_44,2,False,118,52
group1_12.png,group1_12,1,group2_9.png,group2_9,2,False,118,40
group1_12.png,group1_12,1,group3_16.png,group3_16,3,False,118,100
group1_12.png,group1_12,1,group3_26.png,group3_26,3,False,118,123
group1_12.png,group1_12,1,group4_12.jpg,group4_12,4,False,118,95
group1_12.png,group1_12,1,group4_23.jpg,group4_23,4,False,118,115
group1_13.png,group1_13,1,group2_17.png,group2_17,2,False,118,102
group1_13.png,group1_13,1,group2_23.png,group2_23,2,False,118,79
group1_13.png,group1_13,1,group2_8.png,group2_8,2,False,118,78
group1_13.png,group1_13,1,group4_18.jpg,group4_18,4,False,118,162
group1_13.png,group1_13,1,group4_26.jpg,group4_26,4,False,118,124
group1_13.png,group1_13,1,group4_27.jpg,group4_27,4,False,118,143
group1_13.png,group1_13,1,group4_4.jpg,group4_4,4,False,118,110
group1_14.png,group1_14,1,group1_22.jpg,group1_22,1,True,118,88
group1_14.png,group1_14,1,group1_5.png,group1_5,1,True,118,36
group1_14.png,group1_14,1,group2_21.png,group2_21,2,False,118,46
group1_14.png,group1_14,1,group2_39.png,group2_39,2,False,118,32
group1_14.png,group1_14,1,group3_25.png,group3_25,3,False,118,55
group1_14.png,group1_14,1,group3_8.jpg,group3_8,3,False,118,66
group1_15.png,group1_15,1,group1_23.jpg,group1_23,1,True,118,81
group1_15.png,group1_15,1,group2_13.png,group2_13,2,False,118,55
group1_15.png,group1_15,1,group2_20.png,group2_20,2,False,118,51
group1_15.png,group1_15,1,group2_27.png,group2_27,2,False,118,45
group1_15.png,group1_15,1,group2_7.png,group2_7,2,False,118,46
group1_15.png,group1_15,1,group3_22.png,group3_22,3,False,118,98
group1_15.png,group1_15,1,group4_1.jpg,group4_1,4,False,118,192
group1_16.png,group1_16,1,group1_2.png,group1_2,1,True,118,72
group1_16.png,group1_16,1,group2_35.png,group2_35,2,False,118,58
group1_16.png,group1_16,1,group3_3.jpg,group3_3,3,False,118,105
group1_16.png,group1_16,1,group4_10.jpg,group4_10,4,False,118,110
group1_16.png,group1_16,1,group4_12.jpg,group4_12,4,False,118,121
group1_16.png,group1_16,1,group4_17.jpg,group4_17,4,False,118,198
group1_16.png,group1_16,1,group4_19.jpg,group4_19,4,False,118,126
group1_17.png,group1_17,1,group1_21.jpg,group1_21,1,True,118,65
group1_17.png,group1_17,1,group1_3.png,group1_3,1,True,118,58
group1_17.png,group1_17,1,group2_14.png,group2_14,2,False,118,52
group1_17.png,group1_17,1,group2_20.png,group2_20,2,False,118,57
group1_17.png,group1_17,1,group2_32.png,group2_32,2,False,118,66
group1_17.png,group1_17,1,group2_40.png,group2_40,2,False,118,68
group1_17.png,group1_17,1,group2_9.png,group2_9,2,False,118,49
group1_17.png,group1_17,1,group3_17.png,group3_17,3,False,118,51
group1_18.png,group1_18,1,group1_26.jpg,group1_26,1,True,118,66
group1_18.png,group1_18,1,group2_23.png,group2_23,2,False,118,130
group1_18.png,group1_18,1,group2_28.png,group2_28,2,False,118,88
group1_18.png,group1_18,1,group2_35.png,group2_35,2,False,118,97
group1_18.png,group1_18,1,group2_45.png,group2_45,2,False,118,83
group1_18.png,group1_18,1,group3_18.png,group3_18,3,False,118,127
group1_18.png,group1_18,1,group3_2.jpg,group3_2,3,False,118,110
group1_18.png,group1_18,1,group3_27.png,group3_27,3,False,118,170
group1_18.png,group1_18,1,group3_9.jpg,group3_9,3,False,118,108
group1_19.jpg,group1_19,1,group2_26.png,group2_26,2,False,118,65
group1_19.jpg,group1_19,1,group2_32.png,group2_32,2,False,118,42
group1_19.jpg,group1_19,1,group2_36.png,group2_36,2,False,118,37
group1_19.jpg,group1_19,1,group2_42.png,group2_42,2,False,118,91
group1_19.jpg,group1_19,1,group2_6.png,group2_6,2,False,118,62
group1_19.jpg,group1_19,1,group3_29 2.png,group3_29 2,3,False,118,96
group1_19.jpg,group1_19,1,group4_4.jpg,group4_4,4,False,118,103
group1_2.png,group1_2,1,group1_7.png,group1_7,1,True,118,56
group1_2.png,group1_2,1,group2_11.png,group2_11,2,False,118,58
group1_2.png,group1_2,1,group2_15.png,group2_15,2,False,118,60
group1_2.png,group1_2,1,group2_20.png,group2_20,2,False,118,52
group1_2.png,group1_2,1,group2_23.png,group2_23,2,False,118,79
group1_2.png,group1_2,1,group2_30.png,group2_30,2,False,118,50
group1_2.png,group1_2,1,group2_38.png,group2_38,2,False,118,60
group1_2.png,group1_2,1,group3_19.png,group3_19,3,False,118,94
group1_20.jpg,group1_20,1,group2_10.png,group2_10,2,False,118,43
group1_20.jpg,group1_20,1,group2_31.png,group2_31,2,False,118,35
group1_20.jpg,group1_20,1,group2_9.png,group2_9,2,False,118,38
group1_20.jpg,group1_20,1,group3_12.png,group3_12,3,False,118,116
group1_21.jpg,group1_21,1,group2_1.png,group2_1,2,False,118,123
group1_21.jpg,group1_21,1,group3_26.png,group3_26,3,False,118,105
group1_21.jpg,group1_21,1,group4_10.jpg,group4_10,4,False,118,114
group1_22.jpg,group1_22,1,group2_37.png,group2_37,2,False,118,104
group1_22.jpg,group1_22,1,group2_40.png,group2_40,2,False,118,67
group1_22.jpg,group1_22,1,group2_7.png,group2_7,2,False,118,117
group1_22.jpg,group1_22,1,group4_24.jpg,group4_24,4,False,118,116
group1_23.jpg,group1_23,1,group1_8.png,group1_8,1,True,118,83
group1_23.jpg,group1_23,1,group2_18.png,group2_18,2,False,118,62
group1_23.jpg,group1_23,1,group2_26.png,group2_26,2,False,118,58
group1_23.jpg,group1_23,1,group2_30.png,group2_30,2,False,118,76
group1_23.jpg,group1_23,1,group2_34.png,group2_34,2,False,118,92
group1_23.jpg,group1_23,1,group3_11.jpg,group3_11,3,False,118,68
group1_23.jpg,group1_23,1,group3_22.png,group3_22,3,False,118,91
group1_23.jpg,group1_23,1,group3_5.jpg,group3_5,3,False,118,91
group1_23.jpg,group1_23,1,group3_7.jpg,group3_7,3,False,118,84
group1_23.jpg,group1_23,1,group4_26.jpg,group4_26,4,False,118,82
group1_24.jpg,group1_24,1,group2_23.png,group2_23,2,False,118,85
group1_24.jpg,group1_24,1,group2_29.png,group2_29,2,False,118,49
group1_24.jpg,group1_24,1,group4_12.jpg,group4_12,4,False,118,101
group1_25.jpg,group1_25,1,group1_26.jpg,group1_26,1,True,118,61
group1_25.jpg,group1_25,1,group2_27.png,group2_27,2,False,118,32
group1_26.jpg,group1_26,1,group1_8.png,group1_8,1,True,118,78
group1_26.jpg,group1_26,1,group2_31.png,group2_31,2,False,118,64
group1_26.jpg,group1_26,1,group3_27.png,group3_27,3,False,118,204
group1_26.jpg,group1_26,1,group3_9.jpg,group3_9,3,False,118,76
group1_26.jpg,group1_26,1,group4_27.jpg,group4_27,4,False,118,104
group1_26.jpg,group1_26,1,group4_4.jpg,group4_4,4,False,118,59
group1_3.png,group1_3,1,group2_42.png,group2_42,2,False,118,85
group1_3.png,group1_3,1,group3_17.png,group3_17,3,False,118,63
group1_3.png,group1_3,1,group3_27.png,group3_27,3,False,118,188
group1_3.png,group1_3,1,group4_12.jpg,group4_12,4,False,118,98
group1_3.png,group1_3,1,group4_24.jpg,group4_24,4,False,118,49
group1_3.png,group1_3,1,group4_30.jpg,group4_30,4,False,118,102
group1_4.png,group1_4,1,group2_23.png,group2_23,2,False,118,98
group1_4.png,group1_4,1,group2_27.png,group2_27,2,False,118,57
group1_4.png,group1_4,1,group2_28.png,group2_28,2,False,118,44
group1_5.png,group1_5,1,group1_6.png,group1_6,1,True,118,51
group1_5.png,group1_5,1,group2_2.png,group2_2,2,False,118,42
group1_5.png,group1_5,1,group2_32.png,group2_32,2,False,118,51
group1_5.png,group1_5,1,group3_7.jpg,group3_7,3,False,118,64
group1_5.png,group1_5,1,group4_28.jpg,group4_28,4,False,118,120
group1_6.png,group1_6,1,group2_18.png,group2_18,2,False,118,47
group1_6.png,group1_6,1,group2_32.png,group2_32,2,False,118,40
group1_6.png,group1_6,1,group3_7.jpg,group3_7,3,False,118,73
group1_6.png,group1_6,1,group4_18.jpg,group4_18,4,False,118,135
group1_7.png,group1_7,1,group2_27.png,group2_27,2,False,118,34
group1_7.png,group1_7,1,group2_9.png,group2_9,2,False,118,38
group1_8.png,group1_8,1,group2_12.png,group2_12,2,False,118,87
group1_8.png,group1_8,1,group2_21.png,group2_21,2,False,118,57
group1_8.png,group1_8,1,group2_32.png,group2_32,2,False,118,46
group1_8.png,group1_8,1,group2_33.png,group2_33,2,False,118,66
group1_8.png,group1_8,1,group2_37.png,group2_37,2,False,118,63
group1_8.png,group1_8,1,group3_15.png,group3_15,3,False,118,126
group1_8.png,group1_8,1,group4_12.jpg,group4_12,4,False,118,74
group1_9.png,group1_9,1,group2_34.png,group2_34,2,False,118,33
group1_9.png,group1_9,1,group2_38.png,group2_38,2,False,118,55
group1_9.png,group1_9,1,group2_44.png,group2_44,2,False,118,41
group1_9.png,group1_9,1,group3_11.jpg,group3_11,3,False,118,89
group1_9.png,group1_9,1,group3_15.png,group3_15,3,False,118,128
group1_9.png,group1_9,1,group4_1.jpg,group4_1,4,False,118,188
group1_9.png,group1_9,1,group4_23.jpg,group4_23,4,False,118,120
group2_1.png,group2_1,2,group3_29.png,group3_29,3,False,118,108
group2_10.png,group2_10,2,group2_30.png,group2_30,2,True,118,45
group2_10.png,group2_10,2,group3_25.png,group3_25,3,False,118,84
group2_10.png,group2_10,2,group4_14.jpg,group4_14,4,False,118,186
group2_10.png,group2_10,2,group4_27.jpg,group4_27,4,False,118,126
group2_11.png,group2_11,2,group2_3.png,group2_3,2,True,118,71
group2_11.png,group2_11,2,group2_36.png,group2_36,2,True,118,48
group2_11.png,group2_11,2,group2_44.png,group2_44,2,True,118,52
group2_11.png,group2_11,2,group2_6.png,group2_6,2,True,118,65
group2_11.png,group2_11,2,group3_1.jpg,group3_1,3,False,118,146
group2_11.png,group2_11,2,group3_16.png,group3_16,3,False,118,72
group2_11.png,group2_11,2,group3_25.png,group3_25,3,False,118,75
group2_11.png,group2_11,2,group4_27.jpg,group4_27,4,False,118,157
group2_12.png,group2_12,2,group2_30.png,group2_30,2,True,118,116
group2_12.png,group2_12,2,group2_41.png,group2_41,2,True,118,110
group2_12.png,group2_12,2,group4_17.jpg,group4_17,4,False,118,108
group2_12.png,group2_12,2,group4_21.jpg,group4_21,4,False,118,110
group2_12.png,group2_12,2,group4_22.jpg,group4_22,4,False,118,155
group2_12.png,group2_12,2,group4_3.jpg,group4_3,4,False,118,179
group2_12.png,group2_12,2,group4_6.jpg,group4_6,4,False,118,109
group2_12.png,group2_12,2,group4_7.jpg,group4_7,4,False,118,103
group2_13.png,group2_13,2,group2_14.png,group2_14,2,True,118,31
group2_13.png,group2_13,2,group2_32.png,group2_32,2,True,118,37
group2_13.png,group2_13,2,group4_3.jpg,group4_3,4,False,118,87
group2_14.png,group2_14,2,group2_40.png,group2_40,2,True,118,62
group2_14.png,group2_14,2,group3_19.png,group3_19,3,False,118,83
group2_14.png,group2_14,2,group3_2.jpg,group3_2,3,False,118,108
group2_14.png,group2_14,2,group3_8.jpg,group3_8,3,False,118,69
group2_14.png,group2_14,2,group4_23.jpg,group4_23,4,False,118,88
group2_14.png,group2_14,2,group4_9.jpg,group4_9,4,False,118,186
group2_15.png,group2_15,2,group2_20.png,group2_20,2,True,118,38
group2_15.png,group2_15,2,group2_4.png,group2_4,2,True,118,56
group2_15.png,group2_15,2,group3_16.png,group3_16,3,False,118,96
group2_15.png,group2_15,2,group3_2.jpg,group3_2,3,False,118,107
group2_15.png,group2_15,2,group3_22.png,group3_22,3,False,118,101
group2_15.png,group2_15,2,group3_29 2.png,group3_29 2,3,False,118,113
group2_15.png,group2_15,2,group4_25.jpg,group4_25,4,False,118,92
group2_16.png,group2_16,2,group2_21.png,group2_21,2,True,118,66
group2_16.png,group2_16,2,group2_25.png,group2_25,2,True,118,54
group2_16.png,group2_16,2,group2_28.png,group2_28,2,True,118,33
group2_16.png,group2_16,2,group3_29.png,group3_29,3,False,118,97
group2_16.png,group2_16,2,group3_8.jpg,group3_8,3,False,118,58
group2_16.png,group2_16,2,group4_15.jpg,group4_15,4,False,118,126
group2_17.png,group2_17,2,group2_22.png,group2_22,2,True,118,74
group2_17.png,group2_17,2,group2_30.png,group2_30,2,True,118,112
group2_17.png,group2_17,2,group2_9.png,group2_9,2,True,118,104
group2_17.png,group2_17,2,group3_18.png,group3_18,3,False,118,110
group2_17.png,group2_17,2,group4_10.jpg,group4_10,4,False,118,66
group2_17.png,group2_17,2,group4_9.jpg,group4_9,4,False,118,159
group2_18.png,group2_18,2,group2_21.png,group2_21,2,True,118,44
group2_18.png,group2_18,2,group4_11.jpg,group4_11,4,False,118,139
group2_19.png,group2_19,2,group2_22.png,group2_22,2,True,118,25
group2_19.png,group2_19,2,group3_29.png,group3_29,3,False,118,86
group2_19.png,group2_19,2,group4_10.jpg,group4_10,4,False,118,107
group2_19.png,group2_19,2,group4_4.jpg,group4_4,4,False,118,91
group2_2.png,group2_2,2,group2_33.png,group2_33,2,True,118,49
group2_2.png,group2_2,2,group2_40.png,group2_40,2,True,118,39
group2_2.png,group2_2,2,group3_10.jpg,group3_10,3,False,118,32
group2_2.png,group2_2,2,group3_6.jpg,group3_6,3,False,118,64
group2_2.png,group2_2,2,group4_13.jpg,group4_13,4,False,118,131
group2_20.png,group2_20,2,group2_3.png,group2_3,2,True,118,79
group2_20.png,group2_20,2,group3_29.png,group3_29,3,False,118,119
group2_20.png,group2_20,2,group3_7.jpg,group3_7,3,False,118,110
group2_21.png,group2_21,2,group2_33.png,group2_33,2,True,118,47
group2_21.png,group2_21,2,group3_11.jpg,group3_11,3,False,118,66
group2_21.png,group2_21,2,group3_21.png,group3_21,3,False,118,59
group2_21.png,group2_21,2,group3_23.png,group3_23,3,False,118,93
group2_21.png,group2_21,2,group3_3.jpg,group3_3,3,False,118,119
group2_21.png,group2_21,2,group4_30.jpg,group4_30,4,False,118,95
group2_22.png,group2_22,2,group3_13.png,group3_13,3,False,118,129
group2_22.png,group2_22,2,group4_19.jpg,group4_19,4,False,118,130
group2_22.png,group2_22,2,group4_21.jpg,group4_21,4,False,118,120
group2_22.png,group2_22,2,group4_22.jpg,group4_22,4,False,118,91
group2_22.png,group2_22,2,group4_7.jpg,group4_7,4,False,118,141
group2_23.png,group2_23,2,group2_38.png,group2_38,2,True,118,103
group2_23.png,group2_23,2,group2_42.png,group2_42,2,True,118,85
group2_23.png,group2_23,2,group2_9.png,group2_9,2,True,118,79
group2_23.png,group2_23,2,group3_13.png,group3_13,3,False,118,122
group2_23.png,group2_23,2,group3_9.jpg,group3_9,3,False,118,118
group2_23.png,group2_23,2,group4_4.jpg,group4_4,4,False,118,143
group2_24.png,group2_24,2,group3_12.png,group3_12,3,False,118,114
group2_24.png,group2_24,2,group3_19.png,group3_19,3,False,118,74
group2_24.png,group2_24,2,group3_21.png,group3_21,3,False,118,53
group2_25.png,group2_25,2,group2_38.png,group2_38,2,True,118,42
group2_25.png,group2_25,2,group3_13.png,group3_13,3,False,118,107
group2_25.png,group2_25,2,group3_15.png,group3_15,3,False,118,89
group2_25.png,group2_25,2,group3_26.png,group3_26,3,False,118,107
group2_25.png,group2_25,2,group4_25.jpg,group4_25,4,False,118,80
group2_25.png,group2_25,2,group4_8.jpg,group4_8,4,False,118,127
group2_26.png,group2_26,2,group4_10.jpg,group4_10,4,False,118,106
group2_26.png,group2_26,2,group4_18.jpg,group4_18,4,False,118,130
group2_27.png,group2_27,2,group2_29.png,group2_29,2,True,118,49
group2_27.png,group2_27,2,group2_32.png,group2_32,2,True,118,31
group2_27.png,group2_27,2,group2_34.png,group2_34,2,True,118,50
group2_27.png,group2_27,2,group2_39.png,group2_39,2,True,118,26
group2_27.png,group2_27,2,group2_6.png,group2_6,2,True,118,65
group2_27.png,group2_27,2,group3_10.jpg,group3_10,3,False,118,52
group2_27.png,group2_27,2,group3_2.jpg,group3_2,3,False,118,111
group2_28.png,group2_28,2,group3_22.png,group3_22,3,False,118,130
group2_28.png,group2_28,2,group4_12.jpg,group4_12,4,False,118,104
group2_28.png,group2_28,2,group4_14.jpg,group4_14,4,False,118,164
group2_29.png,group2_29,2,group2_42.png,group2_42,2,True,118,103
group2_29.png,group2_29,2,group4_17.jpg,group4_17,4,False,118,169
group2_29.png,group2_29,2,group4_8.jpg,group4_8,4,False,118,120
group2_3.png,group2_3,2,group2_32.png,group2_32,2,True,118,68
group2_3.png,group2_3,2,group3_24.png,group3_24,3,False,118,57
group2_3.png,group2_3,2,group4_13.jpg,group4_13,4,False,118,130
group2_3.png,group2_3,2,group4_7.jpg,group4_7,4,False,118,126
group2_30.png,group2_30,2,group2_4.png,group2_4,2,True,118,68
group2_31.png,group2_31,2,group3_14.png,group3_14,3,False,118,105
group2_31.png,group2_31,2,group3_24.png,group3_24,3,False,118,69
group2_31.png,group2_31,2,group3_25.png,group3_25,3,False,118,52
group2_32.png,group2_32,2,group2_44.png,group2_44,2,True,118,61
group2_32.png,group2_32,2,group3_15.png,group3_15,3,False,118,94
group2_32.png,group2_32,2,group3_9.jpg,group3_9,3,False,118,110
group2_32.png,group2_32,2,group4_14.jpg,group4_14,4,False,118,196
group2_32.png,group2_32,2,group4_28.jpg,group4_28,4,False,118,127
group2_33.png,group2_33,2,group2_40.png,group2_40,2,True,118,48
group2_33.png,group2_33,2,group2_8.png,group2_8,2,True,118,69
group2_33.png,group2_33,2,group3_14.png,group3_14,3,False,118,107
group2_33.png,group2_33,2,group3_16.png,group3_16,3,False,118,97
group2_33.png,group2_33,2,group3_5.jpg,group3_5,3,False,118,110
group2_33.png,group2_33,2,group4_17.jpg,group4_17,4,False,118,181
group2_34.png,group2_34,2,group3_15.png,group3_15,3,False,118,119
group2_34.png,group2_34,2,group3_29 2.png,group3_29 2,3,False,118,121
group2_34.png,group2_34,2,group3_5.jpg,group3_5,3,False,118,75
group2_35.png,group2_35,2,group2_36.png,group2_36,2,True,118,58
group2_35.png,group2_35,2,group2_37.png,group2_37,2,True,118,52
group2_35.png,group2_35,2,group2_8.png,group2_8,2,True,118,46
group2_35.png,group2_35,2,group3_20.png,group3_20,3,False,118,96
group2_35.png,group2_35,2,group4_16.jpg,group4_16,4,False,118,139
group2_35.png,group2_35,2,group4_25.jpg,group4_25,4,False,118,100
group2_36.png,group2_36,2,group3_11.jpg,group3_11,3,False,118,98
group2_36.png,group2_36,2,group3_29 2.png,group3_29 2,3,False,118,109
group2_36.png,group2_36,2,group3_3.jpg,group3_3,3,False,118,123
group2_36.png,group2_36,2,group3_8.jpg,group3_8,3,False,118,82
group2_36.png,group2_36,2,group4_25.jpg,group4_25,4,False,118,96
group2_36.png,group2_36,2,group4_4.jpg,group4_4,4,False,118,120
group2_37.png,group2_37,2,group3_20.png,group3_20,3,False,118,84
group2_37.png,group2_37,2,group3_8.jpg,group3_8,3,False,118,82
group2_38.png,group2_38,2,group2_39.png,group2_39,2,True,118,40
group2_38.png,group2_38,2,group2_45.png,group2_45,2,True,118,50
group2_38.png,group2_38,2,group4_10.jpg,group4_10,4,False,118,84
group2_39.png,group2_39,2,group2_42.png,group2_42,2,True,118,94
group2_39.png,group2_39,2,group2_5.png,group2_5,2,True,118,43
group2_39.png,group2_39,2,group3_20.png,group3_20,3,False,118,46
group2_39.png,group2_39,2,group3_24.png,group3_24,3,False,118,64
group2_39.png,group2_39,2,group3_29.png,group3_29,3,False,118,95
group2_39.png,group2_39,2,group3_30.png,group3_30,3,False,118,121
group2_39.png,group2_39,2,group4_1.jpg,group4_1,4,False,118,199
group2_4.png,group2_4,2,group3_15.png,group3_15,3,False,118,77
group2_4.png,group2_4,2,group4_27.jpg,group4_27,4,False,118,107
group2_40.png,group2_40,2,group3_1.jpg,group3_1,3,False,118,97
group2_40.png,group2_40,2,group3_25.png,group3_25,3,False,118,68
group2_40.png,group2_40,2,group3_30.png,group3_30,3,False,118,108
group2_40.png,group2_40,2,group4_11.jpg,group4_11,4,False,118,136
group2_40.png,group2_40,2,group4_3.jpg,group4_3,4,False,118,58
group2_40.png,group2_40,2,group4_4.jpg,group4_4,4,False,118,81
group2_40.png,group2_40,2,group4_8.jpg,group4_8,4,False,118,126
group2_41.png,group2_41,2,group4_1.jpg,group4_1,4,False,118,177
group2_42.png,group2_42,2,group3_19.png,group3_19,3,False,118,92
group2_43.png,group2_43,2,group3_10.jpg,group3_10,3,False,118,127
group2_43.png,group2_43,2,group3_21.png,group3_21,3,False,118,120
group2_43.png,group2_43,2,group3_29 2.png,group3_29 2,3,False,118,140
group2_43.png,group2_43,2,group4_12.jpg,group4_12,4,False,118,94
group2_43.png,group2_43,2,group4_30.jpg,group4_30,4,False,118,140
group2_44.png,group2_44,2,group3_19.png,group3_19,3,False,118,98
group2_44.png,group2_44,2,group3_26.png,group3_26,3,False,118,117
group2_44.png,group2_44,2,group4_28.jpg,group4_28,4,False,118,136
group2_45.png,group2_45,2,group4_7.jpg,group4_7,4,False,118,115
group2_5.png,group2_5,2,group3_20.png,group3_20,3,False,118,59
group2_5.png,group2_5,2,group3_25.png,group3_25,3,False,118,60
group2_5.png,group2_5,2,group4_30.jpg,group4_30,4,False,118,66
group2_5.png,group2_5,2,group4_9.jpg,group4_9,4,False,118,186
group2_6.png,group2_6,2,group3_2.jpg,group3_2,3,False,118,100
group2_6.png,group2_6,2,group4_21.jpg,group4_21,4,False,118,103
group2_6.png,group2_6,2,group4_27.jpg,group4_27,4,False,118,154
group2_7.png,group2_7,2,group3_2.jpg,group3_2,3,False,118,108
group2_7.png,group2_7,2,group4_25.jpg,group4_25,4,False,118,105
group2_8.png,group2_8,2,group3_29.png,group3_29,3,False,118,99
group2_8.png,group2_8,2,group4_27.jpg,group4_27,4,False,118,117
group2_8.png,group2_8,2,group4_3.jpg,group4_3,4,False,118,99
group2_9.png,group2_9,2,group3_19.png,group3_19,3,False,118,70
group2_9.png,group2_9,2,group4_18.jpg,group4_18,4,False,118,164
group2_9.png,group2_9,2,group4_23.jpg,group4_23,4,False,118,107
group2_9.png,group2_9,2,group4_4.jpg,group4_4,4,False,118,130
group3_1.jpg,group3_1,3,group3_11.jpg,group3_11,3,True,118,72
group3_1.jpg,group3_1,3,group3_13.png,group3_13,3,True,118,101
group3_1.jpg,group3_1,3,group3_7.jpg,group3_7,3,True,118,78
group3_1.jpg,group3_1,3,group4_27.jpg,group4_27,4,False,118,73
group3_10.jpg,group3_10,3,group3_16.png,group3_16,3,True,118,108
group3_10.jpg,group3_10,3,group4_17.jpg,group4_17,4,False,118,192
group3_10.jpg,group3_10,3,group4_5.jpg,group4_5,4,False,118,141
group3_11.jpg,group3_11,3,group3_14.png,group3_14,3,True,118,94
group3_11.jpg,group3_11,3,group3_22.png,group3_22,3,True,118,103
group3_11.jpg,group3_11,3,group3_23.png,group3_23,3,True,118,101
group3_11.jpg,group3_11,3,group4_27.jpg,group4_27,4,False,118,89
group3_11.jpg,group3_11,3,group4_4.jpg,group4_4,4,False,118,86
group3_11.jpg,group3_11,3,group4_7.jpg,group4_7,4,False,118,143
group3_12.png,group3_12,3,group3_24.png,group3_24,3,True,118,104
group3_12.png,group3_12,3,group4_30.jpg,group4_30,4,False,118,73
group3_12.png,group3_12,3,group4_7.jpg,group4_7,4,False,118,145
group3_13.png,group3_13,3,group3_15.png,group3_15,3,True,118,134
group3_13.png,group3_13,3,group4_28.jpg,group4_28,4,False,118,95
group3_14.png,group3_14,3,group3_19.png,group3_19,3,True,118,104
group3_14.png,group3_14,3,group3_26.png,group3_26,3,True,118,119
group3_14.png,group3_14,3,group3_27.png,group3_27,3,True,118,179
group3_14.png,group3_14,3,group4_28.jpg,group4_28,4,False,118,78
group3_15.png,group3_15,3,group3_18.png,group3_18,3,True,118,123
group3_15.png,group3_15,3,group3_29.png,group3_29,3,True,118,70
group3_15.png,group3_15,3,group4_22.jpg,group4_22,4,False,118,100
group3_15.png,group3_15,3,group4_3.jpg,group4_3,4,False,118,60
group3_16.png,group3_16,3,group3_24.png,group3_24,3,True,118,112
group3_16.png,group3_16,3,group3_26.png,group3_26,3,True,118,103
group3_16.png,group3_16,3,group4_10.jpg,group4_10,4,False,118,112
group3_16.png,group3_16,3,group4_23.jpg,group4_23,4,False,118,145
group3_17.png,group3_17,3,group3_19.png,group3_19,3,True,118,96
group3_17.png,group3_17,3,group3_29.png,group3_29,3,True,118,91
group3_17.png,group3_17,3,group4_11.jpg,group4_11,4,False,118,129
group3_17.png,group3_17,3,group4_26.jpg,group4_26,4,False,118,100
group3_17.png,group3_17,3,group4_29.jpg,group4_29,4,False,118,110
group3_18.png,group3_18,3,group3_7.jpg,group3_7,3,True,118,124
group3_18.png,group3_18,3,group4_29.jpg,group4_29,4,False,118,96
group3_19.png,group3_19,3,group3_29.png,group3_29,3,True,118,129
group3_2.jpg,group3_2,3,group3_22.png,group3_22,3,True,118,54
group3_2.jpg,group3_2,3,group4_9.jpg,group4_9,4,False,118,142
group3_20.png,group3_20,3,group3_28.png,group3_28,3,True,118,189
group3_20.png,group3_20,3,group4_21.jpg,group4_21,4,False,118,114
group3_21.png,group3_21,3,group4_10.jpg,group4_10,4,False,118,105
group3_21.png,group3_21,3,group4_27.jpg,group4_27,4,False,118,110
group3_22.png,group3_22,3,group4_1.jpg,group4_1,4,False,118,134
group3_22.png,group3_22,3,group4_16.jpg,group4_16,4,False,118,104
group3_23.png,group3_23,3,group4_18.jpg,group4_18,4,False,118,167
group3_24.png,group3_24,3,group3_25.png,group3_25,3,True,118,83
group3_24.png,group3_24,3,group4_19.jpg,group4_19,4,False,118,116
group3_26.png,group3_26,3,group3_6.jpg,group3_6,3,True,118,127
group3_26.png,group3_26,3,group4_13.jpg,group4_13,4,False,118,70
group3_26.png,group3_26,3,group4_19.jpg,group4_19,4,False,118,99
group3_26.png,group3_26,3,group4_30.jpg,group4_30,4,False,118,90
group3_27.png,group3_27,3,group4_3.jpg,group4_3,4,False,118,194
group3_28.png,group3_28,3,group3_29.png,group3_29,3,True,118,150
group3_29 2.png,group3_29 2,3,group3_6.jpg,group3_6,3,True,118,99
group3_29 2.png,group3_29 2,3,group4_22.jpg,group4_22,4,False,118,94
group3_29.png,group3_29,3,group3_9.jpg,group3_9,3,True,118,74
group3_3.jpg,group3_3,3,group3_9.jpg,group3_9,3,True,118,90
group3_3.jpg,group3_3,3,group4_13.jpg,group4_13,4,False,118,82
group3_5.jpg,group3_5,3,group4_18.jpg,group4_18,4,False,118,153
group3_6.jpg,group3_6,3,group4_19.jpg,group4_19,4,False,118,144
group3_6.jpg,group3_6,3,group4_3.jpg,group4_3,4,False,118,79
group3_7.jpg,group3_7,3,group4_15.jpg,group4_15,4,False,118,102
group3_7.jpg,group3_7,3,group4_30.jpg,group4_30,4,False,118,83
group3_8.jpg,group3_8,3,group4_19.jpg,group4_19,4,False,118,122
group3_8.jpg,group3_8,3,group4_22.jpg,group4_22,4,False,118,89
group3_8.jpg,group3_8,3,group4_4.jpg,group4_4,4,False,118,82
group3_9.jpg,group3_9,3,group4_27.jpg,group4_27,4,False,118,94
group4_10.jpg,group4_10,4,group4_20.jpg,group4_20,4,True,118,180
group4_12.jpg,group4_12,4,group4_7.jpg,group4_7,4,True,118,122
group4_16.jpg,group4_16,4,group4_5.jpg,group4_5,4,True,118,136
group4_22.jpg,group4_22,4,group4_5.jpg,group4_5,4,True,118,102
group4_24.jpg,group4_24,4,group4_4.jpg,group4_4,4,True,118,124
group4_25.jpg,group4_25,4,group4_26.jpg,group4_26,4,True,118,70
group4_27.jpg,group4_27,4,group4_3.jpg,group4_3,4,True,118,102
group4_3.jpg,group4_3,4,group4_7.jpg,group4_7,4,True,118,174
group1_1.jpeg,group1_1,1,group1_14.png,group1_14,1,True,120,43
group1_1.jpeg,group1_1,1,group1_18.png,group1_18,1,True,120,62
group1_1.jpeg,group1_1,1,group3_8.jpg,group3_8,3,False,120,69
group1_1.jpeg,group1_1,1,group3_9.jpg,group3_9,3,False,120,102
group1_1.jpeg,group1_1,1,group4_26.jpg,group4_26,4,False,120,99
group1_10.png,group1_10,1,group1_13.png,group1_13,1,True,120,57
group1_10.png,group1_10,1,group1_24.jpg,group1_24,1,True,120,63
group1_10.png,group1_10,1,group1_6.png,group1_6,1,True,120,74
group1_10.png,group1_10,1,group1_8.png,group1_8,1,True,120,50
group1_10.png,group1_10,1,group3_24.png,group3_24,3,False,120,87
group1_10.png,group1_10,1,group3_28.png,group3_28,3,False,120,182
group1_10.png,group1_10,1,group3_9.jpg,group3_9,3,False,120,116
group1_10.png,group1_10,1,group4_27.jpg,group4_27,4,False,120,160
group1_10.png,group1_10,1,group4_28.jpg,group4_28,4,False,120,131
group1_11.png,group1_11,1,group1_17.png,group1_17,1,True,120,67
group1_11.png,group1_11,1,group2_26.png,group2_26,2,False,120,30
group1_11.png,group1_11,1,group4_16.jpg,group4_16,4,False,120,145
group1_11.png,group1_11,1,group4_27.jpg,group4_27,4,False,120,95
group1_12.png,group1_12,1,group1_14.png,group1_14,1,True,120,50
group1_12.png,group1_12,1,group2_14.png,group2_14,2,False,120,51
group1_12.png,group1_12,1,group2_18.png,group2_18,2,False,120,36
group1_12.png,group1_12,1,group2_24.png,group2_24,2,False,120,66
group1_12.png,group1_12,1,group2_37.png,group2_37,2,False,120,32
group1_12.png,group1_12,1,group4_13.jpg,group4_13,4,False,120,179
group1_12.png,group1_12,1,group4_19.jpg,group4_19,4,False,120,148
group1_12.png,group1_12,1,group4_4.jpg,group4_4,4,False,120,132
group1_13.png,group1_13,1,group2_12.png,group2_12,2,False,120,104
group1_13.png,group1_13,1,group2_40.png,group2_40,2,False,120,85
group1_13.png,group1_13,1,group3_11.jpg,group3_11,3,False,120,66
group1_13.png,group1_13,1,group4_20.jpg,group4_20,4,False,120,146
group1_13.png,group1_13,1,group4_8.jpg,group4_8,4,False,120,139
group1_14.png,group1_14,1,group2_12.png,group2_12,2,False,120,128
group1_14.png,group1_14,1,group2_17.png,group2_17,2,False,120,94
group1_14.png,group1_14,1,group2_40.png,group2_40,2,False,120,63
group1_14.png,group1_14,1,group3_10.jpg,group3_10,3,False,120,58
group1_14.png,group1_14,1,group3_16.png,group3_16,3,False,120,92
group1_14.png,group1_14,1,group4_9.jpg,group4_9,4,False,120,189
group1_15.png,group1_15,1,group1_17.png,group1_17,1,True,120,64
group1_15.png,group1_15,1,group2_12.png,group2_12,2,False,120,87
group1_15.png,group1_15,1,group2_15.png,group2_15,2,False,120,55
group1_15.png,group1_15,1,group2_19.png,group2_19,2,False,120,68
group1_16.png,group1_16,1,group1_17.png,group1_17,1,True,120,71
group1_16.png,group1_16,1,group2_16.png,group2_16,2,False,120,44
group1_16.png,group1_16,1,group2_37.png,group2_37,2,False,120,66
group1_16.png,group1_16,1,group2_6.png,group2_6,2,False,120,101
group1_16.png,group1_16,1,group3_11.jpg,group3_11,3,False,120,52
group1_16.png,group1_16,1,group3_16.png,group3_16,3,False,120,112
group1_16.png,group1_16,1,group4_11.jpg,group4_11,4,False,120,143
group1_16.png,group1_16,1,group4_23.jpg,group4_23,4,False,120,47
group1_17.png,group1_17,1,group1_2.png,group1_2,1,True,120,67
group1_17.png,group1_17,1,group2_22.png,group2_22,2,False,120,69
group1_17.png,group1_17,1,group2_24.png,group2_24,2,False,120,79
group1_17.png,group1_17,1,group2_5.png,group2_5,2,False,120,72
group1_18.png,group1_18,1,group1_6.png,group1_6,1,True,120,68
group1_18.png,group1_18,1,group2_15.png,group2_15,2,False,120,83
group1_18.png,group1_18,1,group2_7.png,group2_7,2,False,120,98
group1_18.png,group1_18,1,group4_23.jpg,group4_23,4,False,120,90
group1_18.png,group1_18,1,group4_25.jpg,group4_25,4,False,120,87
group1_18.png,group1_18,1,group4_29.jpg,group4_29,4,False,120,129
group1_18.png,group1_18,1,group4_3.jpg,group4_3,4,False,120,96
group1_18.png,group1_18,1,group4_4.jpg,group4_4,4,False,120,73
group1_19.jpg,group1_19,1,group2_45.png,group2_45,2,False,120,57
group1_19.jpg,group1_19,1,group2_8.png,group2_8,2,False,120,63
group1_19.jpg,group1_19,1,group3_6.jpg,group3_6,3,False,120,81
group1_19.jpg,group1_19,1,group3_7.jpg,group3_7,3,False,120,93
group1_2.png,group1_2,1,group1_24.jpg,group1_24,1,True,120,58
group1_2.png,group1_2,1,group2_14.png,group2_14,2,False,120,39
group1_2.png,group1_2,1,group2_19.png,group2_19,2,False,120,61
group1_2.png,group1_2,1,group2_2.png,group2_2,2,False,120,74
group1_2.png,group1_2,1,group2_39.png,group2_39,2,False,120,58
group1_2.png,group1_2,1,group3_12.png,group3_12,3,False,120,118
group1_2.png,group1_2,1,group3_25.png,group3_25,3,False,120,85
group1_2.png,group1_2,1,group3_29.png,group3_29,3,False,120,119
group1_20.jpg,group1_20,1,group1_5.png,group1_5,1,True,120,34
group1_20.jpg,group1_20,1,group2_2.png,group2_2,2,False,120,48
group1_20.jpg,group1_20,1,group2_28.png,group2_28,2,False,120,43
group1_20.jpg,group1_20,1,group2_32.png,group2_32,2,False,120,31
group1_20.jpg,group1_20,1,group2_40.png,group2_40,2,False,120,55
group1_20.jpg,group1_20,1,group3_14.png,group3_14,3,False,120,106
group1_20.jpg,group1_20,1,group3_17.png,group3_17,3,False,120,56
group1_20.jpg,group1_20,1,group3_29 2.png,group3_29 2,3,False,120,107
group1_20.jpg,group1_20,1,group4_24.jpg,group4_24,4,False,120,78
group1_21.jpg,group1_21,1,group2_35.png,group2_35,2,False,120,70
group1_21.jpg,group1_21,1,group2_40.png,group2_40,2,False,120,71
group1_21.jpg,group1_21,1,group2_41.png,group2_41,2,False,120,68
group1_21.jpg,group1_21,1,group3_15.png,group3_15,3,False,120,99
group1_21.jpg,group1_21,1,group4_4.jpg,group4_4,4,False,120,100
group1_22.jpg,group1_22,1,group1_24.jpg,group1_24,1,True,120,60
group1_22.jpg,group1_22,1,group2_8.png,group2_8,2,False,120,92
group1_22.jpg,group1_22,1,group3_11.jpg,group3_11,3,False,120,64
group1_22.jpg,group1_22,1,group4_21.jpg,group4_21,4,False,120,150
group1_22.jpg,group1_22,1,group4_6.jpg,group4_6,4,False,120,131
group1_23.jpg,group1_23,1,group2_22.png,group2_22,2,False,120,40
group1_23.jpg,group1_23,1,group2_31.png,group2_31,2,False,120,65
group1_23.jpg,group1_23,1,group2_41.png,group2_41,2,False,120,66
group1_23.jpg,group1_23,1,group2_5.png,group2_5,2,False,120,53
group1_23.jpg,group1_23,1,group2_8.png,group2_8,2,False,120,68
group1_23.jpg,group1_23,1,group3_16.png,group3_16,3,False,120,116
group1_24.jpg,group1_24,1,group2_42.png,group2_42,2,False,120,108
group1_24.jpg,group1_24,1,group2_43.png,group2_43,2,False,120,103
group1_24.jpg,group1_24,1,group3_24.png,group3_24,3,False,120,56
group1_24.jpg,group1_24,1,group3_29.png,group3_29,3,False,120,93
group1_24.jpg,group1_24,1,group4_27.jpg,group4_27,4,False,120,115
group1_24.jpg,group1_24,1,group4_3.jpg,group4_3,4,False,120,69
group1_25.jpg,group1_25,1,group2_29.png,group2_29,2,False,120,43
group1_25.jpg,group1_25,1,group2_34.png,group2_34,2,False,120,66
group1_25.jpg,group1_25,1,group2_40.png,group2_40,2,False,120,41
group1_25.jpg,group1_25,1,group3_11.jpg,group3_11,3,False,120,52
group1_25.jpg,group1_25,1,group3_21.png,group3_21,3,False,120,43
group1_25.jpg,group1_25,1,group3_9.jpg,group3_9,3,False,120,97
group1_26.jpg,group1_26,1,group4_15.jpg,group4_15,4,False,120,151
group1_26.jpg,group1_26,1,group4_22.jpg,group4_22,4,False,120,108
group1_26.jpg,group1_26,1,group4_3.jpg,group4_3,4,False,120,78
group1_26.jpg,group1_26,1,group4_30.jpg,group4_30,4,False,120,92
group1_3.png,group1_3,1,group2_5.png,group2_5,2,False,120,80
group1_3.png,group1_3,1,group3_15.png,group3_15,3,False,120,106
group1_3.png,group1_3,1,group3_16.png,group3_16,3,False,120,81
group1_4.png,group1_4,1,group2_34.png,group2_34,2,False,120,85
group1_4.png,group1_4,1,group3_11.jpg,group3_11,3,False,120,45
group1_4.png,group1_4,1,group3_19.png,group3_19,3,False,120,97
group1_4.png,group1_4,1,group4_9.jpg,group4_9,4,False,120,202
group1_5.png,group1_5,1,group2_15.png,group2_15,2,False,120,56
group1_5.png,group1_5,1,group2_30.png,group2_30,2,False,120,72
group1_5.png,group1_5,1,group2_36.png,group2_36,2,False,120,56
group1_5.png,group1_5,1,group2_9.png,group2_9,2,False,120,50
group1_5.png,group1_5,1,group3_14.png,group3_14,3,False,120,100
group1_5.png,group1_5,1,group3_24.png,group3_24,3,False,120,68
group1_5.png,group1_5,1,group4_19.jpg,group4_19,4,False,120,126
group1_6.png,group1_6,1,group2_13.png,group2_13,2,False,120,45
group1_6.png,group1_6,1,group2_2.png,group2_2,2,False,120,55
group1_6.png,group1_6,1,group3_1.jpg,group3_1,3,False,120,103
group1_6.png,group1_6,1,group4_19.jpg,group4_19,4,False,120,137
group1_6.png,group1_6,1,group4_4.jpg,group4_4,4,False,120,83
group1_7.png,group1_7,1,group2_36.png,group2_36,2,False,120,60
group1_7.png,group1_7,1,group3_1.jpg,group3_1,3,False,120,128
group1_7.png,group1_7,1,group3_15.png,group3_15,3,False,120,121
group1_7.png,group1_7,1,group3_23.png,group3_23,3,False,120,97
group1_7.png,group1_7,1,group4_14.jpg,group4_14,4,False,120,193
group1_7.png,group1_7,1,group4_5.jpg,group4_5,4,False,120,185
group1_8.png,group1_8,1,group2_39.png,group2_39,2,False,120,71
group1_8.png,group1_8,1,group3_12.png,group3_12,3,False,120,115
group1_8.png,group1_8,1,group3_29 2.png,group3_29 2,3,False,120,114
group1_8.png,group1_8,1,group4_26.jpg,group4_26,4,False,120,133
group1_9.png,group1_9,1,group3_25.png,group3_25,3,False,120,74
group1_9.png,group1_9,1,group4_13.jpg,group4_13,4,False,120,174
group1_9.png,group1_9,1,group4_16.jpg,group4_16,4,False,120,140
group1_9.png,group1_9,1,group4_7.jpg,group4_7,4,False,120,114
group1_9.png,group1_9,1,group4_9.jpg,group4_9,4,False,120,172
group2_1.png,group2_1,2,group2_22.png,group2_22,2,True,120,91
group2_1.png,group2_1,2,group2_25.png,group2_25,2,True,120,115
group2_1.png,group2_1,2,group3_27.png,group3_27,3,False,120,170
group2_1.png,group2_1,2,group3_5.jpg,group3_5,3,False,120,122
group2_1.png,group2_1,2,group3_7.jpg,group3_7,3,False,120,61
group2_1.png,group2_1,2,group4_26.jpg,group4_26,4,False,120,57
group2_1.png,group2_1,2,group4_8.jpg,group4_8,4,False,120,120
group2_10.png,group2_10,2,group2_2.png,group2_2,2,True,120,71
group2_10.png,group2_10,2,group3_3.jpg,group3_3,3,False,120,126
group2_10.png,group2_10,2,group4_12.jpg,group4_12,4,False,120,90
group2_10.png,group2_10,2,group4_6.jpg,group4_6,4,False,120,150
group2_10.png,group2_10,2,group4_7.jpg,group4_7,4,False,120,138
group2_11.png,group2_11,2,group2_16.png,group2_16,2,True,120,74
group2_11.png,group2_11,2,group2_21.png,group2_21,2,True,120,60
group2_11.png,group2_11,2,group3_28.png,group3_28,3,False,120,191
group2_11.png,group2_11,2,group4_13.jpg,group4_13,4,False,120,175
group2_11.png,group2_11,2,group4_16.jpg,group4_16,4,False,120,147
group2_11.png,group2_11,2,group4_20.jpg,group4_20,4,False,120,140
group2_11.png,group2_11,2,group4_21.jpg,group4_21,4,False,120,130
group2_11.png,group2_11,2,group4_24.jpg,group4_24,4,False,120,70
group2_11.png,group2_11,2,group4_4.jpg,group4_4,4,False,120,138
group2_12.png,group2_12,2,group2_18.png,group2_18,2,True,120,122
group2_12.png,group2_12,2,group2_28.png,group2_28,2,True,120,159
group2_12.png,group2_12,2,group2_33.png,group2_33,2,True,120,137
group2_12.png,group2_12,2,group2_37.png,group2_37,2,True,120,118
group2_12.png,group2_12,2,group3_14.png,group3_14,3,False,120,132
group2_12.png,group2_12,2,group4_19.jpg,group4_19,4,False,120,142
group2_13.png,group2_13,2,group2_26.png,group2_26,2,True,120,48
group2_13.png,group2_13,2,group2_28.png,group2_28,2,True,120,57
group2_13.png,group2_13,2,group3_18.png,group3_18,3,False,120,110
group2_13.png,group2_13,2,group4_17.jpg,group4_17,4,False,120,184
group2_14.png,group2_14,2,group2_18.png,group2_18,2,True,120,31
group2_14.png,group2_14,2,group3_11.jpg,group3_11,3,False,120,87
group2_14.png,group2_14,2,group3_29.png,group3_29,3,False,120,104
group2_14.png,group2_14,2,group4_13.jpg,group4_13,4,False,120,158
group2_15.png,group2_15,2,group2_43.png,group2_43,2,True,120,85
group2_15.png,group2_15,2,group2_44.png,group2_44,2,True,120,52
group2_15.png,group2_15,2,group3_14.png,group3_14,3,False,120,112
group2_15.png,group2_15,2,group3_29.png,group3_29,3,False,120,113
group2_15.png,group2_15,2,group4_14.jpg,group4_14,4,False,120,193
group2_16.png,group2_16,2,group2_40.png,group2_40,2,True,120,41
group2_16.png,group2_16,2,group2_41.png,group2_41,2,True,120,58
group2_16.png,group2_16,2,group3_2.jpg,group3_2,3,False,120,115
group2_16.png,group2_16,2,group3_25.png,group3_25,3,False,120,53
group2_16.png,group2_16,2,group3_30.png,group3_30,3,False,120,107
group2_16.png,group2_16,2,group4_11.jpg,group4_11,4,False,120,123
group2_16.png,group2_16,2,group4_12.jpg,group4_12,4,False,120,99
group2_16.png,group2_16,2,group4_4.jpg,group4_4,4,False,120,106
group2_17.png,group2_17,2,group4_15.jpg,group4_15,4,False,120,146
group2_17.png,group2_17,2,group4_21.jpg,group4_21,4,False,120,94
group2_18.png,group2_18,2,group2_36.png,group2_36,2,True,120,42
group2_18.png,group2_18,2,group3_22.png,group3_22,3,False,120,109
group2_18.png,group2_18,2,group4_1.jpg,group4_1,4,False,120,201
group2_19.png,group2_19,2,group2_29.png,group2_29,2,True,120,48
group2_19.png,group2_19,2,group2_32.png,group2_32,2,True,120,48
group2_19.png,group2_19,2,group4_25.jpg,group4_25,4,False,120,71
group2_19.png,group2_19,2,group4_28.jpg,group4_28,4,False,120,105
group2_19.png,group2_19,2,group4_8.jpg,group4_8,4,False,120,134
group2_2.png,group2_2,2,group2_21.png,group2_21,2,True,120,56
group2_2.png,group2_2,2,group3_17.png,group3_17,3,False,120,46
group2_2.png,group2_2,2,group3_22.png,group3_22,3,False,120,77
group2_2.png,group2_2,2,group3_23.png,group3_23,3,False,120,85
group2_2.png,group2_2,2,group4_19.jpg,group4_19,4,False,120,124
group2_2.png,group2_2,2,group4_23.jpg,group4_23,4,False,120,63
group2_20.png,group2_20,2,group3_9.jpg,group3_9,3,False,120,109
group2_20.png,group2_20,2,group4_25.jpg,group4_25,4,False,120,96
group2_21.png,group2_21,2,group2_26.png,group2_26,2,True,120,64
group2_21.png,group2_21,2,group2_42.png,group2_42,2,True,120,86
group2_21.png,group2_21,2,group4_15.jpg,group4_15,4,False,120,154
group2_22.png,group2_22,2,group2_28.png,group2_28,2,True,120,51
group2_22.png,group2_22,2,group3_29.png,group3_29,3,False,120,73
group2_22.png,group2_22,2,group4_17.jpg,group4_17,4,False,120,200
group2_23.png,group2_23,2,group2_31.png,group2_31,2,True,120,100
group2_23.png,group2_23,2,group2_43.png,group2_43,2,True,120,102
group2_23.png,group2_23,2,group3_17.png,group3_17,3,False,120,91
group2_24.png,group2_24,2,group2_27.png,group2_27,2,True,120,42
group2_24.png,group2_24,2,group2_44.png,group2_44,2,True,120,76
group2_25.png,group2_25,2,group2_34.png,group2_34,2,True,120,58
group2_25.png,group2_25,2,group3_10.jpg,group3_10,3,False,120,58
group2_25.png,group2_25,2,group3_18.png,group3_18,3,False,120,106
group2_25.png,group2_25,2,group3_19.png,group3_19,3,False,120,82
group2_25.png,group2_25,2,group3_25.png,group3_25,3,False,120,67
group2_25.png,group2_25,2,group3_6.jpg,group3_6,3,False,120,64
group2_25.png,group2_25,2,group4_4.jpg,group4_4,4,False,120,92
group2_26.png,group2_26,2,group4_19.jpg,group4_19,4,False,120,134
group2_26.png,group2_26,2,group4_27.jpg,group4_27,4,False,120,119
group2_27.png,group2_27,2,group2_4.png,group2_4,2,True,120,50
group2_27.png,group2_27,2,group2_5.png,group2_5,2,True,120,49
group2_27.png,group2_27,2,group3_22.png,group3_22,3,False,120,109
group2_27.png,group2_27,2,group4_27.jpg,group4_27,4,False,120,141
group2_27.png,group2_27,2,group4_3.jpg,group4_3,4,False,120,87
group2_27.png,group2_27,2,group4_30.jpg,group4_30,4,False,120,95
group2_28.png,group2_28,2,group2_35.png,group2_35,2,True,120,45
group2_28.png,group2_28,2,group2_37.png,group2_37,2,True,120,65
group2_28.png,group2_28,2,group2_44.png,group2_44,2,True,120,83
group2_28.png,group2_28,2,group3_1.jpg,group3_1,3,False,120,121
group2_28.png,group2_28,2,group4_30.jpg,group4_30,4,False,120,80
group2_28.png,group2_28,2,group4_6.jpg,group4_6,4,False,120,166
group2_29.png,group2_29,2,group2_36.png,group2_36,2,True,120,69
group2_29.png,group2_29,2,group3_8.jpg,group3_8,3,False,120,67
group2_29.png,group2_29,2,group4_30.jpg,group4_30,4,False,120,92
group2_3.png,group2_3,2,group3_14.png,group3_14,3,False,120,95
group2_3.png,group2_3,2,group3_20.png,group3_20,3,False,120,77
group2_3.png,group2_3,2,group3_25.png,group3_25,3,False,120,72
group2_3.png,group2_3,2,group3_8.jpg,group3_8,3,False,120,77
group2_3.png,group2_3,2,group4_20.jpg,group4_20,4,False,120,107
group2_3.png,group2_3,2,group4_21.jpg,group4_21,4,False,120,155
group2_30.png,group2_30,2,group2_36.png,group2_36,2,True,120,60
group2_30.png,group2_30,2,group2_40.png,group2_40,2,True,120,63
group2_30.png,group2_30,2,group2_42.png,group2_42,2,True,120,86
group2_30.png,group2_30,2,group3_14.png,group3_14,3,False,120,120
group2_30.png,group2_30,2,group3_17.png,group3_17,3,False,120,70
group2_30.png,group2_30,2,group3_24.png,group3_24,3,False,120,72
group2_30.png,group2_30,2,group4_10.jpg,group4_10,4,False,120,114
group2_30.png,group2_30,2,group4_20.jpg,group4_20,4,False,120,118
group2_30.png,group2_30,2,group4_7.jpg,group4_7,4,False,120,129
group2_31.png,group2_31,2,group3_16.png,group3_16,3,False,120,101
group2_31.png,group2_31,2,group3_23.png,group3_23,3,False,120,110
group2_31.png,group2_31,2,group3_26.png,group3_26,3,False,120,110
group2_31.png,group2_31,2,group3_8.jpg,group3_8,3,False,120,55
group2_31.png,group2_31,2,group4_16.jpg,group4_16,4,False,120,158
group2_31.png,group2_31,2,group4_30.jpg,group4_30,4,False,120,92
group2_32.png,group2_32,2,group3_5.jpg,group3_5,3,False,120,86
group2_32.png,group2_32,2,group4_7.jpg,group4_7,4,False,120,140
group2_32.png,group2_32,2,group4_9.jpg,group4_9,4,False,120,196
group2_33.png,group2_33,2,group2_45.png,group2_45,2,True,120,59
group2_33.png,group2_33,2,group3_13.png,group3_13,3,False,120,118
group2_34.png,group2_34,2,group2_45.png,group2_45,2,True,120,32
group2_34.png,group2_34,2,group3_9.jpg,group3_9,3,False,120,121
group2_34.png,group2_34,2,group4_24.jpg,group4_24,4,False,120,74
group2_34.png,group2_34,2,group4_29.jpg,group4_29,4,False,120,140
group2_35.png,group2_35,2,group3_22.png,group3_22,3,False,120,117
group2_35.png,group2_35,2,group3_26.png,group3_26,3,False,120,85
group2_35.png,group2_35,2,group3_5.jpg,group3_5,3,False,120,87
group2_35.png,group2_35,2,group3_9.jpg,group3_9,3,False,120,89
group2_36.png,group2_36,2,group2_43.png,group2_43,2,True,120,81
group2_36.png,group2_36,2,group3_7.jpg,group3_7,3,False,120,102
group2_36.png,group2_36,2,group4_22.jpg,group4_22,4,False,120,117
group2_37.png,group2_37,2,group2_40.png,group2_40,2,True,120,67
group2_37.png,group2_37,2,group4_19.jpg,group4_19,4,False,120,150
group2_37.png,group2_37,2,group4_25.jpg,group4_25,4,False,120,100
group2_38.png,group2_38,2,group2_4.png,group2_4,2,True,120,56
group2_38.png,group2_38,2,group3_16.png,group3_16,3,False,120,90
group2_38.png,group2_38,2,group3_23.png,group3_23,3,False,120,107
group2_38.png,group2_38,2,group4_20.jpg,group4_20,4,False,120,158
group2_39.png,group2_39,2,group3_9.jpg,group3_9,3,False,120,93
group2_39.png,group2_39,2,group4_23.jpg,group4_23,4,False,120,83
group2_4.png,group2_4,2,group2_45.png,group2_45,2,True,120,74
group2_4.png,group2_4,2,group3_11.jpg,group3_11,3,False,120,50
group2_4.png,group2_4,2,group4_24.jpg,group4_24,4,False,120,94
group2_40.png,group2_40,2,group2_5.png,group2_5,2,True,120,30
group2_40.png,group2_40,2,group3_27.png,group3_27,3,False,120,236
group2_40.png,group2_40,2,group3_5.jpg,group3_5,3,False,120,116
group2_40.png,group2_40,2,group4_18.jpg,group4_18,4,False,120,123
group2_40.png,group2_40,2,group4_6.jpg,group4_6,4,False,120,164
group2_41.png,group2_41,2,group2_7.png,group2_7,2,True,120,67
group2_41.png,group2_41,2,group3_16.png,group3_16,3,False,120,86
group2_41.png,group2_41,2,group3_17.png,group3_17,3,False,120,62
group2_41.png,group2_41,2,group3_20.png,group3_20,3,False,120,90
group2_41.png,group2_41,2,group3_24.png,group3_24,3,False,120,56
group2_41.png,group2_41,2,group4_12.jpg,group4_12,4,False,120,79
group2_41.png,group2_41,2,group4_23.jpg,group4_23,4,False,120,107
group2_42.png,group2_42,2,group4_19.jpg,group4_19,4,False,120,130
group2_42.png,group2_42,2,group4_30.jpg,group4_30,4,False,120,159
group2_43.png,group2_43,2,group2_5.png,group2_5,2,True,120,112
group2_43.png,group2_43,2,group3_25.png,group3_25,3,False,120,102
group2_43.png,group2_43,2,group4_14.jpg,group4_14,4,False,120,162
group2_44.png,group2_44,2,group2_7.png,group2_7,2,True,120,61
group2_45.png,group2_45,2,group3_28.png,group3_28,3,False,120,181
group2_45.png,group2_45,2,group3_6.jpg,group3_6,3,False,120,98
group2_5.png,group2_5,2,group4_14.jpg,group4_14,4,False,120,154
group2_5.png,group2_5,2,group4_3.jpg,group4_3,4,False,120,66
group2_6.png,group2_6,2,group3_8.jpg,group3_8,3,False,120,97
group2_6.png,group2_6,2,group4_4.jpg,group4_4,4,False,120,133
group2_7.png,group2_7,2,group3_10.jpg,group3_10,3,False,120,81
group2_7.png,group2_7,2,group3_30.png,group3_30,3,False,120,154
group2_8.png,group2_8,2,group3_15.png,group3_15,3,False,120,95
group2_8.png,group2_8,2,group4_14.jpg,group4_14,4,False,120,165
group2_8.png,group2_8,2,group4_25.jpg,group4_25,4,False,120,96
group2_9.png,group2_9,2,group3_12.png,group3_12,3,False,120,146
group2_9.png,group2_9,2,group3_15.png,group3_15,3,False,120,109
group2_9.png,group2_9,2,group3_28.png,group3_28,3,False,120,211
group2_9.png,group2_9,2,group3_29.png,group3_29,3,False,120,127
group2_9.png,group2_9,2,group3_30.png,group3_30,3,False,120,143
group3_1.jpg,group3_1,3,group3_25.png,group3_25,3,True,120,149
group3_1.jpg,group3_1,3,group3_29 2.png,group3_29 2,3,True,120,81
group3_1.jpg,group3_1,3,group3_6.jpg,group3_6,3,True,120,130
group3_1.jpg,group3_1,3,group4_22.jpg,group4_22,4,False,120,101
group3_10.jpg,group3_10,3,group4_8.jpg,group4_8,4,False,120,143
group3_11.jpg,group3_11,3,group3_5.jpg,group3_5,3,True,120,119
group3_11.jpg,group3_11,3,group4_13.jpg,group4_13,4,False,120,115
group3_11.jpg,group3_11,3,group4_15.jpg,group4_15,4,False,120,110
group3_12.png,group3_12,3,group3_29.png,group3_29,3,True,120,57
group3_12.png,group3_12,3,group3_9.jpg,group3_9,3,True,120,79
group3_12.png,group3_12,3,group4_19.jpg,group4_19,4,False,120,138
group3_13.png,group3_13,3,group3_23.png,group3_23,3,True,120,120
group3_13.png,group3_13,3,group3_29 2.png,group3_29 2,3,True,120,104
group3_13.png,group3_13,3,group3_30.png,group3_30,3,True,120,146
group3_13.png,group3_13,3,group4_17.jpg,group4_17,4,False,120,125
group3_13.png,group3_13,3,group4_4.jpg,group4_4,4,False,120,115
group3_13.png,group3_13,3,group4_8.jpg,group4_8,4,False,120,116
group3_14.png,group3_14,3,group3_30.png,group3_30,3,True,120,115
group3_14.png,group3_14,3,group3_7.jpg,group3_7,3,True,120,102
group3_14.png,group3_14,3,group4_27.jpg,group4_27,4,False,120,107
group3_14.png,group3_14,3,group4_30.jpg,group4_30,4,False,120,105
group3_15.png,group3_15,3,group3_22.png,group3_22,3,True,120,124
group3_15.png,group3_15,3,group3_24.png,group3_24,3,True,120,93
group3_15.png,group3_15,3,group4_10.jpg,group4_10,4,False,120,103
group3_15.png,group3_15,3,group4_25.jpg,group4_25,4,False,120,81
group3_16.png,group3_16,3,group3_5.jpg,group3_5,3,True,120,85
group3_16.png,group3_16,3,group4_5.jpg,group4_5,4,False,120,133
group3_17.png,group3_17,3,group3_21.png,group3_21,3,True,120,59
group3_17.png,group3_17,3,group3_29 2.png,group3_29 2,3,True,120,89
group3_17.png,group3_17,3,group4_12.jpg,group4_12,4,False,120,103
group3_17.png,group3_17,3,group4_14.jpg,group4_14,4,False,120,165
group3_19.png,group3_19,3,group3_29 2.png,group3_29 2,3,True,120,133
group3_19.png,group3_19,3,group4_10.jpg,group4_10,4,False,120,118
group3_19.png,group3_19,3,group4_25.jpg,group4_25,4,False,120,94
group3_2.jpg,group3_2,3,group4_12.jpg,group4_12,4,False,120,132
group3_21.png,group3_21,3,group3_3.jpg,group3_3,3,True,120,106
group3_21.png,group3_21,3,group4_16.jpg,group4_16,4,False,120,142
group3_21.png,group3_21,3,group4_19.jpg,group4_19,4,False,120,123
group3_21.png,group3_21,3,group4_21.jpg,group4_21,4,False,120,115
group3_21.png,group3_21,3,group4_23.jpg,group4_23,4,False,120,52
group3_23.png,group3_23,3,group3_6.jpg,group3_6,3,True,120,109
group3_23.png,group3_23,3,group4_28.jpg,group4_28,4,False,120,101
group3_24.png,group3_24,3,group3_29.png,group3_29,3,True,120,93
group3_24.png,group3_24,3,group4_5.jpg,group4_5,4,False,120,147
group3_24.png,group3_24,3,group4_9.jpg,group4_9,4,False,120,165
group3_25.png,group3_25,3,group3_6.jpg,group3_6,3,True,120,39
group3_25.png,group3_25,3,group4_10.jpg,group4_10,4,False,120,83
group3_25.png,group3_25,3,group4_11.jpg,group4_11,4,False,120,148
group3_25.png,group3_25,3,group4_12.jpg,group4_12,4,False,120,114
group3_26.png,group3_26,3,group4_17.jpg,group4_17,4,False,120,147
group3_27.png,group3_27,3,group4_6.jpg,group4_6,4,False,120,96
group3_28.png,group3_28,3,group4_16.jpg,group4_16,4,False,120,78
group3_28.png,group3_28,3,group4_29.jpg,group4_29,4,False,120,125
group3_29 2.png,group3_29 2,3,group3_3.jpg,group3_3,3,True,120,94
group3_29 2.png,group3_29 2,3,group3_8.jpg,group3_8,3,True,120,79
group3_29 2.png,group3_29 2,3,group4_21.jpg,group4_21,4,False,120,131
group3_29.png,group3_29,3,group4_17.jpg,group4_17,4,False,120,169
group3_29.png,group3_29,3,group4_26.jpg,group4_26,4,False,120,83
group3_3.jpg,group3_3,3,group4_1.jpg,group4_1,4,False,120,104
group3_30.png,group3_30,3,group4_11.jpg,group4_11,4,False,120,136
group3_30.png,group3_30,3,group4_15.jpg,group4_15,4,False,120,107
group3_30.png,group3_30,3,group4_3.jpg,group4_3,4,False,120,96
group3_5.jpg,group3_5,3,group4_4.jpg,group4_4,4,False,120,133
group3_6.jpg,group3_6,3,group4_18.jpg,group4_18,4,False,120,102
group3_6.jpg,group3_6,3,group4_4.jpg,group4_4,4,False,120,92
group3_7.jpg,group3_7,3,group3_8.jpg,group3_8,3,True,120,70
group3_8.jpg,group3_8,3,group4_18.jpg,group4_18,4,False,120,134
group3_8.jpg,group3_8,3,group4_8.jpg,group4_8,4,False,120,127
group4_13.jpg,group4_13,4,group4_15.jpg,group4_15,4,True,120,105
group4_14.jpg,group4_14,4,group4_17.jpg,group4_17,4,True,120,103
group4_14.jpg,group4_14,4,group4_25.jpg,group4_25,4,True,120,135
group4_14.jpg,group4_14,4,group4_5.jpg,group4_5,4,True,120,108
group4_15.jpg,group4_15,4,group4_25.jpg,group4_25,4,True,120,146
group4_16.jpg,group4_16,4,group4_24.jpg,group4_24,4,True,120,127
group4_16.jpg,group4_16,4,group4_29.jpg,group4_29,4,True,120,109
group4_17.jpg,group4_17,4,group4_27.jpg,group4_27,4,True,120,137
group4_20.jpg,group4_20,4,group4_9.jpg,group4_9,4,True,120,147
group4_22.jpg,group4_22,4,group4_9.jpg,group4_9,4,True,120,112
group4_24.jpg,group4_24,4,group4_25.jpg,group4_25,4,True,120,80
group4_26.jpg,group4_26,4,group4_5.jpg,group4_5,4,True,120,115
group4_28.jpg,group4_28,4,group4_29.jpg,group4_29,4,True,120,50
group1_1.jpeg,group1_1,1,group1_6.png,group1_6,1,True,122,46
group1_1.jpeg,group1_1,1,group2_10.png,group2_10,2,False,122,48
group1_1.jpeg,group1_1,1,group2_2.png,group2_2,2,False,122,65
group1_1.jpeg,group1_1,1,group2_25.png,group2_25,2,False,122,41
group1_1.jpeg,group1_1,1,group4_20.jpg,group4_20,4,False,122,131
group1_1.jpeg,group1_1,1,group4_4.jpg,group4_4,4,False,122,87
group1_1.jpeg,group1_1,1,group4_7.jpg,group4_7,4,False,122,140
group1_10.png,group1_10,1,group1_11.png,group1_11,1,True,122,85
group1_10.png,group1_10,1,group1_15.png,group1_15,1,True,122,48
group1_10.png,group1_10,1,group2_17.png,group2_17,2,False,122,111
group1_10.png,group1_10,1,group2_20.png,group2_20,2,False,122,29
group1_10.png,group1_10,1,group2_21.png,group2_21,2,False,122,53
group1_10.png,group1_10,1,group2_25.png,group2_25,2,False,122,57
group1_10.png,group1_10,1,group3_14.png,group3_14,3,False,122,119
group1_10.png,group1_10,1,group3_26.png,group3_26,3,False,122,126
group1_10.png,group1_10,1,group4_19.jpg,group4_19,4,False,122,147
group1_10.png,group1_10,1,group4_8.jpg,group4_8,4,False,122,148
group1_11.png,group1_11,1,group1_14.png,group1_14,1,True,122,56
group1_11.png,group1_11,1,group1_18.png,group1_18,1,True,122,75
group1_11.png,group1_11,1,group2_9.png,group2_9,2,False,122,70
group1_11.png,group1_11,1,group4_3.jpg,group4_3,4,False,122,61
group1_11.png,group1_11,1,group4_8.jpg,group4_8,4,False,122,131
group1_12.png,group1_12,1,group1_8.png,group1_8,1,True,122,65
group1_12.png,group1_12,1,group2_39.png,group2_39,2,False,122,60
group1_12.png,group1_12,1,group4_9.jpg,group4_9,4,False,122,169
group1_13.png,group1_13,1,group1_25.jpg,group1_25,1,True,122,44
group1_13.png,group1_13,1,group2_24.png,group2_24,2,False,122,42
group1_13.png,group1_13,1,group2_28.png,group2_28,2,False,122,75
group1_13.png,group1_13,1,group2_3.png,group2_3,2,False,122,63
group1_13.png,group1_13,1,group2_6.png,group2_6,2,False,122,61
group1_13.png,group1_13,1,group3_12.png,group3_12,3,False,122,126
group1_13.png,group1_13,1,group3_9.jpg,group3_9,3,False,122,107
group1_13.png,group1_13,1,group4_10.jpg,group4_10,4,False,122,116
group1_14.png,group1_14,1,group1_17.png,group1_17,1,True,122,51
group1_14.png,group1_14,1,group1_7.png,group1_7,1,True,122,34
group1_14.png,group1_14,1,group2_19.png,group2_19,2,False,122,37
group1_14.png,group1_14,1,group3_1.jpg,group3_1,3,False,122,138
group1_14.png,group1_14,1,group3_11.jpg,group3_11,3,False,122,72
group1_14.png,group1_14,1,group3_28.png,group3_28,3,False,122,225
group1_14.png,group1_14,1,group4_12.jpg,group4_12,4,False,122,89
group1_14.png,group1_14,1,group4_18.jpg,group4_18,4,False,122,154
group1_14.png,group1_14,1,group4_23.jpg,group4_23,4,False,122,87
group1_14.png,group1_14,1,group4_28.jpg,group4_28,4,False,122,134
group1_15.png,group1_15,1,group2_10.png,group2_10,2,False,122,54
group1_15.png,group1_15,1,group2_26.png,group2_26,2,False,122,83
group1_15.png,group1_15,1,group2_36.png,group2_36,2,False,122,55
group1_15.png,group1_15,1,group3_21.png,group3_21,3,False,122,82
group1_15.png,group1_15,1,group3_6.jpg,group3_6,3,False,122,99
group1_16.png,group1_16,1,group2_12.png,group2_12,2,False,122,164
group1_16.png,group1_16,1,group2_26.png,group2_26,2,False,122,34
group1_16.png,group1_16,1,group2_33.png,group2_33,2,False,122,49
group1_16.png,group1_16,1,group2_34.png,group2_34,2,False,122,88
group1_16.png,group1_16,1,group3_26.png,group3_26,3,False,122,93
group1_16.png,group1_16,1,group3_29 2.png,group3_29 2,3,False,122,71
group1_16.png,group1_16,1,group3_9.jpg,group3_9,3,False,122,73
group1_16.png,group1_16,1,group4_28.jpg,group4_28,4,False,122,86
group1_17.png,group1_17,1,group1_18.png,group1_18,1,True,122,100
group1_17.png,group1_17,1,group2_13.png,group2_13,2,False,122,61
group1_17.png,group1_17,1,group2_16.png,group2_16,2,False,122,53
group1_17.png,group1_17,1,group2_25.png,group2_25,2,False,122,55
group1_17.png,group1_17,1,group2_3.png,group2_3,2,False,122,60
group1_17.png,group1_17,1,group2_30.png,group2_30,2,False,122,61
group1_17.png,group1_17,1,group2_36.png,group2_36,2,False,122,55
group1_17.png,group1_17,1,group2_6.png,group2_6,2,False,122,76
group1_17.png,group1_17,1,group2_7.png,group2_7,2,False,122,70
group1_17.png,group1_17,1,group3_29.png,group3_29,3,False,122,110
group1_17.png,group1_17,1,group3_7.jpg,group3_7,3,False,122,101
group1_17.png,group1_17,1,group4_16.jpg,group4_16,4,False,122,150
group1_17.png,group1_17,1,group4_26.jpg,group4_26,4,False,122,127
group1_17.png,group1_17,1,group4_3.jpg,group4_3,4,False,122,100
group1_17.png,group1_17,1,group4_30.jpg,group4_30,4,False,122,102
group1_17.png,group1_17,1,group4_6.jpg,group4_6,4,False,122,148
group1_18.png,group1_18,1,group1_23.jpg,group1_23,1,True,122,93
group1_18.png,group1_18,1,group2_11.png,group2_11,2,False,122,91
group1_18.png,group1_18,1,group2_14.png,group2_14,2,False,122,82
group1_18.png,group1_18,1,group3_14.png,group3_14,3,False,122,101
group1_18.png,group1_18,1,group3_17.png,group3_17,3,False,122,97
group1_18.png,group1_18,1,group3_20.png,group3_20,3,False,122,83
group1_18.png,group1_18,1,group4_9.jpg,group4_9,4,False,122,182
group1_19.jpg,group1_19,1,group1_7.png,group1_7,1,True,122,55
group1_19.jpg,group1_19,1,group2_7.png,group2_7,2,False,122,62
group1_19.jpg,group1_19,1,group3_14.png,group3_14,3,False,122,99
group1_19.jpg,group1_19,1,group3_21.png,group3_21,3,False,122,66
group1_19.jpg,group1_19,1,group4_25.jpg,group4_25,4,False,122,97
group1_2.png,group1_2,1,group2_26.png,group2_26,2,False,122,82
group1_2.png,group1_2,1,group2_43.png,group2_43,2,False,122,73
group1_2.png,group1_2,1,group2_7.png,group2_7,2,False,122,63
group1_2.png,group1_2,1,group3_11.jpg,group3_11,3,False,122,90
group1_2.png,group1_2,1,group3_13.png,group3_13,3,False,122,91
group1_2.png,group1_2,1,group3_16.png,group3_16,3,False,122,80
group1_2.png,group1_2,1,group4_28.jpg,group4_28,4,False,122,120
group1_20.jpg,group1_20,1,group1_9.png,group1_9,1,True,122,41
group1_20.jpg,group1_20,1,group2_12.png,group2_12,2,False,122,134
group1_20.jpg,group1_20,1,group2_22.png,group2_22,2,False,122,54
group1_20.jpg,group1_20,1,group2_42.png,group2_42,2,False,122,92
group1_20.jpg,group1_20,1,group3_26.png,group3_26,3,False,122,103
group1_20.jpg,group1_20,1,group4_19.jpg,group4_19,4,False,122,134
group1_20.jpg,group1_20,1,group4_21.jpg,group4_21,4,False,122,150
group1_21.jpg,group1_21,1,group3_14.png,group3_14,3,False,122,122
group1_21.jpg,group1_21,1,group3_25.png,group3_25,3,False,122,77
group1_21.jpg,group1_21,1,group4_23.jpg,group4_23,4,False,122,95
group1_22.jpg,group1_22,1,group2_10.png,group2_10,2,False,122,89
group1_22.jpg,group1_22,1,group2_15.png,group2_15,2,False,122,104
group1_22.jpg,group1_22,1,group2_21.png,group2_21,2,False,122,90
group1_22.jpg,group1_22,1,group2_36.png,group2_36,2,False,122,100
group1_22.jpg,group1_22,1,group3_22.png,group3_22,3,False,122,111
group1_22.jpg,group1_22,1,group3_24.png,group3_24,3,False,122,90
group1_22.jpg,group1_22,1,group4_1.jpg,group4_1,4,False,122,169
group1_22.jpg,group1_22,1,group4_10.jpg,group4_10,4,False,122,114
group1_23.jpg,group1_23,1,group1_24.jpg,group1_24,1,True,122,46
group1_23.jpg,group1_23,1,group1_25.jpg,group1_25,1,True,122,56
group1_23.jpg,group1_23,1,group1_5.png,group1_5,1,True,122,68
group1_23.jpg,group1_23,1,group2_36.png,group2_36,2,False,122,80
group1_23.jpg,group1_23,1,group2_43.png,group2_43,2,False,122,115
group1_23.jpg,group1_23,1,group3_21.png,group3_21,3,False,122,59
group1_23.jpg,group1_23,1,group3_29.png,group3_29,3,False,122,77
group1_23.jpg,group1_23,1,group4_11.jpg,group4_11,4,False,122,123
group1_23.jpg,group1_23,1,group4_27.jpg,group4_27,4,False,122,115
group1_24.jpg,group1_24,1,group1_26.jpg,group1_26,1,True,122,55
group1_24.jpg,group1_24,1,group2_39.png,group2_39,2,False,122,38
group1_24.jpg,group1_24,1,group4_20.jpg,group4_20,4,False,122,132
group1_24.jpg,group1_24,1,group4_21.jpg,group4_21,4,False,122,142
group1_24.jpg,group1_24,1,group4_24.jpg,group4_24,4,False,122,82
group1_24.jpg,group1_24,1,group4_28.jpg,group4_28,4,False,122,100
group1_24.jpg,group1_24,1,group4_9.jpg,group4_9,4,False,122,205
group1_25.jpg,group1_25,1,group2_23.png,group2_23,2,False,122,91
group1_25.jpg,group1_25,1,group2_28.png,group2_28,2,False,122,41
group1_25.jpg,group1_25,1,group3_1.jpg,group3_1,3,False,122,108
group1_25.jpg,group1_25,1,group3_8.jpg,group3_8,3,False,122,52
group1_25.jpg,group1_25,1,group4_25.jpg,group4_25,4,False,122,74
group1_25.jpg,group1_25,1,group4_7.jpg,group4_7,4,False,122,131
group1_26.jpg,group1_26,1,group1_6.png,group1_6,1,True,122,58
group1_26.jpg,group1_26,1,group1_7.png,group1_7,1,True,122,101
group1_26.jpg,group1_26,1,group2_16.png,group2_16,2,False,122,73
group1_26.jpg,group1_26,1,group2_37.png,group2_37,2,False,122,81
group1_26.jpg,group1_26,1,group2_9.png,group2_9,2,False,122,93
group1_26.jpg,group1_26,1,group3_15.png,group3_15,3,False,122,70
group1_26.jpg,group1_26,1,group3_17.png,group3_17,3,False,122,77
group1_26.jpg,group1_26,1,group4_28.jpg,group4_28,4,False,122,87
group1_3.png,group1_3,1,group2_25.png,group2_25,2,False,122,57
group1_3.png,group1_3,1,group2_29.png,group2_29,2,False,122,76
group1_3.png,group1_3,1,group2_32.png,group2_32,2,False,122,40
group1_3.png,group1_3,1,group2_36.png,group2_36,2,False,122,59
group1_3.png,group1_3,1,group2_43.png,group2_43,2,False,122,74
group1_3.png,group1_3,1,group3_22.png,group3_22,3,False,122,112
group1_4.png,group1_4,1,group2_32.png,group2_32,2,False,122,68
group1_4.png,group1_4,1,group2_41.png,group2_41,2,False,122,65
group1_4.png,group1_4,1,group2_5.png,group2_5,2,False,122,34
group1_4.png,group1_4,1,group3_12.png,group3_12,3,False,122,89
group1_4.png,group1_4,1,group3_15.png,group3_15,3,False,122,68
group1_4.png,group1_4,1,group3_30.png,group3_30,3,False,122,118
group1_4.png,group1_4,1,group4_4.jpg,group4_4,4,False,122,83
group1_5.png,group1_5,1,group2_26.png,group2_26,2,False,122,40
group1_5.png,group1_5,1,group2_38.png,group2_38,2,False,122,44
group1_5.png,group1_5,1,group2_42.png,group2_42,2,False,122,106
group1_5.png,group1_5,1,group2_45.png,group2_45,2,False,122,78
group1_5.png,group1_5,1,group3_16.png,group3_16,3,False,122,110
group1_5.png,group1_5,1,group3_22.png,group3_22,3,False,122,111
group1_5.png,group1_5,1,group4_5.jpg,group4_5,4,False,122,167
group1_6.png,group1_6,1,group1_8.png,group1_8,1,True,122,54
group1_6.png,group1_6,1,group2_22.png,group2_22,2,False,122,59
group1_6.png,group1_6,1,group2_31.png,group2_31,2,False,122,52
group1_6.png,group1_6,1,group3_14.png,group3_14,3,False,122,97
group1_6.png,group1_6,1,group4_26.jpg,group4_26,4,False,122,105
group1_7.png,group1_7,1,group2_10.png,group2_10,2,False,122,61
group1_7.png,group1_7,1,group2_37.png,group2_37,2,False,122,50
group1_7.png,group1_7,1,group3_12.png,group3_12,3,False,122,148
group1_7.png,group1_7,1,group3_27.png,group3_27,3,False,122,175
group1_7.png,group1_7,1,group4_12.jpg,group4_12,4,False,122,81
group1_7.png,group1_7,1,group4_13.jpg,group4_13,4,False,122,185
group1_7.png,group1_7,1,group4_18.jpg,group4_18,4,False,122,166
group1_7.png,group1_7,1,group4_21.jpg,group4_21,4,False,122,124
group1_7.png,group1_7,1,group4_8.jpg,group4_8,4,False,122,151
group1_8.png,group1_8,1,group2_36.png,group2_36,2,False,122,61
group1_8.png,group1_8,1,group4_4.jpg,group4_4,4,False,122,123
group1_8.png,group1_8,1,group4_6.jpg,group4_6,4,False,122,138
group1_8.png,group1_8,1,group4_7.jpg,group4_7,4,False,122,108
group1_9.png,group1_9,1,group2_1.png,group2_1,2,False,122,136
group1_9.png,group1_9,1,group2_33.png,group2_33,2,False,122,48
group1_9.png,group1_9,1,group3_2.jpg,group3_2,3,False,122,124
group1_9.png,group1_9,1,group3_9.jpg,group3_9,3,False,122,122
group1_9.png,group1_9,1,group4_27.jpg,group4_27,4,False,122,168
group2_1.png,group2_1,2,group2_21.png,group2_21,2,True,122,115
group2_1.png,group2_1,2,group4_18.jpg,group4_18,4,False,122,135
group2_1.png,group2_1,2,group4_25.jpg,group4_25,4,False,122,89
group2_10.png,group2_10,2,group2_21.png,group2_21,2,True,122,63
group2_10.png,group2_10,2,group2_36.png,group2_36,2,True,122,57
group2_10.png,group2_10,2,group2_6.png,group2_6,2,True,122,66
group2_10.png,group2_10,2,group3_16.png,group3_16,3,False,122,83
group2_10.png,group2_10,2,group3_29.png,group3_29,3,False,122,116
group2_10.png,group2_10,2,group4_10.jpg,group4_10,4,False,122,111
group2_10.png,group2_10,2,group4_26.jpg,group4_26,4,False,122,111
group2_10.png,group2_10,2,group4_29.jpg,group4_29,4,False,122,119
group2_10.png,group2_10,2,group4_4.jpg,group4_4,4,False,122,109
group2_11.png,group2_11,2,group2_2.png,group2_2,2,True,122,88
group2_11.png,group2_11,2,group2_25.png,group2_25,2,True,122,72
group2_12.png,group2_12,2,group2_19.png,group2_19,2,True,122,153
group2_12.png,group2_12,2,group2_27.png,group2_27,2,True,122,126
group2_12.png,group2_12,2,group2_29.png,group2_29,2,True,122,123
group2_12.png,group2_12,2,group2_35.png,group2_35,2,True,122,130
group2_12.png,group2_12,2,group2_40.png,group2_40,2,True,122,177
group2_12.png,group2_12,2,group2_8.png,group2_8,2,True,122,128
group2_12.png,group2_12,2,group3_11.jpg,group3_11,3,False,122,168
group2_12.png,group2_12,2,group3_27.png,group3_27,3,False,122,91
group2_12.png,group2_12,2,group4_18.jpg,group4_18,4,False,122,138
group2_12.png,group2_12,2,group4_25.jpg,group4_25,4,False,122,160
group2_12.png,group2_12,2,group4_5.jpg,group4_5,4,False,122,131
group2_13.png,group2_13,2,group2_43.png,group2_43,2,True,122,81
group2_13.png,group2_13,2,group2_45.png,group2_45,2,True,122,62
group2_13.png,group2_13,2,group3_2.jpg,group3_2,3,False,122,111
group2_13.png,group2_13,2,group3_3.jpg,group3_3,3,False,122,129
group2_13.png,group2_13,2,group3_5.jpg,group3_5,3,False,122,105
group2_13.png,group2_13,2,group4_20.jpg,group4_20,4,False,122,140
group2_13.png,group2_13,2,group4_27.jpg,group4_27,4,False,122,133
group2_13.png,group2_13,2,group4_7.jpg,group4_7,4,False,122,145
group2_14.png,group2_14,2,group3_22.png,group3_22,3,False,122,104
group2_14.png,group2_14,2,group4_11.jpg,group4_11,4,False,122,148
group2_14.png,group2_14,2,group4_5.jpg,group4_5,4,False,122,154
group2_15.png,group2_15,2,group4_7.jpg,group4_7,4,False,122,137
group2_16.png,group2_16,2,group2_24.png,group2_24,2,True,122,52
group2_16.png,group2_16,2,group2_34.png,group2_34,2,True,122,74
group2_16.png,group2_16,2,group2_36.png,group2_36,2,True,122,62
group2_16.png,group2_16,2,group2_4.png,group2_4,2,True,122,56
group2_16.png,group2_16,2,group3_24.png,group3_24,3,False,122,66
group2_16.png,group2_16,2,group3_9.jpg,group3_9,3,False,122,111
group2_16.png,group2_16,2,group4_23.jpg,group4_23,4,False,122,75
group2_17.png,group2_17,2,group2_21.png,group2_21,2,True,122,86
group2_17.png,group2_17,2,group3_24.png,group3_24,3,False,122,102
group2_17.png,group2_17,2,group3_29.png,group3_29,3,False,122,93
group2_17.png,group2_17,2,group3_30.png,group3_30,3,False,122,117
group2_17.png,group2_17,2,group3_6.jpg,group3_6,3,False,122,46
group2_17.png,group2_17,2,group3_8.jpg,group3_8,3,False,122,76
group2_17.png,group2_17,2,group4_3.jpg,group4_3,4,False,122,83
group2_18.png,group2_18,2,group2_30.png,group2_30,2,True,122,46
group2_18.png,group2_18,2,group3_29 2.png,group3_29 2,3,False,122,101
group2_19.png,group2_19,2,group4_14.jpg,group4_14,4,False,122,172
group2_2.png,group2_2,2,group2_35.png,group2_35,2,True,122,70
group2_2.png,group2_2,2,group3_19.png,group3_19,3,False,122,76
group2_2.png,group2_2,2,group3_2.jpg,group3_2,3,False,122,77
group2_2.png,group2_2,2,group4_22.jpg,group4_22,4,False,122,101
group2_2.png,group2_2,2,group4_29.jpg,group4_29,4,False,122,80
group2_2.png,group2_2,2,group4_3.jpg,group4_3,4,False,122,69
group2_2.png,group2_2,2,group4_4.jpg,group4_4,4,False,122,102
group2_20.png,group2_20,2,group3_10.jpg,group3_10,3,False,122,86
group2_20.png,group2_20,2,group3_3.jpg,group3_3,3,False,122,109
group2_20.png,group2_20,2,group3_6.jpg,group3_6,3,False,122,66
group2_20.png,group2_20,2,group4_14.jpg,group4_14,4,False,122,199
group2_20.png,group2_20,2,group4_16.jpg,group4_16,4,False,122,133
group2_21.png,group2_21,2,group2_25.png,group2_25,2,True,122,44
group2_21.png,group2_21,2,group2_43.png,group2_43,2,True,122,95
group2_21.png,group2_21,2,group2_7.png,group2_7,2,True,122,53
group2_21.png,group2_21,2,group3_1.jpg,group3_1,3,False,122,120
group2_21.png,group2_21,2,group3_19.png,group3_19,3,False,122,78
group2_21.png,group2_21,2,group3_8.jpg,group3_8,3,False,122,76
group2_21.png,group2_21,2,group4_21.jpg,group4_21,4,False,122,128
group2_21.png,group2_21,2,group4_22.jpg,group4_22,4,False,122,123
group2_21.png,group2_21,2,group4_29.jpg,group4_29,4,False,122,120
group2_21.png,group2_21,2,group4_3.jpg,group4_3,4,False,122,93
group2_22.png,group2_22,2,group3_19.png,group3_19,3,False,122,76
group2_22.png,group2_22,2,group4_8.jpg,group4_8,4,False,122,139
group2_23.png,group2_23,2,group2_27.png,group2_27,2,True,122,87
group2_23.png,group2_23,2,group2_3.png,group2_3,2,True,122,68
group2_23.png,group2_23,2,group2_4.png,group2_4,2,True,122,95
group2_23.png,group2_23,2,group3_16.png,group3_16,3,False,122,83
group2_23.png,group2_23,2,group3_18.png,group3_18,3,False,122,97
group2_23.png,group2_23,2,group3_2.jpg,group3_2,3,False,122,124
group2_23.png,group2_23,2,group3_20.png,group3_20,3,False,122,115
group2_23.png,group2_23,2,group3_30.png,group3_30,3,False,122,142
group2_23.png,group2_23,2,group4_3.jpg,group4_3,4,False,122,126
group2_23.png,group2_23,2,group4_5.jpg,group4_5,4,False,122,158
group2_24.png,group2_24,2,group3_2.jpg,group3_2,3,False,122,95
group2_24.png,group2_24,2,group3_28.png,group3_28,3,False,122,199
group2_24.png,group2_24,2,group4_27.jpg,group4_27,4,False,122,125
group2_25.png,group2_25,2,group2_39.png,group2_39,2,True,122,46
group2_25.png,group2_25,2,group3_22.png,group3_22,3,False,122,105
group2_25.png,group2_25,2,group3_29 2.png,group3_29 2,3,False,122,93
group2_25.png,group2_25,2,group4_16.jpg,group4_16,4,False,122,147
group2_25.png,group2_25,2,group4_29.jpg,group4_29,4,False,122,112
group2_25.png,group2_25,2,group4_5.jpg,group4_5,4,False,122,159
group2_26.png,group2_26,2,group2_34.png,group2_34,2,True,122,82
group2_26.png,group2_26,2,group2_43.png,group2_43,2,True,122,119
group2_26.png,group2_26,2,group3_11.jpg,group3_11,3,False,122,56
group2_26.png,group2_26,2,group3_28.png,group3_28,3,False,122,203
group2_26.png,group2_26,2,group3_6.jpg,group3_6,3,False,122,52
group2_26.png,group2_26,2,group4_13.jpg,group4_13,4,False,122,147
group2_26.png,group2_26,2,group4_14.jpg,group4_14,4,False,122,163
group2_26.png,group2_26,2,group4_17.jpg,group4_17,4,False,122,188
group2_26.png,group2_26,2,group4_3.jpg,group4_3,4,False,122,65
group2_27.png,group2_27,2,group2_31.png,group2_31,2,True,122,25
group2_27.png,group2_27,2,group3_5.jpg,group3_5,3,False,122,105
group2_27.png,group2_27,2,group4_28.jpg,group4_28,4,False,122,126
group2_27.png,group2_27,2,group4_6.jpg,group4_6,4,False,122,163
group2_28.png,group2_28,2,group3_12.png,group3_12,3,False,122,113
group2_28.png,group2_28,2,group3_15.png,group3_15,3,False,122,78
group2_28.png,group2_28,2,group3_8.jpg,group3_8,3,False,122,73
group2_28.png,group2_28,2,group4_29.jpg,group4_29,4,False,122,121
group2_29.png,group2_29,2,group3_10.jpg,group3_10,3,False,122,73
group2_29.png,group2_29,2,group3_12.png,group3_12,3,False,122,99
group2_29.png,group2_29,2,group3_19.png,group3_19,3,False,122,89
group2_29.png,group2_29,2,group3_29 2.png,group3_29 2,3,False,122,88
group2_29.png,group2_29,2,group3_9.jpg,group3_9,3,False,122,86
group2_29.png,group2_29,2,group4_21.jpg,group4_21,4,False,122,131
group2_29.png,group2_29,2,group4_3.jpg,group4_3,4,False,122,96
group2_29.png,group2_29,2,group4_7.jpg,group4_7,4,False,122,122
group2_3.png,group2_3,2,group3_26.png,group3_26,3,False,122,100
group2_3.png,group2_3,2,group4_11.jpg,group4_11,4,False,122,120
group2_3.png,group2_3,2,group4_27.jpg,group4_27,4,False,122,128
group2_3.png,group2_3,2,group4_5.jpg,group4_5,4,False,122,158
group2_3.png,group2_3,2,group4_9.jpg,group4_9,4,False,122,186
group2_30.png,group2_30,2,group3_15.png,group3_15,3,False,122,107
group2_30.png,group2_30,2,group4_11.jpg,group4_11,4,False,122,139
group2_30.png,group2_30,2,group4_6.jpg,group4_6,4,False,122,145
group2_31.png,group2_31,2,group3_1.jpg,group3_1,3,False,122,129
group2_31.png,group2_31,2,group3_19.png,group3_19,3,False,122,67
group2_31.png,group2_31,2,group3_20.png,group3_20,3,False,122,69
group2_31.png,group2_31,2,group4_10.jpg,group4_10,4,False,122,97
group2_31.png,group2_31,2,group4_12.jpg,group4_12,4,False,122,100
group2_31.png,group2_31,2,group4_14.jpg,group4_14,4,False,122,182
group2_31.png,group2_31,2,group4_20.jpg,group4_20,4,False,122,145
group2_31.png,group2_31,2,group4_26.jpg,group4_26,4,False,122,113
group2_31.png,group2_31,2,group4_4.jpg,group4_4,4,False,122,99
group2_31.png,group2_31,2,group4_9.jpg,group4_9,4,False,122,194
group2_32.png,group2_32,2,group2_33.png,group2_33,2,True,122,36
group2_32.png,group2_32,2,group2_7.png,group2_7,2,True,122,52
group2_32.png,group2_32,2,group4_3.jpg,group4_3,4,False,122,94
group2_32.png,group2_32,2,group4_30.jpg,group4_30,4,False,122,100
group2_33.png,group2_33,2,group3_1.jpg,group3_1,3,False,122,127
group2_33.png,group2_33,2,group3_23.png,group3_23,3,False,122,114
group2_33.png,group2_33,2,group4_12.jpg,group4_12,4,False,122,100
group2_33.png,group2_33,2,group4_22.jpg,group4_22,4,False,122,124
group2_33.png,group2_33,2,group4_3.jpg,group4_3,4,False,122,82
group2_34.png,group2_34,2,group2_42.png,group2_42,2,True,122,52
group2_34.png,group2_34,2,group3_16.png,group3_16,3,False,122,76
group2_34.png,group2_34,2,group4_10.jpg,group4_10,4,False,122,110
group2_34.png,group2_34,2,group4_13.jpg,group4_13,4,False,122,171
group2_34.png,group2_34,2,group4_20.jpg,group4_20,4,False,122,140
group2_34.png,group2_34,2,group4_21.jpg,group4_21,4,False,122,124
group2_35.png,group2_35,2,group3_18.png,group3_18,3,False,122,82
group2_35.png,group2_35,2,group3_7.jpg,group3_7,3,False,122,104
group2_35.png,group2_35,2,group4_20.jpg,group4_20,4,False,122,108
group2_35.png,group2_35,2,group4_26.jpg,group4_26,4,False,122,108
group2_35.png,group2_35,2,group4_4.jpg,group4_4,4,False,122,118
group2_35.png,group2_35,2,group4_8.jpg,group4_8,4,False,122,115
group2_36.png,group2_36,2,group3_18.png,group3_18,3,False,122,110
group2_36.png,group2_36,2,group3_23.png,group3_23,3,False,122,101
group2_36.png,group2_36,2,group3_28.png,group3_28,3,False,122,207
group2_36.png,group2_36,2,group4_6.jpg,group4_6,4,False,122,157
group2_37.png,group2_37,2,group3_14.png,group3_14,3,False,122,116
group2_37.png,group2_37,2,group3_29 2.png,group3_29 2,3,False,122,113
group2_37.png,group2_37,2,group4_1.jpg,group4_1,4,False,122,189
group2_37.png,group2_37,2,group4_21.jpg,group4_21,4,False,122,120
group2_37.png,group2_37,2,group4_7.jpg,group4_7,4,False,122,137
group2_38.png,group2_38,2,group3_22.png,group3_22,3,False,122,99
group2_38.png,group2_38,2,group4_22.jpg,group4_22,4,False,122,129
group2_39.png,group2_39,2,group2_8.png,group2_8,2,True,122,66
group2_39.png,group2_39,2,group3_21.png,group3_21,3,False,122,35
group2_39.png,group2_39,2,group3_23.png,group3_23,3,False,122,97
group2_39.png,group2_39,2,group4_6.jpg,group4_6,4,False,122,163
group2_4.png,group2_4,2,group2_43.png,group2_43,2,True,122,103
group2_4.png,group2_4,2,group3_21.png,group3_21,3,False,122,35
group2_4.png,group2_4,2,group3_24.png,group3_24,3,False,122,52
group2_4.png,group2_4,2,group3_9.jpg,group3_9,3,False,122,81
group2_4.png,group2_4,2,group4_13.jpg,group4_13,4,False,122,129
group2_4.png,group2_4,2,group4_25.jpg,group4_25,4,False,122,78
group2_40.png,group2_40,2,group2_9.png,group2_9,2,True,122,83
group2_40.png,group2_40,2,group4_12.jpg,group4_12,4,False,122,134
group2_40.png,group2_40,2,group4_20.jpg,group4_20,4,False,122,115
group2_40.png,group2_40,2,group4_9.jpg,group4_9,4,False,122,198
group2_41.png,group2_41,2,group2_5.png,group2_5,2,True,122,71
group2_41.png,group2_41,2,group3_11.jpg,group3_11,3,False,122,84
group2_41.png,group2_41,2,group4_29.jpg,group4_29,4,False,122,122
group2_41.png,group2_41,2,group4_3.jpg,group4_3,4,False,122,103
group2_42.png,group2_42,2,group2_45.png,group2_45,2,True,122,52
group2_42.png,group2_42,2,group3_10.jpg,group3_10,3,False,122,124
group2_42.png,group2_42,2,group3_11.jpg,group3_11,3,False,122,124
group2_42.png,group2_42,2,group4_13.jpg,group4_13,4,False,122,185
group2_42.png,group2_42,2,group4_23.jpg,group4_23,4,False,122,155
group2_42.png,group2_42,2,group4_25.jpg,group4_25,4,False,122,130
group2_43.png,group2_43,2,group3_22.png,group3_22,3,False,122,112
group2_43.png,group2_43,2,group3_24.png,group3_24,3,False,122,95
group2_43.png,group2_43,2,group3_8.jpg,group3_8,3,False,122,125
group2_44.png,group2_44,2,group2_9.png,group2_9,2,True,122,42
group2_44.png,group2_44,2,group3_14.png,group3_14,3,False,122,130
group2_44.png,group2_44,2,group4_13.jpg,group4_13,4,False,122,173
group2_44.png,group2_44,2,group4_16.jpg,group4_16,4,False,122,133
group2_45.png,group2_45,2,group4_14.jpg,group4_14,4,False,122,219
group2_5.png,group2_5,2,group2_7.png,group2_7,2,True,122,86
group2_5.png,group2_5,2,group3_2.jpg,group3_2,3,False,122,82
group2_5.png,group2_5,2,group3_21.png,group3_21,3,False,122,24
group2_5.png,group2_5,2,group4_27.jpg,group4_27,4,False,122,100
group2_5.png,group2_5,2,group4_28.jpg,group4_28,4,False,122,89
group2_5.png,group2_5,2,group4_4.jpg,group4_4,4,False,122,95
group2_5.png,group2_5,2,group4_8.jpg,group4_8,4,False,122,142
group2_6.png,group2_6,2,group3_11.jpg,group3_11,3,False,122,103
group2_6.png,group2_6,2,group3_12.png,group3_12,3,False,122,133
group2_6.png,group2_6,2,group3_20.png,group3_20,3,False,122,101
group2_6.png,group2_6,2,group3_29 2.png,group3_29 2,3,False,122,126
group2_6.png,group2_6,2,group4_18.jpg,group4_18,4,False,122,163
group2_6.png,group2_6,2,group4_25.jpg,group4_25,4,False,122,97
group2_7.png,group2_7,2,group3_15.png,group3_15,3,False,122,120
group2_7.png,group2_7,2,group3_25.png,group3_25,3,False,122,72
group2_7.png,group2_7,2,group4_13.jpg,group4_13,4,False,122,170
group2_8.png,group2_8,2,group3_29 2.png,group3_29 2,3,False,122,95
group2_8.png,group2_8,2,group4_17.jpg,group4_17,4,False,122,186
group2_8.png,group2_8,2,group4_18.jpg,group4_18,4,False,122,142
group2_8.png,group2_8,2,group4_4.jpg,group4_4,4,False,122,126
group2_8.png,group2_8,2,group4_9.jpg,group4_9,4,False,122,167
group2_9.png,group2_9,2,group3_20.png,group3_20,3,False,122,68
group2_9.png,group2_9,2,group4_16.jpg,group4_16,4,False,122,145
group2_9.png,group2_9,2,group4_17.jpg,group4_17,4,False,122,164
group2_9.png,group2_9,2,group4_19.jpg,group4_19,4,False,122,140
group2_9.png,group2_9,2,group4_21.jpg,group4_21,4,False,122,122
group2_9.png,group2_9,2,group4_8.jpg,group4_8,4,False,122,141
group3_1.jpg,group3_1,3,group3_20.png,group3_20,3,True,122,92
group3_1.jpg,group3_1,3,group4_29.jpg,group4_29,4,False,122,58
group3_1.jpg,group3_1,3,group4_6.jpg,group4_6,4,False,122,119
group3_10.jpg,group3_10,3,group3_19.png,group3_19,3,True,122,70
group3_10.jpg,group3_10,3,group3_25.png,group3_25,3,True,122,69
group3_10.jpg,group3_10,3,group3_6.jpg,group3_6,3,True,122,62
group3_10.jpg,group3_10,3,group4_18.jpg,group4_18,4,False,122,134
group3_10.jpg,group3_10,3,group4_19.jpg,group4_19,4,False,122,110
group3_11.jpg,group3_11,3,group3_9.jpg,group3_9,3,True,122,101
group3_11.jpg,group3_11,3,group4_10.jpg,group4_10,4,False,122,116
group3_12.png,group3_12,3,group3_17.png,group3_17,3,True,122,102
group3_12.png,group3_12,3,group3_25.png,group3_25,3,True,122,125
group3_12.png,group3_12,3,group4_28.jpg,group4_28,4,False,122,78
group3_12.png,group3_12,3,group4_4.jpg,group4_4,4,False,122,72
group3_13.png,group3_13,3,group3_19.png,group3_19,3,True,122,119
group3_13.png,group3_13,3,group3_24.png,group3_24,3,True,122,123
group3_13.png,group3_13,3,group4_18.jpg,group4_18,4,False,122,153
group3_13.png,group3_13,3,group4_24.jpg,group4_24,4,False,122,91
group3_14.png,group3_14,3,group3_3.jpg,group3_3,3,True,122,93
group3_14.png,group3_14,3,group3_5.jpg,group3_5,3,True,122,83
group3_14.png,group3_14,3,group4_3.jpg,group4_3,4,False,122,123
group3_15.png,group3_15,3,group3_19.png,group3_19,3,True,122,111
group3_15.png,group3_15,3,group3_21.png,group3_21,3,True,122,64
group3_15.png,group3_15,3,group3_25.png,group3_25,3,True,122,90
group3_15.png,group3_15,3,group3_28.png,group3_28,3,True,122,170
group3_15.png,group3_15,3,group4_29.jpg,group4_29,4,False,122,79
group3_16.png,group3_16,3,group3_8.jpg,group3_8,3,True,122,122
group3_16.png,group3_16,3,group4_13.jpg,group4_13,4,False,122,163
group3_16.png,group3_16,3,group4_20.jpg,group4_20,4,False,122,128
group3_17.png,group3_17,3,group4_28.jpg,group4_28,4,False,122,98
group3_18.png,group3_18,3,group4_13.jpg,group4_13,4,False,122,99
group3_18.png,group3_18,3,group4_21.jpg,group4_21,4,False,122,94
group3_19.png,group3_19,3,group3_2.jpg,group3_2,3,True,122,89
group3_19.png,group3_19,3,group4_1.jpg,group4_1,4,False,122,177
group3_2.jpg,group3_2,3,group3_9.jpg,group3_9,3,True,122,84
group3_2.jpg,group3_2,3,group4_16.jpg,group4_16,4,False,122,96
group3_20.png,group3_20,3,group3_6.jpg,group3_6,3,True,122,82
group3_20.png,group3_20,3,group4_22.jpg,group4_22,4,False,122,97
group3_20.png,group3_20,3,group4_3.jpg,group4_3,4,False,122,93
group3_21.png,group3_21,3,group3_5.jpg,group3_5,3,True,122,126
group3_21.png,group3_21,3,group4_13.jpg,group4_13,4,False,122,140
group3_21.png,group3_21,3,group4_26.jpg,group4_26,4,False,122,85
group3_22.png,group3_22,3,group3_27.png,group3_27,3,True,122,162
group3_23.png,group3_23,3,group3_30.png,group3_30,3,True,122,118
group3_23.png,group3_23,3,group3_9.jpg,group3_9,3,True,122,104
group3_24.png,group3_24,3,group4_27.jpg,group4_27,4,False,122,97
group3_25.png,group3_25,3,group3_7.jpg,group3_7,3,True,122,97
group3_25.png,group3_25,3,group4_21.jpg,group4_21,4,False,122,107
group3_26.png,group3_26,3,group3_5.jpg,group3_5,3,True,122,86
group3_26.png,group3_26,3,group4_22.jpg,group4_22,4,False,122,80
group3_26.png,group3_26,3,group4_3.jpg,group4_3,4,False,122,122
group3_27.png,group3_27,3,group4_16.jpg,group4_16,4,False,122,112
group3_27.png,group3_27,3,group4_25.jpg,group4_25,4,False,122,189
group3_28.png,group3_28,3,group3_8.jpg,group3_8,3,True,122,189
group3_28.png,group3_28,3,group3_9.jpg,group3_9,3,True,122,142
group3_28.png,group3_28,3,group4_17.jpg,group4_17,4,False,122,63
group3_28.png,group3_28,3,group4_19.jpg,group4_19,4,False,122,121
group3_28.png,group3_28,3,group4_21.jpg,group4_21,4,False,122,101
group3_28.png,group3_28,3,group4_4.jpg,group4_4,4,False,122,157
group3_29 2.png,group3_29 2,3,group4_20.jpg,group4_20,4,False,122,83
group3_29 2.png,group3_29 2,3,group4_7.jpg,group4_7,4,False,122,154
group3_29.png,group3_29,3,group3_3.jpg,group3_3,3,True,122,100
group3_29.png,group3_29,3,group3_5.jpg,group3_5,3,True,122,122
group3_29.png,group3_29,3,group4_1.jpg,group4_1,4,False,122,132
group3_29.png,group3_29,3,group4_11.jpg,group4_11,4,False,122,146
group3_29.png,group3_29,3,group4_23.jpg,group4_23,4,False,122,90
group3_29.png,group3_29,3,group4_25.jpg,group4_25,4,False,122,89
group3_3.jpg,group3_3,3,group4_23.jpg,group4_23,4,False,122,108
group3_30.png,group3_30,3,group4_26.jpg,group4_26,4,False,122,75
group3_30.png,group3_30,3,group4_6.jpg,group4_6,4,False,122,134
group3_5.jpg,group3_5,3,group4_24.jpg,group4_24,4,False,122,77
group3_5.jpg,group3_5,3,group4_9.jpg,group4_9,4,False,122,150
group3_7.jpg,group3_7,3,group4_13.jpg,group4_13,4,False,122,135
group3_7.jpg,group3_7,3,group4_28.jpg,group4_28,4,False,122,86
group3_7.jpg,group3_7,3,group4_4.jpg,group4_4,4,False,122,92
group3_9.jpg,group3_9,3,group4_14.jpg,group4_14,4,False,122,114
group4_10.jpg,group4_10,4,group4_30.jpg,group4_30,4,True,122,133
group4_10.jpg,group4_10,4,group4_4.jpg,group4_4,4,True,122,94
group4_11.jpg,group4_11,4,group4_17.jpg,group4_17,4,True,122,131
group4_11.jpg,group4_11,4,group4_22.jpg,group4_22,4,True,122,134
group4_11.jpg,group4_11,4,group4_25.jpg,group4_25,4,True,122,157
group4_12.jpg,group4_12,4,group4_21.jpg,group4_21,4,True,122,145
group4_12.jpg,group4_12,4,group4_8.jpg,group4_8,4,True,122,134
group4_13.jpg,group4_13,4,group4_25.jpg,group4_25,4,True,122,103
group4_13.jpg,group4_13,4,group4_7.jpg,group4_7,4,True,122,132
group4_14.jpg,group4_14,4,group4_22.jpg,group4_22,4,True,122,112
group4_14.jpg,group4_14,4,group4_29.jpg,group4_29,4,True,122,105
group4_14.jpg,group4_14,4,group4_7.jpg,group4_7,4,True,122,140
group4_15.jpg,group4_15,4,group4_21.jpg,group4_21,4,True,122,174
group4_15.jpg,group4_15,4,group4_6.jpg,group4_6,4,True,122,115
group4_17.jpg,group4_17,4,group4_28.jpg,group4_28,4,True,122,140
group4_17.jpg,group4_17,4,group4_8.jpg,group4_8,4,True,122,141
group4_18.jpg,group4_18,4,group4_21.jpg,group4_21,4,True,122,136
group4_18.jpg,group4_18,4,group4_28.jpg,group4_28,4,True,122,144
group4_18.jpg,group4_18,4,group4_8.jpg,group4_8,4,True,122,125
group4_19.jpg,group4_19,4,group4_4.jpg,group4_4,4,True,122,152
group4_19.jpg,group4_19,4,group4_7.jpg,group4_7,4,True,122,95
group4_20.jpg,group4_20,4,group4_24.jpg,group4_24,4,True,122,128
group4_20.jpg,group4_20,4,group4_6.jpg,group4_6,4,True,122,77
group4_21.jpg,group4_21,4,group4_29.jpg,group4_29,4,True,122,124
group4_21.jpg,group4_21,4,group4_3.jpg,group4_3,4,True,122,145
group4_21.jpg,group4_21,4,group4_30.jpg,group4_30,4,True,122,143
group4_21.jpg,group4_21,4,group4_9.jpg,group4_9,4,True,122,107
group4_22.jpg,group4_22,4,group4_4.jpg,group4_4,4,True,122,129
group4_23.jpg,group4_23,4,group4_9.jpg,group4_9,4,True,122,170
group4_24.jpg,group4_24,4,group4_26.jpg,group4_26,4,True,122,96
group4_26.jpg,group4_26,4,group4_27.jpg,group4_27,4,True,122,55
group4_26.jpg,group4_26,4,group4_7.jpg,group4_7,4,True,122,145
group4_28.jpg,group4_28,4,group4_9.jpg,group4_9,4,True,122,147
group4_29.jpg,group4_29,4,group4_4.jpg,group4_4,4,True,122,106
group4_3.jpg,group4_3,4,group4_8.jpg,group4_8,4,True,122,118
group1_1.jpeg,group1_1,1,group1_7.png,group1_7,1,True,124,67
group1_1.jpeg,group1_1,1,group2_22.png,group2_22,2,False,124,55
group1_1.jpeg,group1_1,1,group2_23.png,group2_23,2,False,124,90
group1_1.jpeg,group1_1,1,group2_26.png,group2_26,2,False,124,65
group1_1.jpeg,group1_1,1,group2_33.png,group2_33,2,False,124,40
group1_1.jpeg,group1_1,1,group2_34.png,group2_34,2,False,124,59
group1_1.jpeg,group1_1,1,group2_37.png,group2_37,2,False,124,49
group1_1.jpeg,group1_1,1,group3_15.png,group3_15,3,False,124,88
group1_1.jpeg,group1_1,1,group3_30.png,group3_30,3,False,124,138
group1_1.jpeg,group1_1,1,group4_18.jpg,group4_18,4,False,124,147
group1_1.jpeg,group1_1,1,group4_28.jpg,group4_28,4,False,124,109
group1_1.jpeg,group1_1,1,group4_29.jpg,group4_29,4,False,124,113
group1_10.png,group1_10,1,group1_21.jpg,group1_21,1,True,124,67
group1_10.png,group1_10,1,group1_7.png,group1_7,1,True,124,47
group1_10.png,group1_10,1,group2_10.png,group2_10,2,False,124,60
group1_10.png,group1_10,1,group2_30.png,group2_30,2,False,124,57
group1_10.png,group1_10,1,group2_8.png,group2_8,2,False,124,83
group1_10.png,group1_10,1,group3_21.png,group3_21,3,False,124,82
group1_10.png,group1_10,1,group3_23.png,group3_23,3,False,124,82
group1_10.png,group1_10,1,group3_29 2.png,group3_29 2,3,False,124,130
group1_10.png,group1_10,1,group3_6.jpg,group3_6,3,False,124,93
group1_10.png,group1_10,1,group3_8.jpg,group3_8,3,False,124,97
group1_11.png,group1_11,1,group1_15.png,group1_15,1,True,124,89
group1_11.png,group1_11,1,group2_21.png,group2_21,2,False,124,58
group1_11.png,group1_11,1,group2_36.png,group2_36,2,False,124,70
group1_11.png,group1_11,1,group2_37.png,group2_37,2,False,124,60
group1_11.png,group1_11,1,group2_42.png,group2_42,2,False,124,132
group1_11.png,group1_11,1,group3_30.png,group3_30,3,False,124,113
group1_11.png,group1_11,1,group4_30.jpg,group4_30,4,False,124,57
group1_12.png,group1_12,1,group1_21.jpg,group1_21,1,True,124,70
group1_12.png,group1_12,1,group1_22.jpg,group1_22,1,True,124,106
group1_12.png,group1_12,1,group2_3.png,group2_3,2,False,124,81
group1_12.png,group1_12,1,group2_31.png,group2_31,2,False,124,57
group1_12.png,group1_12,1,group2_35.png,group2_35,2,False,124,68
group1_12.png,group1_12,1,group3_12.png,group3_12,3,False,124,136
group1_12.png,group1_12,1,group3_6.jpg,group3_6,3,False,124,88
group1_12.png,group1_12,1,group4_11.jpg,group4_11,4,False,124,139
group1_12.png,group1_12,1,group4_16.jpg,group4_16,4,False,124,117
group1_12.png,group1_12,1,group4_17.jpg,group4_17,4,False,124,146
group1_12.png,group1_12,1,group4_25.jpg,group4_25,4,False,124,108
group1_12.png,group1_12,1,group4_26.jpg,group4_26,4,False,124,140
group1_13.png,group1_13,1,group2_10.png,group2_10,2,False,124,53
group1_13.png,group1_13,1,group2_36.png,group2_36,2,False,124,66
group1_13.png,group1_13,1,group2_37.png,group2_37,2,False,124,54
group1_13.png,group1_13,1,group2_9.png,group2_9,2,False,124,42
group1_13.png,group1_13,1,group3_29 2.png,group3_29 2,3,False,124,115
group1_14.png,group1_14,1,group1_2.png,group1_2,1,True,124,44
group1_14.png,group1_14,1,group1_4.png,group1_4,1,True,124,63
group1_14.png,group1_14,1,group2_14.png,group2_14,2,False,124,35
group1_14.png,group1_14,1,group4_16.jpg,group4_16,4,False,124,157
group1_14.png,group1_14,1,group4_29.jpg,group4_29,4,False,124,130
group1_14.png,group1_14,1,group4_6.jpg,group4_6,4,False,124,167
group1_14.png,group1_14,1,group4_8.jpg,group4_8,4,False,124,143
group1_15.png,group1_15,1,group1_21.jpg,group1_21,1,True,124,51
group1_15.png,group1_15,1,group2_33.png,group2_33,2,False,124,56
group1_15.png,group1_15,1,group2_40.png,group2_40,2,False,124,102
group1_15.png,group1_15,1,group3_17.png,group3_17,3,False,124,77
group1_15.png,group1_15,1,group3_23.png,group3_23,3,False,124,102
group1_15.png,group1_15,1,group4_13.jpg,group4_13,4,False,124,170
group1_15.png,group1_15,1,group4_20.jpg,group4_20,4,False,124,137
group1_15.png,group1_15,1,group4_21.jpg,group4_21,4,False,124,125
group1_16.png,group1_16,1,group2_43.png,group2_43,2,False,124,109
group1_16.png,group1_16,1,group3_20.png,group3_20,3,False,124,70
group1_16.png,group1_16,1,group3_21.png,group3_21,3,False,124,35
group1_16.png,group1_16,1,group3_8.jpg,group3_8,3,False,124,40
group1_16.png,group1_16,1,group4_13.jpg,group4_13,4,False,124,117
group1_16.png,group1_16,1,group4_7.jpg,group4_7,4,False,124,143
group1_17.png,group1_17,1,group1_22.jpg,group1_22,1,True,124,99
group1_17.png,group1_17,1,group2_4.png,group2_4,2,False,124,69
group1_17.png,group1_17,1,group3_10.jpg,group3_10,3,False,124,71
group1_17.png,group1_17,1,group3_11.jpg,group3_11,3,False,124,89
group1_17.png,group1_17,1,group3_14.png,group3_14,3,False,124,119
group1_17.png,group1_17,1,group3_23.png,group3_23,3,False,124,108
group1_17.png,group1_17,1,group3_24.png,group3_24,3,False,124,95
group1_17.png,group1_17,1,group3_29 2.png,group3_29 2,3,False,124,116
group1_17.png,group1_17,1,group3_5.jpg,group3_5,3,False,124,116
group1_17.png,group1_17,1,group4_11.jpg,group4_11,4,False,124,126
group1_17.png,group1_17,1,group4_12.jpg,group4_12,4,False,124,98
group1_17.png,group1_17,1,group4_18.jpg,group4_18,4,False,124,143
group1_17.png,group1_17,1,group4_19.jpg,group4_19,4,False,124,145
group1_17.png,group1_17,1,group4_4.jpg,group4_4,4,False,124,123
group1_18.png,group1_18,1,group1_21.jpg,group1_21,1,True,124,83
group1_18.png,group1_18,1,group1_4.png,group1_4,1,True,124,88
group1_18.png,group1_18,1,group2_26.png,group2_26,2,False,124,75
group1_18.png,group1_18,1,group2_31.png,group2_31,2,False,124,72
group1_18.png,group1_18,1,group2_34.png,group2_34,2,False,124,85
group1_18.png,group1_18,1,group3_10.jpg,group3_10,3,False,124,81
group1_18.png,group1_18,1,group3_12.png,group3_12,3,False,124,99
group1_18.png,group1_18,1,group3_15.png,group3_15,3,False,124,86
group1_18.png,group1_18,1,group3_30.png,group3_30,3,False,124,144
group1_18.png,group1_18,1,group3_8.jpg,group3_8,3,False,124,79
group1_18.png,group1_18,1,group4_15.jpg,group4_15,4,False,124,143
group1_18.png,group1_18,1,group4_26.jpg,group4_26,4,False,124,113
group1_19.jpg,group1_19,1,group2_12.png,group2_12,2,False,124,117
group1_19.jpg,group1_19,1,group2_24.png,group2_24,2,False,124,61
group1_19.jpg,group1_19,1,group3_19.png,group3_19,3,False,124,81
group1_19.jpg,group1_19,1,group3_20.png,group3_20,3,False,124,81
group1_19.jpg,group1_19,1,group4_10.jpg,group4_10,4,False,124,107
group1_19.jpg,group1_19,1,group4_23.jpg,group4_23,4,False,124,94
group1_2.png,group1_2,1,group1_20.jpg,group1_20,1,True,124,38
group1_2.png,group1_2,1,group1_3.png,group1_3,1,True,124,47
group1_2.png,group1_2,1,group1_6.png,group1_6,1,True,124,55
group1_2.png,group1_2,1,group2_1.png,group2_1,2,False,124,141
group1_2.png,group1_2,1,group2_22.png,group2_22,2,False,124,74
group1_2.png,group1_2,1,group2_27.png,group2_27,2,False,124,46
group1_2.png,group1_2,1,group2_33.png,group2_33,2,False,124,51
group1_2.png,group1_2,1,group2_36.png,group2_36,2,False,124,56
group1_2.png,group1_2,1,group2_8.png,group2_8,2,False,124,78
group1_2.png,group1_2,1,group3_23.png,group3_23,3,False,124,117
group1_2.png,group1_2,1,group3_30.png,group3_30,3,False,124,145
group1_2.png,group1_2,1,group3_6.jpg,group3_6,3,False,124,92
group1_2.png,group1_2,1,group4_1.jpg,group4_1,4,False,124,189
group1_2.png,group1_2,1,group4_20.jpg,group4_20,4,False,124,128
group1_20.jpg,group1_20,1,group1_23.jpg,group1_23,1,True,124,64
group1_20.jpg,group1_20,1,group2_16.png,group2_16,2,False,124,36
group1_20.jpg,group1_20,1,group2_39.png,group2_39,2,False,124,36
group1_20.jpg,group1_20,1,group3_11.jpg,group3_11,3,False,124,60
group1_20.jpg,group1_20,1,group3_3.jpg,group3_3,3,False,124,131
group1_20.jpg,group1_20,1,group4_29.jpg,group4_29,4,False,124,122
group1_20.jpg,group1_20,1,group4_8.jpg,group4_8,4,False,124,117
group1_21.jpg,group1_21,1,group1_3.png,group1_3,1,True,124,55
group1_21.jpg,group1_21,1,group2_10.png,group2_10,2,False,124,59
group1_21.jpg,group1_21,1,group2_24.png,group2_24,2,False,124,70
group1_21.jpg,group1_21,1,group3_6.jpg,group3_6,3,False,124,80
group1_21.jpg,group1_21,1,group4_3.jpg,group4_3,4,False,124,95
group1_22.jpg,group1_22,1,group3_20.png,group3_20,3,False,124,104
group1_22.jpg,group1_22,1,group3_23.png,group3_23,3,False,124,151
group1_22.jpg,group1_22,1,group4_15.jpg,group4_15,4,False,124,134
group1_22.jpg,group1_22,1,group4_18.jpg,group4_18,4,False,124,116
group1_23.jpg,group1_23,1,group1_3.png,group1_3,1,True,124,77
group1_23.jpg,group1_23,1,group2_16.png,group2_16,2,False,124,74
group1_23.jpg,group1_23,1,group2_40.png,group2_40,2,False,124,45
group1_23.jpg,group1_23,1,group3_25.png,group3_25,3,False,124,93
group1_23.jpg,group1_23,1,group4_15.jpg,group4_15,4,False,124,152
group1_23.jpg,group1_23,1,group4_21.jpg,group4_21,4,False,124,138
group1_23.jpg,group1_23,1,group4_29.jpg,group4_29,4,False,124,94
group1_24.jpg,group1_24,1,group1_6.png,group1_6,1,True,124,45
group1_24.jpg,group1_24,1,group1_9.png,group1_9,1,True,124,61
group1_24.jpg,group1_24,1,group2_12.png,group2_12,2,False,124,148
group1_24.jpg,group1_24,1,group2_15.png,group2_15,2,False,124,50
group1_24.jpg,group1_24,1,group2_32.png,group2_32,2,False,124,43
group1_24.jpg,group1_24,1,group2_37.png,group2_37,2,False,124,50
group1_24.jpg,group1_24,1,group2_9.png,group2_9,2,False,124,50
group1_24.jpg,group1_24,1,group3_2.jpg,group3_2,3,False,124,99
group1_24.jpg,group1_24,1,group3_21.png,group3_21,3,False,124,43
group1_24.jpg,group1_24,1,group3_29 2.png,group3_29 2,3,False,124,91
group1_24.jpg,group1_24,1,group3_7.jpg,group3_7,3,False,124,72
group1_25.jpg,group1_25,1,group2_11.png,group2_11,2,False,124,80
group1_25.jpg,group1_25,1,group2_15.png,group2_15,2,False,124,54
group1_25.jpg,group1_25,1,group4_14.jpg,group4_14,4,False,124,173
group1_25.jpg,group1_25,1,group4_5.jpg,group4_5,4,False,124,173
group1_25.jpg,group1_25,1,group4_6.jpg,group4_6,4,False,124,163
group1_26.jpg,group1_26,1,group2_12.png,group2_12,2,False,124,147
group1_26.jpg,group1_26,1,group2_35.png,group2_35,2,False,124,71
group1_26.jpg,group1_26,1,group2_39.png,group2_39,2,False,124,71
group1_26.jpg,group1_26,1,group2_44.png,group2_44,2,False,124,95
group1_26.jpg,group1_26,1,group2_7.png,group2_7,2,False,124,108
group1_26.jpg,group1_26,1,group3_24.png,group3_24,3,False,124,81
group1_26.jpg,group1_26,1,group4_7.jpg,group4_7,4,False,124,156
group1_3.png,group1_3,1,group1_7.png,group1_7,1,True,124,81
group1_3.png,group1_3,1,group2_45.png,group2_45,2,False,124,53
group1_3.png,group1_3,1,group2_6.png,group2_6,2,False,124,62
group1_3.png,group1_3,1,group3_3.jpg,group3_3,3,False,124,124
group1_3.png,group1_3,1,group3_6.jpg,group3_6,3,False,124,83
group1_3.png,group1_3,1,group4_8.jpg,group4_8,4,False,124,120
group1_4.png,group1_4,1,group1_7.png,group1_7,1,True,124,79
group1_4.png,group1_4,1,group2_12.png,group2_12,2,False,124,169
group1_4.png,group1_4,1,group2_33.png,group2_33,2,False,124,54
group1_4.png,group1_4,1,group3_9.jpg,group3_9,3,False,124,88
group1_4.png,group1_4,1,group4_7.jpg,group4_7,4,False,124,136
group1_5.png,group1_5,1,group2_6.png,group2_6,2,False,124,87
group1_5.png,group1_5,1,group3_19.png,group3_19,3,False,124,82
group1_5.png,group1_5,1,group4_11.jpg,group4_11,4,False,124,131
group1_5.png,group1_5,1,group4_7.jpg,group4_7,4,False,124,135
group1_6.png,group1_6,1,group2_25.png,group2_25,2,False,124,53
group1_6.png,group1_6,1,group2_4.png,group2_4,2,False,124,57
group1_6.png,group1_6,1,group3_17.png,group3_17,3,False,124,71
group1_6.png,group1_6,1,group3_25.png,group3_25,3,False,124,82
group1_6.png,group1_6,1,group3_30.png,group3_30,3,False,124,138
group1_6.png,group1_6,1,group4_20.jpg,group4_20,4,False,124,133
group1_6.png,group1_6,1,group4_3.jpg,group4_3,4,False,124,92
group1_7.png,group1_7,1,group2_11.png,group2_11,2,False,124,70
group1_7.png,group1_7,1,group2_3.png,group2_3,2,False,124,77
group1_7.png,group1_7,1,group3_22.png,group3_22,3,False,124,117
group1_7.png,group1_7,1,group3_24.png,group3_24,3,False,124,90
group1_7.png,group1_7,1,group3_7.jpg,group3_7,3,False,124,78
group1_7.png,group1_7,1,group4_10.jpg,group4_10,4,False,124,122
group1_7.png,group1_7,1,group4_17.jpg,group4_17,4,False,124,152
group1_7.png,group1_7,1,group4_24.jpg,group4_24,4,False,124,98
group1_7.png,group1_7,1,group4_4.jpg,group4_4,4,False,124,124
group1_7.png,group1_7,1,group4_9.jpg,group4_9,4,False,124,171
group1_8.png,group1_8,1,group2_31.png,group2_31,2,False,124,68
group1_8.png,group1_8,1,group2_7.png,group2_7,2,False,124,58
group1_8.png,group1_8,1,group3_10.jpg,group3_10,3,False,124,95
group1_8.png,group1_8,1,group4_13.jpg,group4_13,4,False,124,154
group1_8.png,group1_8,1,group4_21.jpg,group4_21,4,False,124,131
group1_8.png,group1_8,1,group4_27.jpg,group4_27,4,False,124,150
group1_8.png,group1_8,1,group4_5.jpg,group4_5,4,False,124,152
group1_9.png,group1_9,1,group3_14.png,group3_14,3,False,124,125
group1_9.png,group1_9,1,group3_22.png,group3_22,3,False,124,120
group1_9.png,group1_9,1,group4_19.jpg,group4_19,4,False,124,139
group1_9.png,group1_9,1,group4_21.jpg,group4_21,4,False,124,125
group2_1.png,group2_1,2,group2_24.png,group2_24,2,True,124,101
group2_1.png,group2_1,2,group2_29.png,group2_29,2,True,124,114
group2_1.png,group2_1,2,group2_34.png,group2_34,2,True,124,141
group2_1.png,group2_1,2,group3_2.jpg,group3_2,3,False,124,74
group2_1.png,group2_1,2,group4_21.jpg,group4_21,4,False,124,123
group2_1.png,group2_1,2,group4_3.jpg,group4_3,4,False,124,80
group2_1.png,group2_1,2,group4_9.jpg,group4_9,4,False,124,156
group2_10.png,group2_10,2,group2_43.png,group2_43,2,True,124,86
group2_10.png,group2_10,2,group2_45.png,group2_45,2,True,124,57
group2_10.png,group2_10,2,group3_13.png,group3_13,3,False,124,114
group2_10.png,group2_10,2,group3_2.jpg,group3_2,3,False,124,96
group2_11.png,group2_11,2,group3_10.jpg,group3_10,3,False,124,86
group2_11.png,group2_11,2,group3_14.png,group3_14,3,False,124,106
group2_11.png,group2_11,2,group3_15.png,group3_15,3,False,124,117
group2_12.png,group2_12,2,group2_21.png,group2_21,2,True,124,118
group2_12.png,group2_12,2,group2_22.png,group2_22,2,True,124,160
group2_12.png,group2_12,2,group2_25.png,group2_25,2,True,124,136
group2_12.png,group2_12,2,group3_26.png,group3_26,3,False,124,153
group2_12.png,group2_12,2,group3_3.jpg,group3_3,3,False,124,135
group2_12.png,group2_12,2,group4_28.jpg,group4_28,4,False,124,166
group2_13.png,group2_13,2,group3_14.png,group3_14,3,False,124,100
group2_13.png,group2_13,2,group3_16.png,group3_16,3,False,124,98
group2_13.png,group2_13,2,group3_26.png,group3_26,3,False,124,107
group2_13.png,group2_13,2,group4_14.jpg,group4_14,4,False,124,181
group2_13.png,group2_13,2,group4_19.jpg,group4_19,4,False,124,142
group2_14.png,group2_14,2,group2_15.png,group2_15,2,True,124,47
group2_14.png,group2_14,2,group2_27.png,group2_27,2,True,124,39
group2_14.png,group2_14,2,group2_29.png,group2_29,2,True,124,58
group2_14.png,group2_14,2,group2_45.png,group2_45,2,True,124,49
group2_14.png,group2_14,2,group2_7.png,group2_7,2,True,124,54
group2_14.png,group2_14,2,group4_25.jpg,group4_25,4,False,124,85
group2_14.png,group2_14,2,group4_7.jpg,group4_7,4,False,124,138
group2_15.png,group2_15,2,group2_16.png,group2_16,2,True,124,64
group2_15.png,group2_15,2,group2_34.png,group2_34,2,True,124,58
group2_15.png,group2_15,2,group3_17.png,group3_17,3,False,124,72
group2_15.png,group2_15,2,group3_6.jpg,group3_6,3,False,124,66
group2_15.png,group2_15,2,group4_10.jpg,group4_10,4,False,124,104
group2_15.png,group2_15,2,group4_21.jpg,group4_21,4,False,124,120
group2_15.png,group2_15,2,group4_27.jpg,group4_27,4,False,124,143
group2_15.png,group2_15,2,group4_8.jpg,group4_8,4,False,124,153
group2_16.png,group2_16,2,group3_19.png,group3_19,3,False,124,84
group2_16.png,group2_16,2,group3_26.png,group3_26,3,False,124,111
group2_16.png,group2_16,2,group4_20.jpg,group4_20,4,False,124,124
group2_17.png,group2_17,2,group2_2.png,group2_2,2,True,124,84
group2_17.png,group2_17,2,group2_36.png,group2_36,2,True,124,94
group2_17.png,group2_17,2,group2_42.png,group2_42,2,True,124,144
group2_17.png,group2_17,2,group2_44.png,group2_44,2,True,124,122
group2_17.png,group2_17,2,group3_16.png,group3_16,3,False,124,144
group2_17.png,group2_17,2,group4_20.jpg,group4_20,4,False,124,156
group2_17.png,group2_17,2,group4_23.jpg,group4_23,4,False,124,77
group2_17.png,group2_17,2,group4_4.jpg,group4_4,4,False,124,78
group2_18.png,group2_18,2,group3_6.jpg,group3_6,3,False,124,78
group2_19.png,group2_19,2,group2_36.png,group2_36,2,True,124,53
group2_19.png,group2_19,2,group3_1.jpg,group3_1,3,False,124,109
group2_19.png,group2_19,2,group3_23.png,group3_23,3,False,124,102
group2_19.png,group2_19,2,group3_6.jpg,group3_6,3,False,124,57
group2_19.png,group2_19,2,group3_8.jpg,group3_8,3,False,124,45
group2_19.png,group2_19,2,group4_5.jpg,group4_5,4,False,124,166
group2_2.png,group2_2,2,group2_44.png,group2_44,2,True,124,94
group2_2.png,group2_2,2,group4_27.jpg,group4_27,4,False,124,109
group2_20.png,group2_20,2,group3_16.png,group3_16,3,False,124,94
group2_20.png,group2_20,2,group4_21.jpg,group4_21,4,False,124,116
group2_20.png,group2_20,2,group4_3.jpg,group4_3,4,False,124,109
group2_20.png,group2_20,2,group4_8.jpg,group4_8,4,False,124,145
group2_20.png,group2_20,2,group4_9.jpg,group4_9,4,False,124,165
group2_21.png,group2_21,2,group2_30.png,group2_30,2,True,124,66
group2_21.png,group2_21,2,group2_37.png,group2_37,2,True,124,54
group2_21.png,group2_21,2,group2_9.png,group2_9,2,True,124,52
group2_21.png,group2_21,2,group3_13.png,group3_13,3,False,124,105
group2_21.png,group2_21,2,group3_17.png,group3_17,3,False,124,58
group2_21.png,group2_21,2,group3_22.png,group3_22,3,False,124,89
group2_21.png,group2_21,2,group4_17.jpg,group4_17,4,False,124,168
group2_21.png,group2_21,2,group4_19.jpg,group4_19,4,False,124,148
group2_21.png,group2_21,2,group4_5.jpg,group4_5,4,False,124,157
group2_22.png,group2_22,2,group2_32.png,group2_32,2,True,124,63
group2_22.png,group2_22,2,group2_35.png,group2_35,2,True,124,56
group2_22.png,group2_22,2,group3_10.jpg,group3_10,3,False,124,30
group2_22.png,group2_22,2,group3_11.jpg,group3_11,3,False,124,50
group2_22.png,group2_22,2,group3_16.png,group3_16,3,False,124,120
group2_22.png,group2_22,2,group3_22.png,group3_22,3,False,124,81
group2_22.png,group2_22,2,group4_1.jpg,group4_1,4,False,124,189
group2_22.png,group2_22,2,group4_16.jpg,group4_16,4,False,124,135
group2_23.png,group2_23,2,group2_37.png,group2_37,2,True,124,93
group2_23.png,group2_23,2,group3_25.png,group3_25,3,False,124,128
group2_23.png,group2_23,2,group3_28.png,group3_28,3,False,124,170
group2_23.png,group2_23,2,group4_21.jpg,group4_21,4,False,124,153
group2_24.png,group2_24,2,group3_6.jpg,group3_6,3,False,124,94
group2_24.png,group2_24,2,group4_13.jpg,group4_13,4,False,124,137
group2_24.png,group2_24,2,group4_21.jpg,group4_21,4,False,124,144
group2_24.png,group2_24,2,group4_7.jpg,group4_7,4,False,124,121
group2_24.png,group2_24,2,group4_8.jpg,group4_8,4,False,124,133
group2_25.png,group2_25,2,group2_26.png,group2_26,2,True,124,50
group2_25.png,group2_25,2,group3_24.png,group3_24,3,False,124,68
group2_25.png,group2_25,2,group3_3.jpg,group3_3,3,False,124,119
group2_25.png,group2_25,2,group3_30.png,group3_30,3,False,124,133
group2_25.png,group2_25,2,group3_5.jpg,group3_5,3,False,124,97
group2_25.png,group2_25,2,group3_8.jpg,group3_8,3,False,124,54
group2_25.png,group2_25,2,group3_9.jpg,group3_9,3,False,124,87
group2_25.png,group2_25,2,group4_13.jpg,group4_13,4,False,124,143
group2_25.png,group2_25,2,group4_19.jpg,group4_19,4,False,124,134
group2_25.png,group2_25,2,group4_21.jpg,group4_21,4,False,124,128
group2_26.png,group2_26,2,group2_32.png,group2_32,2,True,124,65
group2_26.png,group2_26,2,group2_40.png,group2_40,2,True,124,37
group2_26.png,group2_26,2,group3_12.png,group3_12,3,False,124,108
group2_26.png,group2_26,2,group3_25.png,group3_25,3,False,124,53
group2_26.png,group2_26,2,group4_25.jpg,group4_25,4,False,124,76
group2_26.png,group2_26,2,group4_26.jpg,group4_26,4,False,124,96
group2_26.png,group2_26,2,group4_4.jpg,group4_4,4,False,124,102
group2_27.png,group2_27,2,group2_30.png,group2_30,2,True,124,62
group2_27.png,group2_27,2,group2_40.png,group2_40,2,True,124,63
group2_27.png,group2_27,2,group3_17.png,group3_17,3,False,124,60
group2_27.png,group2_27,2,group3_3.jpg,group3_3,3,False,124,131
group2_27.png,group2_27,2,group3_6.jpg,group3_6,3,False,124,70
group2_27.png,group2_27,2,group4_14.jpg,group4_14,4,False,124,197
group2_27.png,group2_27,2,group4_18.jpg,group4_18,4,False,124,150
group2_27.png,group2_27,2,group4_20.jpg,group4_20,4,False,124,152
group2_27.png,group2_27,2,group4_21.jpg,group4_21,4,False,124,136
group2_27.png,group2_27,2,group4_29.jpg,group4_29,4,False,124,122
group2_28.png,group2_28,2,group3_29 2.png,group3_29 2,3,False,124,90
group2_28.png,group2_28,2,group3_9.jpg,group3_9,3,False,124,110
group2_28.png,group2_28,2,group4_1.jpg,group4_1,4,False,124,186
group2_28.png,group2_28,2,group4_10.jpg,group4_10,4,False,124,125
group2_29.png,group2_29,2,group3_15.png,group3_15,3,False,124,108
group2_29.png,group2_29,2,group3_2.jpg,group3_2,3,False,124,102
group2_3.png,group2_3,2,group3_1.jpg,group3_1,3,False,124,115
group2_3.png,group2_3,2,group3_29 2.png,group3_29 2,3,False,124,90
group2_3.png,group2_3,2,group4_15.jpg,group4_15,4,False,124,127
group2_3.png,group2_3,2,group4_4.jpg,group4_4,4,False,124,119
group2_3.png,group2_3,2,group4_6.jpg,group4_6,4,False,124,148
group2_30.png,group2_30,2,group2_37.png,group2_37,2,True,124,48
group2_30.png,group2_30,2,group2_41.png,group2_41,2,True,124,52
group2_30.png,group2_30,2,group3_5.jpg,group3_5,3,False,124,77
group2_30.png,group2_30,2,group4_27.jpg,group4_27,4,False,124,133
group2_31.png,group2_31,2,group2_37.png,group2_37,2,True,124,33
group2_31.png,group2_31,2,group2_41.png,group2_41,2,True,124,67
group2_31.png,group2_31,2,group2_7.png,group2_7,2,True,124,60
group2_31.png,group2_31,2,group3_15.png,group3_15,3,False,124,82
group2_31.png,group2_31,2,group3_21.png,group3_21,3,False,124,44
group2_31.png,group2_31,2,group4_5.jpg,group4_5,4,False,124,166
group2_32.png,group2_32,2,group3_19.png,group3_19,3,False,124,69
group2_32.png,group2_32,2,group3_25.png,group3_25,3,False,124,70
group2_32.png,group2_32,2,group4_19.jpg,group4_19,4,False,124,145
group2_33.png,group2_33,2,group3_10.jpg,group3_10,3,False,124,57
group2_33.png,group2_33,2,group3_22.png,group3_22,3,False,124,110
group2_33.png,group2_33,2,group3_7.jpg,group3_7,3,False,124,77
group2_33.png,group2_33,2,group3_8.jpg,group3_8,3,False,124,59
group2_33.png,group2_33,2,group4_16.jpg,group4_16,4,False,124,160
group2_33.png,group2_33,2,group4_25.jpg,group4_25,4,False,124,85
group2_33.png,group2_33,2,group4_26.jpg,group4_26,4,False,124,117
group2_33.png,group2_33,2,group4_27.jpg,group4_27,4,False,124,134
group2_33.png,group2_33,2,group4_9.jpg,group4_9,4,False,124,200
group2_34.png,group2_34,2,group2_36.png,group2_36,2,True,124,54
group2_34.png,group2_34,2,group2_43.png,group2_43,2,True,124,87
group2_34.png,group2_34,2,group3_3.jpg,group3_3,3,False,124,127
group2_35.png,group2_35,2,group2_9.png,group2_9,2,True,124,52
group2_35.png,group2_35,2,group3_12.png,group3_12,3,False,124,122
group2_35.png,group2_35,2,group3_13.png,group3_13,3,False,124,121
group2_35.png,group2_35,2,group3_14.png,group3_14,3,False,124,106
group2_35.png,group2_35,2,group3_23.png,group3_23,3,False,124,107
group2_35.png,group2_35,2,group3_8.jpg,group3_8,3,False,124,82
group2_35.png,group2_35,2,group4_10.jpg,group4_10,4,False,124,134
group2_35.png,group2_35,2,group4_15.jpg,group4_15,4,False,124,162
group2_35.png,group2_35,2,group4_3.jpg,group4_3,4,False,124,97
group2_35.png,group2_35,2,group4_9.jpg,group4_9,4,False,124,175
group2_36.png,group2_36,2,group2_7.png,group2_7,2,True,124,61
group2_36.png,group2_36,2,group3_22.png,group3_22,3,False,124,111
group2_36.png,group2_36,2,group3_5.jpg,group3_5,3,False,124,103
group2_36.png,group2_36,2,group4_14.jpg,group4_14,4,False,124,191
group2_36.png,group2_36,2,group4_19.jpg,group4_19,4,False,124,146
group2_36.png,group2_36,2,group4_26.jpg,group4_26,4,False,124,130
group2_36.png,group2_36,2,group4_5.jpg,group4_5,4,False,124,153
group2_36.png,group2_36,2,group4_9.jpg,group4_9,4,False,124,167
group2_37.png,group2_37,2,group2_4.png,group2_4,2,True,124,62
group2_37.png,group2_37,2,group4_20.jpg,group4_20,4,False,124,150
group2_37.png,group2_37,2,group4_22.jpg,group4_22,4,False,124,117
group2_37.png,group2_37,2,group4_8.jpg,group4_8,4,False,124,145
group2_37.png,group2_37,2,group4_9.jpg,group4_9,4,False,124,177
group2_38.png,group2_38,2,group3_14.png,group3_14,3,False,124,102
group2_38.png,group2_38,2,group3_17.png,group3_17,3,False,124,66
group2_38.png,group2_38,2,group3_6.jpg,group3_6,3,False,124,62
group2_38.png,group2_38,2,group4_23.jpg,group4_23,4,False,124,81
group2_38.png,group2_38,2,group4_9.jpg,group4_9,4,False,124,197
group2_39.png,group2_39,2,group3_2.jpg,group3_2,3,False,124,99
group2_4.png,group2_4,2,group3_13.png,group3_13,3,False,124,119
group2_4.png,group2_4,2,group4_21.jpg,group4_21,4,False,124,126
group2_4.png,group2_4,2,group4_29.jpg,group4_29,4,False,124,84
group2_4.png,group2_4,2,group4_9.jpg,group4_9,4,False,124,187
group2_40.png,group2_40,2,group3_15.png,group3_15,3,False,124,52
group2_40.png,group2_40,2,group3_18.png,group3_18,3,False,124,95
group2_40.png,group2_40,2,group3_8.jpg,group3_8,3,False,124,47
group2_40.png,group2_40,2,group4_13.jpg,group4_13,4,False,124,116
group2_40.png,group2_40,2,group4_29.jpg,group4_29,4,False,124,93
group2_41.png,group2_41,2,group2_45.png,group2_45,2,True,124,74
group2_41.png,group2_41,2,group3_23.png,group3_23,3,False,124,109
group2_41.png,group2_41,2,group3_5.jpg,group3_5,3,False,124,83
group2_41.png,group2_41,2,group4_13.jpg,group4_13,4,False,124,139
group2_41.png,group2_41,2,group4_30.jpg,group4_30,4,False,124,93
group2_42.png,group2_42,2,group3_22.png,group3_22,3,False,124,115
group2_42.png,group2_42,2,group3_29 2.png,group3_29 2,3,False,124,151
group2_42.png,group2_42,2,group3_5.jpg,group3_5,3,False,124,87
group2_42.png,group2_42,2,group4_20.jpg,group4_20,4,False,124,146
group2_43.png,group2_43,2,group3_1.jpg,group3_1,3,False,124,173
group2_43.png,group2_43,2,group3_11.jpg,group3_11,3,False,124,143
group2_43.png,group2_43,2,group3_2.jpg,group3_2,3,False,124,114
group2_43.png,group2_43,2,group3_30.png,group3_30,3,False,124,138
group2_43.png,group2_43,2,group4_11.jpg,group4_11,4,False,124,132
group2_43.png,group2_43,2,group4_19.jpg,group4_19,4,False,124,129
group2_44.png,group2_44,2,group4_20.jpg,group4_20,4,False,124,144
group2_44.png,group2_44,2,group4_21.jpg,group4_21,4,False,124,128
group2_44.png,group2_44,2,group4_7.jpg,group4_7,4,False,124,123
group2_44.png,group2_44,2,group4_9.jpg,group4_9,4,False,124,159
group2_45.png,group2_45,2,group3_20.png,group3_20,3,False,124,84
group2_45.png,group2_45,2,group4_18.jpg,group4_18,4,False,124,164
group2_45.png,group2_45,2,group4_4.jpg,group4_4,4,False,124,128
group2_5.png,group2_5,2,group3_18.png,group3_18,3,False,124,89
group2_5.png,group2_5,2,group3_29 2.png,group3_29 2,3,False,124,78
group2_5.png,group2_5,2,group4_16.jpg,group4_16,4,False,124,142
group2_5.png,group2_5,2,group4_20.jpg,group4_20,4,False,124,133
group2_5.png,group2_5,2,group4_21.jpg,group4_21,4,False,124,119
group2_5.png,group2_5,2,group4_5.jpg,group4_5,4,False,124,156
group2_6.png,group2_6,2,group4_17.jpg,group4_17,4,False,124,145
group2_7.png,group2_7,2,group3_29 2.png,group3_29 2,3,False,124,126
group2_7.png,group2_7,2,group3_6.jpg,group3_6,3,False,124,85
group2_7.png,group2_7,2,group4_24.jpg,group4_24,4,False,124,77
group2_8.png,group2_8,2,group3_26.png,group3_26,3,False,124,93
group2_8.png,group2_8,2,group4_19.jpg,group4_19,4,False,124,114
group2_9.png,group2_9,2,group3_14.png,group3_14,3,False,124,122
group2_9.png,group2_9,2,group3_22.png,group3_22,3,False,124,103
group3_1.jpg,group3_1,3,group3_26.png,group3_26,3,True,124,95
group3_1.jpg,group3_1,3,group4_1.jpg,group4_1,4,False,124,131
group3_1.jpg,group3_1,3,group4_13.jpg,group4_13,4,False,124,81
group3_1.jpg,group3_1,3,group4_16.jpg,group4_16,4,False,124,135
group3_10.jpg,group3_10,3,group3_29.png,group3_29,3,True,124,87
group3_10.jpg,group3_10,3,group3_3.jpg,group3_3,3,True,124,101
group3_10.jpg,group3_10,3,group4_4.jpg,group4_4,4,False,124,100
group3_11.jpg,group3_11,3,group3_16.png,group3_16,3,True,124,118
group3_11.jpg,group3_11,3,group3_3.jpg,group3_3,3,True,124,107
group3_11.jpg,group3_11,3,group4_22.jpg,group4_22,4,False,124,109
group3_11.jpg,group3_11,3,group4_30.jpg,group4_30,4,False,124,57
group3_12.png,group3_12,3,group3_13.png,group3_13,3,True,124,85
group3_12.png,group3_12,3,group3_2.jpg,group3_2,3,True,124,89
group3_12.png,group3_12,3,group3_22.png,group3_22,3,True,124,109
group3_12.png,group3_12,3,group4_13.jpg,group4_13,4,False,124,79
group3_12.png,group3_12,3,group4_15.jpg,group4_15,4,False,124,132
group3_12.png,group3_12,3,group4_9.jpg,group4_9,4,False,124,165
group3_13.png,group3_13,3,group3_14.png,group3_14,3,True,124,117
group3_13.png,group3_13,3,group3_28.png,group3_28,3,True,124,116
group3_13.png,group3_13,3,group3_6.jpg,group3_6,3,True,124,145
group3_14.png,group3_14,3,group3_9.jpg,group3_9,3,True,124,85
group3_14.png,group3_14,3,group4_12.jpg,group4_12,4,False,124,129
group3_14.png,group3_14,3,group4_18.jpg,group4_18,4,False,124,112
group3_14.png,group3_14,3,group4_9.jpg,group4_9,4,False,124,139
group3_15.png,group3_15,3,group3_2.jpg,group3_2,3,True,124,116
group3_15.png,group3_15,3,group3_23.png,group3_23,3,True,124,130
group3_15.png,group3_15,3,group3_7.jpg,group3_7,3,True,124,77
group3_15.png,group3_15,3,group3_8.jpg,group3_8,3,True,124,69
group3_15.png,group3_15,3,group4_8.jpg,group4_8,4,False,124,116
group3_16.png,group3_16,3,group3_20.png,group3_20,3,True,124,124
group3_16.png,group3_16,3,group3_6.jpg,group3_6,3,True,124,132
group3_16.png,group3_16,3,group3_9.jpg,group3_9,3,True,124,133
group3_18.png,group3_18,3,group4_16.jpg,group4_16,4,False,124,109
group3_18.png,group3_18,3,group4_17.jpg,group4_17,4,False,124,146
group3_18.png,group3_18,3,group4_27.jpg,group4_27,4,False,124,103
group3_18.png,group3_18,3,group4_4.jpg,group4_4,4,False,124,134
group3_19.png,group3_19,3,group3_24.png,group3_24,3,True,124,72
group3_19.png,group3_19,3,group4_12.jpg,group4_12,4,False,124,107
group3_19.png,group3_19,3,group4_14.jpg,group4_14,4,False,124,165
group3_19.png,group3_19,3,group4_20.jpg,group4_20,4,False,124,154
group3_19.png,group3_19,3,group4_23.jpg,group4_23,4,False,124,79
group3_2.jpg,group3_2,3,group3_3.jpg,group3_3,3,True,124,90
group3_2.jpg,group3_2,3,group4_10.jpg,group4_10,4,False,124,125
group3_2.jpg,group3_2,3,group4_30.jpg,group4_30,4,False,124,84
group3_2.jpg,group3_2,3,group4_4.jpg,group4_4,4,False,124,113
group3_2.jpg,group3_2,3,group4_6.jpg,group4_6,4,False,124,148
group3_20.png,group3_20,3,group3_22.png,group3_22,3,True,124,95
group3_20.png,group3_20,3,group3_29 2.png,group3_29 2,3,True,124,105
group3_20.png,group3_20,3,group3_3.jpg,group3_3,3,True,124,119
group3_20.png,group3_20,3,group3_7.jpg,group3_7,3,True,124,50
group3_20.png,group3_20,3,group4_16.jpg,group4_16,4,False,124,143
group3_20.png,group3_20,3,group4_4.jpg,group4_4,4,False,124,106
group3_21.png,group3_21,3,group3_25.png,group3_25,3,True,124,58
group3_21.png,group3_21,3,group3_29 2.png,group3_29 2,3,True,124,78
group3_21.png,group3_21,3,group4_11.jpg,group4_11,4,False,124,144
group3_21.png,group3_21,3,group4_14.jpg,group4_14,4,False,124,166
group3_21.png,group3_21,3,group4_18.jpg,group4_18,4,False,124,133
group3_22.png,group3_22,3,group3_26.png,group3_26,3,True,124,124
group3_22.png,group3_22,3,group3_28.png,group3_28,3,True,124,126
group3_22.png,group3_22,3,group3_30.png,group3_30,3,True,124,132
group3_22.png,group3_22,3,group4_23.jpg,group4_23,4,False,124,84
group3_22.png,group3_22,3,group4_25.jpg,group4_25,4,False,124,65
group3_22.png,group3_22,3,group4_28.jpg,group4_28,4,False,124,91
group3_22.png,group3_22,3,group4_5.jpg,group4_5,4,False,124,128
group3_23.png,group3_23,3,group4_11.jpg,group4_11,4,False,124,132
group3_23.png,group3_23,3,group4_30.jpg,group4_30,4,False,124,102
group3_24.png,group3_24,3,group4_4.jpg,group4_4,4,False,124,128
group3_25.png,group3_25,3,group4_20.jpg,group4_20,4,False,124,169
group3_25.png,group3_25,3,group4_24.jpg,group4_24,4,False,124,103
group3_25.png,group3_25,3,group4_27.jpg,group4_27,4,False,124,138
group3_25.png,group3_25,3,group4_28.jpg,group4_28,4,False,124,131
group3_25.png,group3_25,3,group4_5.jpg,group4_5,4,False,124,136
group3_26.png,group3_26,3,group4_4.jpg,group4_4,4,False,124,115
group3_26.png,group3_26,3,group4_9.jpg,group4_9,4,False,124,162
group3_27.png,group3_27,3,group4_10.jpg,group4_10,4,False,124,147
group3_27.png,group3_27,3,group4_29.jpg,group4_29,4,False,124,177
group3_27.png,group3_27,3,group4_5.jpg,group4_5,4,False,124,108
group3_28.png,group3_28,3,group3_5.jpg,group3_5,3,True,124,140
group3_28.png,group3_28,3,group4_18.jpg,group4_18,4,False,124,121
group3_28.png,group3_28,3,group4_20.jpg,group4_20,4,False,124,123
group3_28.png,group3_28,3,group4_27.jpg,group4_27,4,False,124,118
group3_29 2.png,group3_29 2,3,group3_29.png,group3_29,3,True,124,42
group3_29 2.png,group3_29 2,3,group3_7.jpg,group3_7,3,True,124,99
group3_29.png,group3_29,3,group4_21.jpg,group4_21,4,False,124,123
group3_29.png,group3_29,3,group4_22.jpg,group4_22,4,False,124,94
group3_29.png,group3_29,3,group4_24.jpg,group4_24,4,False,124,119
group3_29.png,group3_29,3,group4_4.jpg,group4_4,4,False,124,71
group3_3.jpg,group3_3,3,group4_19.jpg,group4_19,4,False,124,103
group3_3.jpg,group3_3,3,group4_25.jpg,group4_25,4,False,124,109
group3_3.jpg,group3_3,3,group4_4.jpg,group4_4,4,False,124,137
group3_30.png,group3_30,3,group4_10.jpg,group4_10,4,False,124,141
group3_30.png,group3_30,3,group4_4.jpg,group4_4,4,False,124,125
group3_5.jpg,group3_5,3,group4_10.jpg,group4_10,4,False,124,129
group3_5.jpg,group3_5,3,group4_16.jpg,group4_16,4,False,124,128
group3_5.jpg,group3_5,3,group4_20.jpg,group4_20,4,False,124,117
group3_5.jpg,group3_5,3,group4_6.jpg,group4_6,4,False,124,146
group3_6.jpg,group3_6,3,group3_9.jpg,group3_9,3,True,124,105
group3_6.jpg,group3_6,3,group4_1.jpg,group4_1,4,False,124,177
group3_6.jpg,group3_6,3,group4_11.jpg,group4_11,4,False,124,163
group3_7.jpg,group3_7,3,group4_19.jpg,group4_19,4,False,124,128
group3_7.jpg,group3_7,3,group4_6.jpg,group4_6,4,False,124,157
group3_8.jpg,group3_8,3,group4_10.jpg,group4_10,4,False,124,104
group3_8.jpg,group3_8,3,group4_29.jpg,group4_29,4,False,124,84
group3_8.jpg,group3_8,3,group4_30.jpg,group4_30,4,False,124,69
group3_9.jpg,group3_9,3,group4_1.jpg,group4_1,4,False,124,130
group3_9.jpg,group3_9,3,group4_3.jpg,group4_3,4,False,124,116
group3_9.jpg,group3_9,3,group4_6.jpg,group4_6,4,False,124,136
group4_1.jpg,group4_1,4,group4_13.jpg,group4_13,4,True,124,86
group4_1.jpg,group4_1,4,group4_20.jpg,group4_20,4,True,124,103
group4_10.jpg,group4_10,4,group4_17.jpg,group4_17,4,True,124,162
group4_10.jpg,group4_10,4,group4_24.jpg,group4_24,4,True,124,128
group4_14.jpg,group4_14,4,group4_30.jpg,group4_30,4,True,124,112
group4_14.jpg,group4_14,4,group4_8.jpg,group4_8,4,True,124,104
group4_15.jpg,group4_15,4,group4_29.jpg,group4_29,4,True,124,108
group4_16.jpg,group4_16,4,group4_28.jpg,group4_28,4,True,124,125
group4_16.jpg,group4_16,4,group4_8.jpg,group4_8,4,True,124,152
group4_17.jpg,group4_17,4,group4_7.jpg,group4_7,4,True,124,115
group4_18.jpg,group4_18,4,group4_19.jpg,group4_19,4,True,124,154
group4_19.jpg,group4_19,4,group4_26.jpg,group4_26,4,True,124,102
group4_20.jpg,group4_20,4,group4_27.jpg,group4_27,4,True,124,103
group4_22.jpg,group4_22,4,group4_3.jpg,group4_3,4,True,124,128
group4_24.jpg,group4_24,4,group4_5.jpg,group4_5,4,True,124,147
group4_24.jpg,group4_24,4,group4_8.jpg,group4_8,4,True,124,123
group4_25.jpg,group4_25,4,group4_4.jpg,group4_4,4,True,124,90
group4_27.jpg,group4_27,4,group4_5.jpg,group4_5,4,True,124,110
group4_3.jpg,group4_3,4,group4_6.jpg,group4_6,4,True,124,156
group4_4.jpg,group4_4,4,group4_5.jpg,group4_5,4,True,124,125
group4_4.jpg,group4_4,4,group4_8.jpg,group4_8,4,True,124,83
group4_6.jpg,group4_6,4,group4_9.jpg,group4_9,4,True,124,96
group1_1.jpeg,group1_1,1,group2_12.png,group2_12,2,False,126,133
group1_1.jpeg,group1_1,1,group2_41.png,group2_41,2,False,126,67
group1_1.jpeg,group1_1,1,group3_1.jpg,group3_1,3,False,126,105
group1_1.jpeg,group1_1,1,group3_19.png,group3_19,3,False,126,81
group1_1.jpeg,group1_1,1,group3_20.png,group3_20,3,False,126,79
group1_1.jpeg,group1_1,1,group4_10.jpg,group4_10,4,False,126,97
group1_1.jpeg,group1_1,1,group4_13.jpg,group4_13,4,False,126,144
group1_1.jpeg,group1_1,1,group4_14.jpg,group4_14,4,False,126,176
group1_1.jpeg,group1_1,1,group4_5.jpg,group4_5,4,False,126,158
group1_10.png,group1_10,1,group1_20.jpg,group1_20,1,True,126,59
group1_10.png,group1_10,1,group1_25.jpg,group1_25,1,True,126,69
group1_10.png,group1_10,1,group2_44.png,group2_44,2,False,126,39
group1_10.png,group1_10,1,group3_11.jpg,group3_11,3,False,126,101
group1_10.png,group1_10,1,group3_16.png,group3_16,3,False,126,91
group1_10.png,group1_10,1,group3_2.jpg,group3_2,3,False,126,114
group1_10.png,group1_10,1,group3_29.png,group3_29,3,False,126,126
group1_10.png,group1_10,1,group4_14.jpg,group4_14,4,False,126,202
group1_10.png,group1_10,1,group4_26.jpg,group4_26,4,False,126,143
group1_11.png,group1_11,1,group1_5.png,group1_5,1,True,126,42
group1_11.png,group1_11,1,group3_21.png,group3_21,3,False,126,31
group1_11.png,group1_11,1,group3_6.jpg,group3_6,3,False,126,50
group1_11.png,group1_11,1,group4_4.jpg,group4_4,4,False,126,84
group1_12.png,group1_12,1,group1_23.jpg,group1_23,1,True,126,78
group1_12.png,group1_12,1,group1_4.png,group1_4,1,True,126,79
group1_12.png,group1_12,1,group2_15.png,group2_15,2,False,126,46
group1_12.png,group1_12,1,group2_26.png,group2_26,2,False,126,66
group1_12.png,group1_12,1,group2_40.png,group2_40,2,False,126,79
group1_12.png,group1_12,1,group2_41.png,group2_41,2,False,126,68
group1_12.png,group1_12,1,group3_23.png,group3_23,3,False,126,87
group1_12.png,group1_12,1,group3_30.png,group3_30,3,False,126,143
group1_12.png,group1_12,1,group4_21.jpg,group4_21,4,False,126,110
group1_12.png,group1_12,1,group4_6.jpg,group4_6,4,False,126,139
group1_13.png,group1_13,1,group1_17.png,group1_17,1,True,126,75
group1_13.png,group1_13,1,group1_20.jpg,group1_20,1,True,126,42
group1_13.png,group1_13,1,group1_3.png,group1_3,1,True,126,73
group1_13.png,group1_13,1,group2_14.png,group2_14,2,False,126,61
group1_13.png,group1_13,1,group2_16.png,group2_16,2,False,126,60
group1_13.png,group1_13,1,group2_30.png,group2_30,2,False,126,74
group1_13.png,group1_13,1,group2_35.png,group2_35,2,False,126,78
group1_13.png,group1_13,1,group3_17.png,group3_17,3,False,126,78
group1_13.png,group1_13,1,group3_18.png,group3_18,3,False,126,118
group1_13.png,group1_13,1,group3_27.png,group3_27,3,False,126,187
group1_13.png,group1_13,1,group3_29.png,group3_29,3,False,126,113
group1_13.png,group1_13,1,group4_15.jpg,group4_15,4,False,126,142
group1_13.png,group1_13,1,group4_6.jpg,group4_6,4,False,126,143
group1_14.png,group1_14,1,group1_25.jpg,group1_25,1,True,126,36
group1_14.png,group1_14,1,group1_3.png,group1_3,1,True,126,53
group1_14.png,group1_14,1,group2_3.png,group2_3,2,False,126,59
group1_14.png,group1_14,1,group3_2.jpg,group3_2,3,False,126,121
group1_14.png,group1_14,1,group3_23.png,group3_23,3,False,126,103
group1_14.png,group1_14,1,group4_1.jpg,group4_1,4,False,126,211
group1_15.png,group1_15,1,group1_16.png,group1_16,1,True,126,85
group1_15.png,group1_15,1,group2_1.png,group2_1,2,False,126,136
group1_15.png,group1_15,1,group2_28.png,group2_28,2,False,126,82
group1_15.png,group1_15,1,group3_14.png,group3_14,3,False,126,117
group1_15.png,group1_15,1,group3_24.png,group3_24,3,False,126,87
group1_15.png,group1_15,1,group4_19.jpg,group4_19,4,False,126,145
group1_15.png,group1_15,1,group4_6.jpg,group4_6,4,False,126,152
group1_16.png,group1_16,1,group1_23.jpg,group1_23,1,True,126,38
group1_16.png,group1_16,1,group1_5.png,group1_5,1,True,126,44
group1_16.png,group1_16,1,group2_23.png,group2_23,2,False,126,101
group1_16.png,group1_16,1,group2_39.png,group2_39,2,False,126,46
group1_16.png,group1_16,1,group2_9.png,group2_9,2,False,126,74
group1_16.png,group1_16,1,group3_15.png,group3_15,3,False,126,61
group1_16.png,group1_16,1,group4_3.jpg,group4_3,4,False,126,61
group1_16.png,group1_16,1,group4_6.jpg,group4_6,4,False,126,165
group1_17.png,group1_17,1,group1_25.jpg,group1_25,1,True,126,67
group1_17.png,group1_17,1,group2_10.png,group2_10,2,False,126,70
group1_17.png,group1_17,1,group2_23.png,group2_23,2,False,126,80
group1_17.png,group1_17,1,group2_33.png,group2_33,2,False,126,58
group1_17.png,group1_17,1,group2_45.png,group2_45,2,False,126,75
group1_17.png,group1_17,1,group3_13.png,group3_13,3,False,126,134
group1_17.png,group1_17,1,group3_2.jpg,group3_2,3,False,126,124
group1_17.png,group1_17,1,group3_8.jpg,group3_8,3,False,126,91
group1_17.png,group1_17,1,group4_1.jpg,group4_1,4,False,126,182
group1_17.png,group1_17,1,group4_20.jpg,group4_20,4,False,126,137
group1_17.png,group1_17,1,group4_5.jpg,group4_5,4,False,126,152
group1_18.png,group1_18,1,group2_1.png,group2_1,2,False,126,112
group1_18.png,group1_18,1,group2_13.png,group2_13,2,False,126,69
group1_18.png,group1_18,1,group2_33.png,group2_33,2,False,126,64
group1_18.png,group1_18,1,group2_6.png,group2_6,2,False,126,92
group1_18.png,group1_18,1,group3_24.png,group3_24,3,False,126,109
group1_18.png,group1_18,1,group3_25.png,group3_25,3,False,126,92
group1_18.png,group1_18,1,group3_26.png,group3_26,3,False,126,134
group1_18.png,group1_18,1,group3_6.jpg,group3_6,3,False,126,69
group1_19.jpg,group1_19,1,group2_11.png,group2_11,2,False,126,49
group1_19.jpg,group1_19,1,group2_17.png,group2_17,2,False,126,103
group1_19.jpg,group1_19,1,group2_21.png,group2_21,2,False,126,55
group1_19.jpg,group1_19,1,group2_39.png,group2_39,2,False,126,47
group1_19.jpg,group1_19,1,group2_9.png,group2_9,2,False,126,41
group1_19.jpg,group1_19,1,group3_22.png,group3_22,3,False,126,110
group1_19.jpg,group1_19,1,group4_17.jpg,group4_17,4,False,126,171
group1_2.png,group1_2,1,group1_25.jpg,group1_25,1,True,126,52
group1_2.png,group1_2,1,group1_4.png,group1_4,1,True,126,71
group1_2.png,group1_2,1,group2_13.png,group2_13,2,False,126,50
group1_2.png,group1_2,1,group2_25.png,group2_25,2,False,126,42
group1_2.png,group1_2,1,group3_3.jpg,group3_3,3,False,126,121
group1_2.png,group1_2,1,group4_23.jpg,group4_23,4,False,126,113
group1_2.png,group1_2,1,group4_7.jpg,group4_7,4,False,126,127
group1_20.jpg,group1_20,1,group1_22.jpg,group1_22,1,True,126,70
group1_20.jpg,group1_20,1,group1_26.jpg,group1_26,1,True,126,69
group1_20.jpg,group1_20,1,group2_34.png,group2_34,2,False,126,52
group1_20.jpg,group1_20,1,group3_15.png,group3_15,3,False,126,91
group1_20.jpg,group1_20,1,group3_22.png,group3_22,3,False,126,115
group1_20.jpg,group1_20,1,group4_15.jpg,group4_15,4,False,126,142
group1_20.jpg,group1_20,1,group4_20.jpg,group4_20,4,False,126,126
group1_20.jpg,group1_20,1,group4_26.jpg,group4_26,4,False,126,112
group1_20.jpg,group1_20,1,group4_27.jpg,group4_27,4,False,126,137
group1_21.jpg,group1_21,1,group2_20.png,group2_20,2,False,126,64
group1_21.jpg,group1_21,1,group2_36.png,group2_36,2,False,126,62
group1_21.jpg,group1_21,1,group2_6.png,group2_6,2,False,126,73
group1_21.jpg,group1_21,1,group3_19.png,group3_19,3,False,126,84
group1_21.jpg,group1_21,1,group3_21.png,group3_21,3,False,126,75
group1_21.jpg,group1_21,1,group4_19.jpg,group4_19,4,False,126,152
group1_22.jpg,group1_22,1,group2_11.png,group2_11,2,False,126,108
group1_22.jpg,group1_22,1,group2_20.png,group2_20,2,False,126,114
group1_22.jpg,group1_22,1,group2_35.png,group2_35,2,False,126,86
group1_22.jpg,group1_22,1,group3_14.png,group3_14,3,False,126,92
group1_22.jpg,group1_22,1,group3_25.png,group3_25,3,False,126,115
group1_22.jpg,group1_22,1,group4_13.jpg,group4_13,4,False,126,95
group1_22.jpg,group1_22,1,group4_9.jpg,group4_9,4,False,126,199
group1_23.jpg,group1_23,1,group2_25.png,group2_25,2,False,126,52
group1_23.jpg,group1_23,1,group2_3.png,group2_3,2,False,126,63
group1_23.jpg,group1_23,1,group2_44.png,group2_44,2,False,126,92
group1_23.jpg,group1_23,1,group3_6.jpg,group3_6,3,False,126,82
group1_23.jpg,group1_23,1,group4_10.jpg,group4_10,4,False,126,114
group1_23.jpg,group1_23,1,group4_7.jpg,group4_7,4,False,126,141
group1_24.jpg,group1_24,1,group1_3.png,group1_3,1,True,126,55
group1_24.jpg,group1_24,1,group2_11.png,group2_11,2,False,126,70
group1_24.jpg,group1_24,1,group3_11.jpg,group3_11,3,False,126,52
group1_24.jpg,group1_24,1,group3_28.png,group3_28,3,False,126,219
group1_24.jpg,group1_24,1,group3_3.jpg,group3_3,3,False,126,115
group1_24.jpg,group1_24,1,group3_6.jpg,group3_6,3,False,126,68
group1_24.jpg,group1_24,1,group3_9.jpg,group3_9,3,False,126,87
group1_24.jpg,group1_24,1,group4_13.jpg,group4_13,4,False,126,139
group1_24.jpg,group1_24,1,group4_14.jpg,group4_14,4,False,126,173
group1_25.jpg,group1_25,1,group2_12.png,group2_12,2,False,126,148
group1_25.jpg,group1_25,1,group2_13.png,group2_13,2,False,126,34
group1_25.jpg,group1_25,1,group2_26.png,group2_26,2,False,126,42
group1_25.jpg,group1_25,1,group2_32.png,group2_32,2,False,126,43
group1_25.jpg,group1_25,1,group3_12.png,group3_12,3,False,126,104
group1_25.jpg,group1_25,1,group3_23.png,group3_23,3,False,126,113
group1_25.jpg,group1_25,1,group4_20.jpg,group4_20,4,False,126,126
group1_25.jpg,group1_25,1,group4_8.jpg,group4_8,4,False,126,121
group1_26.jpg,group1_26,1,group2_3.png,group2_3,2,False,126,82
group1_26.jpg,group1_26,1,group3_1.jpg,group3_1,3,False,126,93
group1_26.jpg,group1_26,1,group3_10.jpg,group3_10,3,False,126,73
group1_26.jpg,group1_26,1,group3_16.png,group3_16,3,False,126,107
group1_26.jpg,group1_26,1,group3_22.png,group3_22,3,False,126,108
group1_26.jpg,group1_26,1,group3_25.png,group3_25,3,False,126,100
group1_26.jpg,group1_26,1,group4_13.jpg,group4_13,4,False,126,110
group1_26.jpg,group1_26,1,group4_8.jpg,group4_8,4,False,126,106
group1_3.png,group1_3,1,group1_8.png,group1_8,1,True,126,44
group1_3.png,group1_3,1,group1_9.png,group1_9,1,True,126,62
group1_3.png,group1_3,1,group2_17.png,group2_17,2,False,126,105
group1_3.png,group1_3,1,group2_35.png,group2_35,2,False,126,43
group1_3.png,group1_3,1,group3_10.jpg,group3_10,3,False,126,87
group1_3.png,group1_3,1,group3_14.png,group3_14,3,False,126,111
group1_3.png,group1_3,1,group3_30.png,group3_30,3,False,126,140
group1_3.png,group1_3,1,group4_11.jpg,group4_11,4,False,126,146
group1_3.png,group1_3,1,group4_7.jpg,group4_7,4,False,126,132
group1_3.png,group1_3,1,group4_9.jpg,group4_9,4,False,126,190
group1_4.png,group1_4,1,group2_20.png,group2_20,2,False,126,83
group1_4.png,group1_4,1,group2_36.png,group2_36,2,False,126,77
group1_4.png,group1_4,1,group3_23.png,group3_23,3,False,126,108
group1_5.png,group1_5,1,group2_1.png,group2_1,2,False,126,115
group1_5.png,group1_5,1,group2_12.png,group2_12,2,False,126,148
group1_5.png,group1_5,1,group2_27.png,group2_27,2,False,126,30
group1_5.png,group1_5,1,group2_7.png,group2_7,2,False,126,75
group1_5.png,group1_5,1,group3_13.png,group3_13,3,False,126,143
group1_5.png,group1_5,1,group4_15.jpg,group4_15,4,False,126,130
group1_5.png,group1_5,1,group4_18.jpg,group4_18,4,False,126,134
group1_5.png,group1_5,1,group4_20.jpg,group4_20,4,False,126,134
group1_5.png,group1_5,1,group4_26.jpg,group4_26,4,False,126,106
group1_5.png,group1_5,1,group4_29.jpg,group4_29,4,False,126,118
group1_5.png,group1_5,1,group4_6.jpg,group4_6,4,False,126,163
group1_6.png,group1_6,1,group2_12.png,group2_12,2,False,126,117
group1_6.png,group1_6,1,group3_27.png,group3_27,3,False,126,190
group1_6.png,group1_6,1,group3_29 2.png,group3_29 2,3,False,126,92
group1_6.png,group1_6,1,group4_9.jpg,group4_9,4,False,126,200
group1_7.png,group1_7,1,group2_14.png,group2_14,2,False,126,61
group1_7.png,group1_7,1,group2_19.png,group2_19,2,False,126,59
group1_7.png,group1_7,1,group2_35.png,group2_35,2,False,126,80
group1_7.png,group1_7,1,group3_14.png,group3_14,3,False,126,126
group1_7.png,group1_7,1,group4_22.jpg,group4_22,4,False,126,155
group1_8.png,group1_8,1,group2_14.png,group2_14,2,False,126,54
group1_8.png,group1_8,1,group2_15.png,group2_15,2,False,126,65
group1_8.png,group1_8,1,group2_43.png,group2_43,2,False,126,80
group1_9.png,group1_9,1,group2_21.png,group2_21,2,False,126,57
group1_9.png,group1_9,1,group3_12.png,group3_12,3,False,126,139
group1_9.png,group1_9,1,group3_19.png,group3_19,3,False,126,85
group1_9.png,group1_9,1,group3_21.png,group3_21,3,False,126,76
group1_9.png,group1_9,1,group3_27.png,group3_27,3,False,126,172
group1_9.png,group1_9,1,group3_28.png,group3_28,3,False,126,204
group1_9.png,group1_9,1,group3_29.png,group3_29,3,False,126,126
group1_9.png,group1_9,1,group3_30.png,group3_30,3,False,126,140
group1_9.png,group1_9,1,group3_8.jpg,group3_8,3,False,126,91
group1_9.png,group1_9,1,group4_12.jpg,group4_12,4,False,126,74
group2_1.png,group2_1,2,group2_15.png,group2_15,2,True,126,129
group2_1.png,group2_1,2,group2_31.png,group2_31,2,True,126,120
group2_1.png,group2_1,2,group2_37.png,group2_37,2,True,126,135
group2_1.png,group2_1,2,group2_38.png,group2_38,2,True,126,115
group2_1.png,group2_1,2,group2_6.png,group2_6,2,True,126,142
group2_1.png,group2_1,2,group3_13.png,group3_13,3,False,126,124
group2_1.png,group2_1,2,group3_20.png,group3_20,3,False,126,81
group2_1.png,group2_1,2,group3_28.png,group3_28,3,False,126,134
group2_10.png,group2_10,2,group2_18.png,group2_18,2,True,126,45
group2_10.png,group2_10,2,group3_5.jpg,group3_5,3,False,126,92
group2_10.png,group2_10,2,group4_16.jpg,group4_16,4,False,126,146
group2_10.png,group2_10,2,group4_28.jpg,group4_28,4,False,126,117
group2_11.png,group2_11,2,group4_7.jpg,group4_7,4,False,126,131
group2_12.png,group2_12,2,group2_3.png,group2_3,2,True,126,141
group2_12.png,group2_12,2,group2_4.png,group2_4,2,True,126,146
group2_12.png,group2_12,2,group2_44.png,group2_44,2,True,126,102
group2_12.png,group2_12,2,group3_7.jpg,group3_7,3,False,126,150
group2_12.png,group2_12,2,group4_1.jpg,group4_1,4,False,126,119
group2_12.png,group2_12,2,group4_11.jpg,group4_11,4,False,126,123
group2_12.png,group2_12,2,group4_26.jpg,group4_26,4,False,126,196
group2_12.png,group2_12,2,group4_27.jpg,group4_27,4,False,126,181
group2_12.png,group2_12,2,group4_9.jpg,group4_9,4,False,126,115
group2_13.png,group2_13,2,group2_15.png,group2_15,2,True,126,42
group2_13.png,group2_13,2,group3_12.png,group3_12,3,False,126,118
group2_13.png,group2_13,2,group3_20.png,group3_20,3,False,126,70
group2_13.png,group2_13,2,group3_21.png,group3_21,3,False,126,49
group2_13.png,group2_13,2,group3_28.png,group3_28,3,False,126,225
group2_13.png,group2_13,2,group4_4.jpg,group4_4,4,False,126,96
group2_14.png,group2_14,2,group2_23.png,group2_23,2,True,126,96
group2_14.png,group2_14,2,group2_33.png,group2_33,2,True,126,36
group2_14.png,group2_14,2,group2_39.png,group2_39,2,True,126,55
group2_14.png,group2_14,2,group2_41.png,group2_41,2,True,126,65
group2_15.png,group2_15,2,group2_31.png,group2_31,2,True,126,35
group2_15.png,group2_15,2,group3_11.jpg,group3_11,3,False,126,90
group2_15.png,group2_15,2,group4_30.jpg,group4_30,4,False,126,113
group2_15.png,group2_15,2,group4_5.jpg,group4_5,4,False,126,159
group2_16.png,group2_16,2,group2_39.png,group2_39,2,True,126,36
group2_16.png,group2_16,2,group2_45.png,group2_45,2,True,126,86
group2_16.png,group2_16,2,group2_5.png,group2_5,2,True,126,45
group2_16.png,group2_16,2,group3_11.jpg,group3_11,3,False,126,58
group2_16.png,group2_16,2,group3_22.png,group3_22,3,False,126,117
group2_16.png,group2_16,2,group4_3.jpg,group4_3,4,False,126,81
group2_17.png,group2_17,2,group3_26.png,group3_26,3,False,126,145
group2_17.png,group2_17,2,group3_27.png,group3_27,3,False,126,171
group2_17.png,group2_17,2,group3_7.jpg,group3_7,3,False,126,86
group2_17.png,group2_17,2,group4_16.jpg,group4_16,4,False,126,163
group2_17.png,group2_17,2,group4_18.jpg,group4_18,4,False,126,86
group2_17.png,group2_17,2,group4_7.jpg,group4_7,4,False,126,169
group2_18.png,group2_18,2,group3_14.png,group3_14,3,False,126,112
group2_18.png,group2_18,2,group3_15.png,group3_15,3,False,126,105
group2_18.png,group2_18,2,group4_12.jpg,group4_12,4,False,126,87
group2_18.png,group2_18,2,group4_13.jpg,group4_13,4,False,126,161
group2_18.png,group2_18,2,group4_14.jpg,group4_14,4,False,126,193
group2_18.png,group2_18,2,group4_16.jpg,group4_16,4,False,126,147
group2_18.png,group2_18,2,group4_19.jpg,group4_19,4,False,126,144
group2_18.png,group2_18,2,group4_23.jpg,group4_23,4,False,126,95
group2_18.png,group2_18,2,group4_29.jpg,group4_29,4,False,126,120
group2_18.png,group2_18,2,group4_4.jpg,group4_4,4,False,126,110
group2_18.png,group2_18,2,group4_8.jpg,group4_8,4,False,126,133
group2_19.png,group2_19,2,group3_12.png,group3_12,3,False,126,109
group2_19.png,group2_19,2,group3_15.png,group3_15,3,False,126,78
group2_19.png,group2_19,2,group3_2.jpg,group3_2,3,False,126,94
group2_19.png,group2_19,2,group4_19.jpg,group4_19,4,False,126,129
group2_19.png,group2_19,2,group4_27.jpg,group4_27,4,False,126,120
group2_2.png,group2_2,2,group4_21.jpg,group4_21,4,False,126,122
group2_2.png,group2_2,2,group4_9.jpg,group4_9,4,False,126,185
group2_20.png,group2_20,2,group2_34.png,group2_34,2,True,126,54
group2_20.png,group2_20,2,group4_30.jpg,group4_30,4,False,126,115
group2_21.png,group2_21,2,group2_32.png,group2_32,2,True,126,43
group2_21.png,group2_21,2,group2_39.png,group2_39,2,True,126,56
group2_21.png,group2_21,2,group2_44.png,group2_44,2,True,126,72
group2_21.png,group2_21,2,group2_45.png,group2_45,2,True,126,48
group2_21.png,group2_21,2,group3_28.png,group3_28,3,False,126,203
group2_21.png,group2_21,2,group3_9.jpg,group3_9,3,False,126,111
group2_21.png,group2_21,2,group4_10.jpg,group4_10,4,False,126,94
group2_21.png,group2_21,2,group4_14.jpg,group4_14,4,False,126,201
group2_21.png,group2_21,2,group4_23.jpg,group4_23,4,False,126,93
group2_22.png,group2_22,2,group3_2.jpg,group3_2,3,False,126,77
group2_22.png,group2_22,2,group4_18.jpg,group4_18,4,False,126,136
group2_22.png,group2_22,2,group4_9.jpg,group4_9,4,False,126,187
group2_23.png,group2_23,2,group2_33.png,group2_33,2,True,126,94
group2_23.png,group2_23,2,group3_14.png,group3_14,3,False,126,127
group2_23.png,group2_23,2,group3_15.png,group3_15,3,False,126,134
group2_23.png,group2_23,2,group3_21.png,group3_21,3,False,126,112
group2_23.png,group2_23,2,group3_27.png,group3_27,3,False,126,162
group2_23.png,group2_23,2,group3_8.jpg,group3_8,3,False,126,125
group2_23.png,group2_23,2,group4_30.jpg,group4_30,4,False,126,110
group2_23.png,group2_23,2,group4_6.jpg,group4_6,4,False,126,106
group2_24.png,group2_24,2,group2_35.png,group2_35,2,True,126,54
group2_24.png,group2_24,2,group2_5.png,group2_5,2,True,126,57
group2_24.png,group2_24,2,group3_11.jpg,group3_11,3,False,126,64
group2_24.png,group2_24,2,group4_19.jpg,group4_19,4,False,126,120
group2_25.png,group2_25,2,group2_36.png,group2_36,2,True,126,50
group2_25.png,group2_25,2,group3_12.png,group3_12,3,False,126,110
group2_25.png,group2_25,2,group3_21.png,group3_21,3,False,126,47
group2_25.png,group2_25,2,group3_23.png,group3_23,3,False,126,111
group2_25.png,group2_25,2,group3_7.jpg,group3_7,3,False,126,84
group2_25.png,group2_25,2,group4_12.jpg,group4_12,4,False,126,95
group2_25.png,group2_25,2,group4_7.jpg,group4_7,4,False,126,137
group2_25.png,group2_25,2,group4_9.jpg,group4_9,4,False,126,193
group2_26.png,group2_26,2,group2_31.png,group2_31,2,True,126,39
group2_26.png,group2_26,2,group4_28.jpg,group4_28,4,False,126,108
group2_26.png,group2_26,2,group4_6.jpg,group4_6,4,False,126,171
group2_26.png,group2_26,2,group4_8.jpg,group4_8,4,False,126,151
group2_27.png,group2_27,2,group2_28.png,group2_28,2,True,126,55
group2_27.png,group2_27,2,group3_1.jpg,group3_1,3,False,126,128
group2_27.png,group2_27,2,group3_15.png,group3_15,3,False,126,95
group2_27.png,group2_27,2,group4_11.jpg,group4_11,4,False,126,143
group2_27.png,group2_27,2,group4_12.jpg,group4_12,4,False,126,85
group2_27.png,group2_27,2,group4_16.jpg,group4_16,4,False,126,159
group2_27.png,group2_27,2,group4_25.jpg,group4_25,4,False,126,90
group2_27.png,group2_27,2,group4_4.jpg,group4_4,4,False,126,110
group2_27.png,group2_27,2,group4_9.jpg,group4_9,4,False,126,191
group2_28.png,group2_28,2,group2_36.png,group2_36,2,True,126,69
group2_28.png,group2_28,2,group2_7.png,group2_7,2,True,126,84
group2_28.png,group2_28,2,group3_14.png,group3_14,3,False,126,101
group2_28.png,group2_28,2,group3_25.png,group3_25,3,False,126,70
group2_28.png,group2_28,2,group3_3.jpg,group3_3,3,False,126,126
group2_28.png,group2_28,2,group3_5.jpg,group3_5,3,False,126,110
group2_28.png,group2_28,2,group3_7.jpg,group3_7,3,False,126,83
group2_29.png,group2_29,2,group3_24.png,group3_24,3,False,126,67
group2_29.png,group2_29,2,group4_11.jpg,group4_11,4,False,126,136
group2_29.png,group2_29,2,group4_6.jpg,group4_6,4,False,126,128
group2_29.png,group2_29,2,group4_9.jpg,group4_9,4,False,126,192
group2_3.png,group2_3,2,group2_38.png,group2_38,2,True,126,71
group2_3.png,group2_3,2,group2_40.png,group2_40,2,True,126,48
group2_3.png,group2_3,2,group2_42.png,group2_42,2,True,126,107
group2_3.png,group2_3,2,group3_19.png,group3_19,3,False,126,95
group2_3.png,group2_3,2,group3_21.png,group3_21,3,False,126,58
group2_3.png,group2_3,2,group3_9.jpg,group3_9,3,False,126,104
group2_3.png,group2_3,2,group4_10.jpg,group4_10,4,False,126,137
group2_3.png,group2_3,2,group4_25.jpg,group4_25,4,False,126,103
group2_3.png,group2_3,2,group4_3.jpg,group4_3,4,False,126,88
group2_30.png,group2_30,2,group2_33.png,group2_33,2,True,126,53
group2_30.png,group2_30,2,group3_1.jpg,group3_1,3,False,126,132
group2_30.png,group2_30,2,group4_8.jpg,group4_8,4,False,126,117
group2_31.png,group2_31,2,group3_6.jpg,group3_6,3,False,126,49
group2_31.png,group2_31,2,group3_9.jpg,group3_9,3,False,126,96
group2_31.png,group2_31,2,group4_18.jpg,group4_18,4,False,126,141
group2_31.png,group2_31,2,group4_21.jpg,group4_21,4,False,126,131
group2_32.png,group2_32,2,group2_36.png,group2_36,2,True,126,51
group2_32.png,group2_32,2,group2_9.png,group2_9,2,True,126,39
group2_32.png,group2_32,2,group3_23.png,group3_23,3,False,126,112
group2_32.png,group2_32,2,group4_13.jpg,group4_13,4,False,126,166
group2_32.png,group2_32,2,group4_25.jpg,group4_25,4,False,126,81
group2_32.png,group2_32,2,group4_4.jpg,group4_4,4,False,126,101
group2_32.png,group2_32,2,group4_8.jpg,group4_8,4,False,126,134
group2_33.png,group2_33,2,group3_18.png,group3_18,3,False,126,111
group2_33.png,group2_33,2,group3_3.jpg,group3_3,3,False,126,130
group2_33.png,group2_33,2,group3_30.png,group3_30,3,False,126,128
group2_34.png,group2_34,2,group3_13.png,group3_13,3,False,126,85
group2_34.png,group2_34,2,group4_18.jpg,group4_18,4,False,126,154
group2_34.png,group2_34,2,group4_19.jpg,group4_19,4,False,126,146
group2_34.png,group2_34,2,group4_30.jpg,group4_30,4,False,126,125
group2_35.png,group2_35,2,group2_39.png,group2_39,2,True,126,70
group2_35.png,group2_35,2,group2_42.png,group2_42,2,True,126,100
group2_35.png,group2_35,2,group2_45.png,group2_45,2,True,126,78
group2_35.png,group2_35,2,group3_11.jpg,group3_11,3,False,126,94
group2_35.png,group2_35,2,group3_17.png,group3_17,3,False,126,68
group2_35.png,group2_35,2,group4_14.jpg,group4_14,4,False,126,171
group2_35.png,group2_35,2,group4_23.jpg,group4_23,4,False,126,85
group2_35.png,group2_35,2,group4_24.jpg,group4_24,4,False,126,68
group2_36.png,group2_36,2,group2_45.png,group2_45,2,True,126,62
group2_36.png,group2_36,2,group4_12.jpg,group4_12,4,False,126,101
group2_37.png,group2_37,2,group3_11.jpg,group3_11,3,False,126,96
group2_37.png,group2_37,2,group4_28.jpg,group4_28,4,False,126,134
group2_37.png,group2_37,2,group4_3.jpg,group4_3,4,False,126,99
group2_37.png,group2_37,2,group4_30.jpg,group4_30,4,False,126,109
group2_38.png,group2_38,2,group2_43.png,group2_43,2,True,126,99
group2_38.png,group2_38,2,group3_12.png,group3_12,3,False,126,114
group2_38.png,group2_38,2,group3_7.jpg,group3_7,3,False,126,78
group2_38.png,group2_38,2,group4_13.jpg,group4_13,4,False,126,161
group2_38.png,group2_38,2,group4_16.jpg,group4_16,4,False,126,173
group2_39.png,group2_39,2,group3_1.jpg,group3_1,3,False,126,110
group2_39.png,group2_39,2,group3_28.png,group3_28,3,False,126,215
group2_39.png,group2_39,2,group3_29 2.png,group3_29 2,3,False,126,95
group2_39.png,group2_39,2,group4_20.jpg,group4_20,4,False,126,144
group2_39.png,group2_39,2,group4_4.jpg,group4_4,4,False,126,106
group2_4.png,group2_4,2,group3_10.jpg,group3_10,3,False,126,40
group2_4.png,group2_4,2,group3_2.jpg,group3_2,3,False,126,75
group2_4.png,group2_4,2,group4_16.jpg,group4_16,4,False,126,131
group2_4.png,group2_4,2,group4_19.jpg,group4_19,4,False,126,132
group2_4.png,group2_4,2,group4_20.jpg,group4_20,4,False,126,130
group2_40.png,group2_40,2,group4_1.jpg,group4_1,4,False,126,186
group2_40.png,group2_40,2,group4_16.jpg,group4_16,4,False,126,154
group2_40.png,group2_40,2,group4_7.jpg,group4_7,4,False,126,148
group2_41.png,group2_41,2,group3_15.png,group3_15,3,False,126,117
group2_41.png,group2_41,2,group4_20.jpg,group4_20,4,False,126,102
group2_41.png,group2_41,2,group4_5.jpg,group4_5,4,False,126,155
group2_41.png,group2_41,2,group4_6.jpg,group4_6,4,False,126,133
group2_42.png,group2_42,2,group2_5.png,group2_5,2,True,126,127
group2_42.png,group2_42,2,group3_14.png,group3_14,3,False,126,132
group2_42.png,group2_42,2,group3_16.png,group3_16,3,False,126,66
group2_42.png,group2_42,2,group3_28.png,group3_28,3,False,126,157
group2_42.png,group2_42,2,group4_1.jpg,group4_1,4,False,126,163
group2_42.png,group2_42,2,group4_17.jpg,group4_17,4,False,126,138
group2_42.png,group2_42,2,group4_3.jpg,group4_3,4,False,126,147
group2_42.png,group2_42,2,group4_4.jpg,group4_4,4,False,126,162
group2_42.png,group2_42,2,group4_6.jpg,group4_6,4,False,126,127
group2_43.png,group2_43,2,group2_45.png,group2_45,2,True,126,83
group2_43.png,group2_43,2,group4_9.jpg,group4_9,4,False,126,136
group2_44.png,group2_44,2,group3_11.jpg,group3_11,3,False,126,116
group2_44.png,group2_44,2,group3_12.png,group3_12,3,False,126,140
group2_44.png,group2_44,2,group3_6.jpg,group3_6,3,False,126,100
group2_44.png,group2_44,2,group3_9.jpg,group3_9,3,False,126,113
group2_44.png,group2_44,2,group4_12.jpg,group4_12,4,False,126,83
group2_44.png,group2_44,2,group4_14.jpg,group4_14,4,False,126,187
group2_44.png,group2_44,2,group4_27.jpg,group4_27,4,False,126,167
group2_44.png,group2_44,2,group4_3.jpg,group4_3,4,False,126,115
group2_44.png,group2_44,2,group4_30.jpg,group4_30,4,False,126,129
group2_44.png,group2_44,2,group4_4.jpg,group4_4,4,False,126,136
group2_44.png,group2_44,2,group4_5.jpg,group4_5,4,False,126,157
group2_45.png,group2_45,2,group3_25.png,group3_25,3,False,126,81
group2_45.png,group2_45,2,group4_15.jpg,group4_15,4,False,126,166
group2_45.png,group2_45,2,group4_16.jpg,group4_16,4,False,126,129
group2_45.png,group2_45,2,group4_26.jpg,group4_26,4,False,126,138
group2_45.png,group2_45,2,group4_5.jpg,group4_5,4,False,126,159
group2_5.png,group2_5,2,group3_11.jpg,group3_11,3,False,126,51
group2_5.png,group2_5,2,group4_12.jpg,group4_12,4,False,126,126
group2_6.png,group2_6,2,group4_20.jpg,group4_20,4,False,126,153
group2_6.png,group2_6,2,group4_22.jpg,group4_22,4,False,126,122
group2_6.png,group2_6,2,group4_6.jpg,group4_6,4,False,126,156
group2_7.png,group2_7,2,group3_1.jpg,group3_1,3,False,126,141
group2_7.png,group2_7,2,group3_14.png,group3_14,3,False,126,111
group2_7.png,group2_7,2,group4_14.jpg,group4_14,4,False,126,208
group2_7.png,group2_7,2,group4_15.jpg,group4_15,4,False,126,165
group2_7.png,group2_7,2,group4_4.jpg,group4_4,4,False,126,137
group2_7.png,group2_7,2,group4_9.jpg,group4_9,4,False,126,154
group2_8.png,group2_8,2,group3_13.png,group3_13,3,False,126,131
group2_8.png,group2_8,2,group3_28.png,group3_28,3,False,126,193
group2_8.png,group2_8,2,group3_3.jpg,group3_3,3,False,126,93
group2_8.png,group2_8,2,group4_5.jpg,group4_5,4,False,126,137
group2_9.png,group2_9,2,group3_10.jpg,group3_10,3,False,126,70
group2_9.png,group2_9,2,group3_2.jpg,group3_2,3,False,126,121
group2_9.png,group2_9,2,group4_26.jpg,group4_26,4,False,126,136
group2_9.png,group2_9,2,group4_3.jpg,group4_3,4,False,126,107
group3_1.jpg,group3_1,3,group3_14.png,group3_14,3,True,126,106
group3_1.jpg,group3_1,3,group4_19.jpg,group4_19,4,False,126,116
group3_1.jpg,group3_1,3,group4_8.jpg,group4_8,4,False,126,99
group3_10.jpg,group3_10,3,group3_18.png,group3_18,3,True,126,98
group3_10.jpg,group3_10,3,group4_10.jpg,group4_10,4,False,126,112
group3_10.jpg,group3_10,3,group4_16.jpg,group4_16,4,False,126,141
group3_10.jpg,group3_10,3,group4_9.jpg,group4_9,4,False,126,185
group3_11.jpg,group3_11,3,group3_18.png,group3_18,3,True,126,122
group3_11.jpg,group3_11,3,group4_18.jpg,group4_18,4,False,126,132
group3_11.jpg,group3_11,3,group4_19.jpg,group4_19,4,False,126,126
group3_11.jpg,group3_11,3,group4_29.jpg,group4_29,4,False,126,68
group3_12.png,group3_12,3,group3_16.png,group3_16,3,True,126,138
group3_12.png,group3_12,3,group3_7.jpg,group3_7,3,True,126,106
group3_12.png,group3_12,3,group4_14.jpg,group4_14,4,False,126,105
group3_12.png,group3_12,3,group4_6.jpg,group4_6,4,False,126,143
group3_13.png,group3_13,3,group4_23.jpg,group4_23,4,False,126,142
group3_13.png,group3_13,3,group4_6.jpg,group4_6,4,False,126,124
group3_13.png,group3_13,3,group4_9.jpg,group4_9,4,False,126,132
group3_14.png,group3_14,3,group4_16.jpg,group4_16,4,False,126,133
group3_14.png,group3_14,3,group4_19.jpg,group4_19,4,False,126,108
group3_14.png,group3_14,3,group4_6.jpg,group4_6,4,False,126,159
group3_15.png,group3_15,3,group3_29 2.png,group3_29 2,3,True,126,74
group3_15.png,group3_15,3,group3_6.jpg,group3_6,3,True,126,59
group3_15.png,group3_15,3,group4_17.jpg,group4_17,4,False,126,175
group3_15.png,group3_15,3,group4_30.jpg,group4_30,4,False,126,64
group3_16.png,group3_16,3,group4_21.jpg,group4_21,4,False,126,146
group3_16.png,group3_16,3,group4_22.jpg,group4_22,4,False,126,147
group3_17.png,group3_17,3,group3_20.png,group3_20,3,True,126,86
group3_17.png,group3_17,3,group3_22.png,group3_22,3,True,126,101
group3_17.png,group3_17,3,group4_15.jpg,group4_15,4,False,126,146
group3_17.png,group3_17,3,group4_7.jpg,group4_7,4,False,126,137
group3_18.png,group3_18,3,group3_25.png,group3_25,3,True,126,109
group3_18.png,group3_18,3,group3_6.jpg,group3_6,3,True,126,110
group3_18.png,group3_18,3,group4_8.jpg,group4_8,4,False,126,129
group3_18.png,group3_18,3,group4_9.jpg,group4_9,4,False,126,129
group3_19.png,group3_19,3,group4_22.jpg,group4_22,4,False,126,107
group3_19.png,group3_19,3,group4_30.jpg,group4_30,4,False,126,97
group3_19.png,group3_19,3,group4_4.jpg,group4_4,4,False,126,146
group3_2.jpg,group3_2,3,group3_28.png,group3_28,3,True,126,132
group3_2.jpg,group3_2,3,group4_15.jpg,group4_15,4,False,126,131
group3_20.png,group3_20,3,group4_14.jpg,group4_14,4,False,126,163
group3_20.png,group3_20,3,group4_29.jpg,group4_29,4,False,126,82
group3_20.png,group3_20,3,group4_8.jpg,group4_8,4,False,126,151
group3_21.png,group3_21,3,group4_20.jpg,group4_20,4,False,126,143
group3_21.png,group3_21,3,group4_22.jpg,group4_22,4,False,126,100
group3_21.png,group3_21,3,group4_29.jpg,group4_29,4,False,126,89
group3_21.png,group3_21,3,group4_6.jpg,group4_6,4,False,126,170
group3_22.png,group3_22,3,group4_13.jpg,group4_13,4,False,126,120
group3_22.png,group3_22,3,group4_18.jpg,group4_18,4,False,126,135
group3_22.png,group3_22,3,group4_22.jpg,group4_22,4,False,126,82
group3_22.png,group3_22,3,group4_26.jpg,group4_26,4,False,126,95
group3_23.png,group3_23,3,group3_29 2.png,group3_29 2,3,True,126,146
group3_23.png,group3_23,3,group4_15.jpg,group4_15,4,False,126,145
group3_23.png,group3_23,3,group4_21.jpg,group4_21,4,False,126,87
group3_24.png,group3_24,3,group4_12.jpg,group4_12,4,False,126,125
group3_24.png,group3_24,3,group4_22.jpg,group4_22,4,False,126,71
group3_24.png,group3_24,3,group4_23.jpg,group4_23,4,False,126,65
group3_25.png,group3_25,3,group3_3.jpg,group3_3,3,True,126,126
group3_25.png,group3_25,3,group3_5.jpg,group3_5,3,True,126,116
group3_25.png,group3_25,3,group3_8.jpg,group3_8,3,True,126,83
group3_25.png,group3_25,3,group3_9.jpg,group3_9,3,True,126,100
group3_25.png,group3_25,3,group4_15.jpg,group4_15,4,False,126,161
group3_25.png,group3_25,3,group4_3.jpg,group4_3,4,False,126,100
group3_26.png,group3_26,3,group3_3.jpg,group3_3,3,True,126,86
group3_26.png,group3_26,3,group4_15.jpg,group4_15,4,False,126,131
group3_26.png,group3_26,3,group4_16.jpg,group4_16,4,False,126,132
group3_27.png,group3_27,3,group3_5.jpg,group3_5,3,True,126,148
group3_27.png,group3_27,3,group4_11.jpg,group4_11,4,False,126,120
group3_27.png,group3_27,3,group4_20.jpg,group4_20,4,False,126,139
group3_27.png,group3_27,3,group4_24.jpg,group4_24,4,False,126,157
group3_28.png,group3_28,3,group4_13.jpg,group4_13,4,False,126,100
group3_28.png,group3_28,3,group4_6.jpg,group4_6,4,False,126,92
group3_28.png,group3_28,3,group4_7.jpg,group4_7,4,False,126,116
group3_29 2.png,group3_29 2,3,group4_5.jpg,group4_5,4,False,126,128
group3_29 2.png,group3_29 2,3,group4_6.jpg,group4_6,4,False,126,126
group3_29 2.png,group3_29 2,3,group4_9.jpg,group4_9,4,False,126,178
group3_29.png,group3_29,3,group3_6.jpg,group3_6,3,True,126,99
group3_29.png,group3_29,3,group3_8.jpg,group3_8,3,True,126,77
group3_3.jpg,group3_3,3,group4_15.jpg,group4_15,4,False,126,153
group3_30.png,group3_30,3,group3_5.jpg,group3_5,3,True,126,142
group3_30.png,group3_30,3,group4_20.jpg,group4_20,4,False,126,119
group3_30.png,group3_30,3,group4_29.jpg,group4_29,4,False,126,81
group3_30.png,group3_30,3,group4_8.jpg,group4_8,4,False,126,132
group3_5.jpg,group3_5,3,group3_6.jpg,group3_6,3,True,126,115
group3_5.jpg,group3_5,3,group3_9.jpg,group3_9,3,True,126,98
group3_5.jpg,group3_5,3,group4_5.jpg,group4_5,4,False,126,118
group3_5.jpg,group3_5,3,group4_7.jpg,group4_7,4,False,126,112
group3_6.jpg,group3_6,3,group4_5.jpg,group4_5,4,False,126,123
group3_7.jpg,group3_7,3,group4_16.jpg,group4_16,4,False,126,149
group3_8.jpg,group3_8,3,group4_25.jpg,group4_25,4,False,126,46
group3_9.jpg,group3_9,3,group4_20.jpg,group4_20,4,False,126,117
group3_9.jpg,group3_9,3,group4_23.jpg,group4_23,4,False,126,70
group3_9.jpg,group3_9,3,group4_25.jpg,group4_25,4,False,126,83
group4_1.jpg,group4_1,4,group4_12.jpg,group4_12,4,True,126,158
group4_1.jpg,group4_1,4,group4_15.jpg,group4_15,4,True,126,119
group4_1.jpg,group4_1,4,group4_3.jpg,group4_3,4,True,126,162
group4_10.jpg,group4_10,4,group4_15.jpg,group4_15,4,True,126,154
group4_11.jpg,group4_11,4,group4_19.jpg,group4_19,4,True,126,101
group4_11.jpg,group4_11,4,group4_4.jpg,group4_4,4,True,126,153
group4_11.jpg,group4_11,4,group4_5.jpg,group4_5,4,True,126,144
group4_11.jpg,group4_11,4,group4_9.jpg,group4_9,4,True,126,102
group4_12.jpg,group4_12,4,group4_30.jpg,group4_30,4,True,126,154
group4_13.jpg,group4_13,4,group4_21.jpg,group4_21,4,True,126,131
group4_13.jpg,group4_13,4,group4_22.jpg,group4_22,4,True,126,76
group4_13.jpg,group4_13,4,group4_23.jpg,group4_23,4,True,126,100
group4_13.jpg,group4_13,4,group4_29.jpg,group4_29,4,True,126,67
group4_13.jpg,group4_13,4,group4_4.jpg,group4_4,4,True,126,95
group4_14.jpg,group4_14,4,group4_23.jpg,group4_23,4,True,126,116
group4_14.jpg,group4_14,4,group4_6.jpg,group4_6,4,True,126,112
group4_14.jpg,group4_14,4,group4_9.jpg,group4_9,4,True,126,112
group4_15.jpg,group4_15,4,group4_20.jpg,group4_20,4,True,126,112
group4_15.jpg,group4_15,4,group4_26.jpg,group4_26,4,True,126,112
group4_15.jpg,group4_15,4,group4_9.jpg,group4_9,4,True,126,129
group4_16.jpg,group4_16,4,group4_17.jpg,group4_17,4,True,126,91
group4_18.jpg,group4_18,4,group4_7.jpg,group4_7,4,True,126,167
group4_21.jpg,group4_21,4,group4_6.jpg,group4_6,4,True,126,159
group4_22.jpg,group4_22,4,group4_26.jpg,group4_26,4,True,126,69
group4_22.jpg,group4_22,4,group4_7.jpg,group4_7,4,True,126,114
group4_22.jpg,group4_22,4,group4_8.jpg,group4_8,4,True,126,122
group4_23.jpg,group4_23,4,group4_24.jpg,group4_24,4,True,126,91
group4_24.jpg,group4_24,4,group4_30.jpg,group4_30,4,True,126,107
group4_27.jpg,group4_27,4,group4_30.jpg,group4_30,4,True,126,62
group4_28.jpg,group4_28,4,group4_8.jpg,group4_8,4,True,126,109
group4_29.jpg,group4_29,4,group4_3.jpg,group4_3,4,True,126,99
group4_29.jpg,group4_29,4,group4_8.jpg,group4_8,4,True,126,119
group4_4.jpg,group4_4,4,group4_9.jpg,group4_9,4,True,126,185
group1_1.jpeg,group1_1,1,group1_12.png,group1_12,1,True,128,61
group1_1.jpeg,group1_1,1,group1_15.png,group1_15,1,True,128,54
group1_1.jpeg,group1_1,1,group1_23.jpg,group1_23,1,True,128,65
group1_1.jpeg,group1_1,1,group2_29.png,group2_29,2,False,128,64
group1_1.jpeg,group1_1,1,group2_39.png,group2_39,2,False,128,57
group1_1.jpeg,group1_1,1,group3_24.png,group3_24,3,False,128,77
group1_1.jpeg,group1_1,1,group3_29 2.png,group3_29 2,3,False,128,100
group1_10.png,group1_10,1,group1_17.png,group1_17,1,True,128,70
group1_10.png,group1_10,1,group2_19.png,group2_19,2,False,128,70
group1_10.png,group1_10,1,group3_22.png,group3_22,3,False,128,102
group1_10.png,group1_10,1,group3_30.png,group3_30,3,False,128,148
group1_10.png,group1_10,1,group4_3.jpg,group4_3,4,False,128,114
group1_11.png,group1_11,1,group1_7.png,group1_7,1,True,128,78
group1_11.png,group1_11,1,group2_17.png,group2_17,2,False,128,74
group1_11.png,group1_11,1,group3_20.png,group3_20,3,False,128,68
group1_11.png,group1_11,1,group3_29 2.png,group3_29 2,3,False,128,73
group1_11.png,group1_11,1,group3_9.jpg,group3_9,3,False,128,77
group1_11.png,group1_11,1,group4_10.jpg,group4_10,4,False,128,102
group1_11.png,group1_11,1,group4_18.jpg,group4_18,4,False,128,132
group1_11.png,group1_11,1,group4_20.jpg,group4_20,4,False,128,124
group1_11.png,group1_11,1,group4_29.jpg,group4_29,4,False,128,90
group1_12.png,group1_12,1,group1_6.png,group1_6,1,True,128,79
group1_12.png,group1_12,1,group2_10.png,group2_10,2,False,128,67
group1_12.png,group1_12,1,group2_25.png,group2_25,2,False,128,52
group1_12.png,group1_12,1,group3_20.png,group3_20,3,False,128,96
group1_12.png,group1_12,1,group3_21.png,group3_21,3,False,128,73
group1_12.png,group1_12,1,group4_24.jpg,group4_24,4,False,128,82
group1_12.png,group1_12,1,group4_28.jpg,group4_28,4,False,128,126
group1_13.png,group1_13,1,group2_20.png,group2_20,2,False,128,72
group1_13.png,group1_13,1,group2_26.png,group2_26,2,False,128,60
group1_13.png,group1_13,1,group2_33.png,group2_33,2,False,128,43
group1_13.png,group1_13,1,group3_14.png,group3_14,3,False,128,114
group1_13.png,group1_13,1,group4_13.jpg,group4_13,4,False,128,169
group1_13.png,group1_13,1,group4_9.jpg,group4_9,4,False,128,187
group1_14.png,group1_14,1,group1_21.jpg,group1_21,1,True,128,42
group1_14.png,group1_14,1,group2_28.png,group2_28,2,False,128,55
group1_14.png,group1_14,1,group3_30.png,group3_30,3,False,128,131
group1_14.png,group1_14,1,group3_5.jpg,group3_5,3,False,128,107
group1_14.png,group1_14,1,group4_13.jpg,group4_13,4,False,128,173
group1_14.png,group1_14,1,group4_14.jpg,group4_14,4,False,128,197
group1_14.png,group1_14,1,group4_27.jpg,group4_27,4,False,128,147
group1_15.png,group1_15,1,group1_18.png,group1_18,1,True,128,90
group1_15.png,group1_15,1,group2_17.png,group2_17,2,False,128,107
group1_15.png,group1_15,1,group2_30.png,group2_30,2,False,128,47
group1_15.png,group1_15,1,group3_10.jpg,group3_10,3,False,128,85
group1_15.png,group1_15,1,group4_10.jpg,group4_10,4,False,128,113
group1_16.png,group1_16,1,group1_7.png,group1_7,1,True,128,80
group1_16.png,group1_16,1,group4_20.jpg,group4_20,4,False,128,120
group1_16.png,group1_16,1,group4_5.jpg,group4_5,4,False,128,147
group1_17.png,group1_17,1,group1_19.jpg,group1_19,1,True,128,68
group1_17.png,group1_17,1,group1_4.png,group1_4,1,True,128,70
group1_17.png,group1_17,1,group2_17.png,group2_17,2,False,128,113
group1_17.png,group1_17,1,group2_18.png,group2_18,2,False,128,49
group1_17.png,group1_17,1,group2_19.png,group2_19,2,False,128,50
group1_17.png,group1_17,1,group2_28.png,group2_28,2,False,128,60
group1_17.png,group1_17,1,group3_15.png,group3_15,3,False,128,100
group1_17.png,group1_17,1,group3_20.png,group3_20,3,False,128,91
group1_17.png,group1_17,1,group3_26.png,group3_26,3,False,128,126
group1_17.png,group1_17,1,group4_13.jpg,group4_13,4,False,128,162
group1_17.png,group1_17,1,group4_7.jpg,group4_7,4,False,128,128
group1_18.png,group1_18,1,group2_12.png,group2_12,2,False,128,137
group1_18.png,group1_18,1,group2_43.png,group2_43,2,False,128,130
group1_18.png,group1_18,1,group3_1.jpg,group3_1,3,False,128,109
group1_18.png,group1_18,1,group3_29.png,group3_29,3,False,128,100
group1_18.png,group1_18,1,group3_3.jpg,group3_3,3,False,128,148
group1_18.png,group1_18,1,group3_5.jpg,group3_5,3,False,128,114
group1_18.png,group1_18,1,group4_6.jpg,group4_6,4,False,128,180
group1_19.jpg,group1_19,1,group1_3.png,group1_3,1,True,128,54
group1_19.jpg,group1_19,1,group3_1.jpg,group3_1,3,False,128,129
group1_19.jpg,group1_19,1,group3_26.png,group3_26,3,False,128,104
group1_19.jpg,group1_19,1,group3_29.png,group3_29,3,False,128,100
group1_19.jpg,group1_19,1,group4_28.jpg,group4_28,4,False,128,115
group1_19.jpg,group1_19,1,group4_7.jpg,group4_7,4,False,128,140
group1_2.png,group1_2,1,group2_16.png,group2_16,2,False,128,68
group1_2.png,group1_2,1,group2_21.png,group2_21,2,False,128,56
group1_2.png,group1_2,1,group3_1.jpg,group3_1,3,False,128,128
group1_2.png,group1_2,1,group3_15.png,group3_15,3,False,128,115
group1_2.png,group1_2,1,group3_18.png,group3_18,3,False,128,112
group1_2.png,group1_2,1,group3_20.png,group3_20,3,False,128,92
group1_2.png,group1_2,1,group3_21.png,group3_21,3,False,128,83
group1_2.png,group1_2,1,group3_9.jpg,group3_9,3,False,128,115
group1_2.png,group1_2,1,group4_10.jpg,group4_10,4,False,128,122
group1_2.png,group1_2,1,group4_21.jpg,group4_21,4,False,128,140
group1_2.png,group1_2,1,group4_3.jpg,group4_3,4,False,128,115
group1_2.png,group1_2,1,group4_8.jpg,group4_8,4,False,128,117
group1_20.jpg,group1_20,1,group2_17.png,group2_17,2,False,128,100
group1_20.jpg,group1_20,1,group2_20.png,group2_20,2,False,128,56
group1_20.jpg,group1_20,1,group2_36.png,group2_36,2,False,128,54
group1_20.jpg,group1_20,1,group2_37.png,group2_37,2,False,128,52
group1_20.jpg,group1_20,1,group2_45.png,group2_45,2,False,128,58
group1_20.jpg,group1_20,1,group2_6.png,group2_6,2,False,128,67
group1_20.jpg,group1_20,1,group4_28.jpg,group4_28,4,False,128,116
group1_20.jpg,group1_20,1,group4_3.jpg,group4_3,4,False,128,85
group1_20.jpg,group1_20,1,group4_4.jpg,group4_4,4,False,128,100
group1_20.jpg,group1_20,1,group4_5.jpg,group4_5,4,False,128,169
group1_21.jpg,group1_21,1,group1_6.png,group1_6,1,True,128,41
group1_21.jpg,group1_21,1,group2_23.png,group2_23,2,False,128,79
group1_21.jpg,group1_21,1,group3_20.png,group3_20,3,False,128,82
group1_21.jpg,group1_21,1,group3_29 2.png,group3_29 2,3,False,128,103
group1_21.jpg,group1_21,1,group3_30.png,group3_30,3,False,128,141
group1_21.jpg,group1_21,1,group3_8.jpg,group3_8,3,False,128,80
group1_21.jpg,group1_21,1,group4_15.jpg,group4_15,4,False,128,132
group1_22.jpg,group1_22,1,group1_3.png,group1_3,1,True,128,81
group1_22.jpg,group1_22,1,group1_5.png,group1_5,1,True,128,72
group1_22.jpg,group1_22,1,group1_7.png,group1_7,1,True,128,102
group1_22.jpg,group1_22,1,group2_12.png,group2_12,2,False,128,140
group1_22.jpg,group1_22,1,group2_17.png,group2_17,2,False,128,110
group1_22.jpg,group1_22,1,group2_32.png,group2_32,2,False,128,83
group1_22.jpg,group1_22,1,group2_33.png,group2_33,2,False,128,81
group1_22.jpg,group1_22,1,group2_5.png,group2_5,2,False,128,77
group1_22.jpg,group1_22,1,group3_10.jpg,group3_10,3,False,128,82
group1_22.jpg,group1_22,1,group3_29 2.png,group3_29 2,3,False,128,61
group1_22.jpg,group1_22,1,group3_9.jpg,group3_9,3,False,128,85
group1_22.jpg,group1_22,1,group4_20.jpg,group4_20,4,False,128,88
group1_22.jpg,group1_22,1,group4_25.jpg,group4_25,4,False,128,84
group1_22.jpg,group1_22,1,group4_8.jpg,group4_8,4,False,128,97
group1_23.jpg,group1_23,1,group2_11.png,group2_11,2,False,128,90
group1_23.jpg,group1_23,1,group2_23.png,group2_23,2,False,128,99
group1_23.jpg,group1_23,1,group3_17.png,group3_17,3,False,128,54
group1_24.jpg,group1_24,1,group2_10.png,group2_10,2,False,128,51
group1_24.jpg,group1_24,1,group2_26.png,group2_26,2,False,128,38
group1_24.jpg,group1_24,1,group3_18.png,group3_18,3,False,128,102
group1_24.jpg,group1_24,1,group3_26.png,group3_26,3,False,128,97
group1_24.jpg,group1_24,1,group4_29.jpg,group4_29,4,False,128,102
group1_24.jpg,group1_24,1,group4_8.jpg,group4_8,4,False,128,135
group1_25.jpg,group1_25,1,group2_10.png,group2_10,2,False,128,51
group1_25.jpg,group1_25,1,group2_21.png,group2_21,2,False,128,56
group1_25.jpg,group1_25,1,group2_33.png,group2_33,2,False,128,29
group1_25.jpg,group1_25,1,group2_36.png,group2_36,2,False,128,64
group1_25.jpg,group1_25,1,group3_19.png,group3_19,3,False,128,82
group1_25.jpg,group1_25,1,group3_30.png,group3_30,3,False,128,121
group1_25.jpg,group1_25,1,group4_21.jpg,group4_21,4,False,128,146
group1_25.jpg,group1_25,1,group4_4.jpg,group4_4,4,False,128,90
group1_26.jpg,group1_26,1,group2_1.png,group2_1,2,False,128,110
group1_26.jpg,group1_26,1,group2_14.png,group2_14,2,False,128,72
group1_26.jpg,group1_26,1,group2_15.png,group2_15,2,False,128,87
group1_26.jpg,group1_26,1,group2_19.png,group2_19,2,False,128,58
group1_26.jpg,group1_26,1,group2_23.png,group2_23,2,False,128,108
group1_26.jpg,group1_26,1,group2_24.png,group2_24,2,False,128,85
group1_26.jpg,group1_26,1,group2_29.png,group2_29,2,False,128,68
group1_26.jpg,group1_26,1,group2_40.png,group2_40,2,False,128,48
group1_26.jpg,group1_26,1,group2_43.png,group2_43,2,False,128,118
group1_26.jpg,group1_26,1,group3_21.png,group3_21,3,False,128,68
group1_26.jpg,group1_26,1,group4_16.jpg,group4_16,4,False,128,186
group1_26.jpg,group1_26,1,group4_17.jpg,group4_17,4,False,128,197
group1_26.jpg,group1_26,1,group4_26.jpg,group4_26,4,False,128,77
group1_26.jpg,group1_26,1,group4_5.jpg,group4_5,4,False,128,134
group1_3.png,group1_3,1,group2_41.png,group2_41,2,False,128,63
group1_3.png,group1_3,1,group4_19.jpg,group4_19,4,False,128,151
group1_3.png,group1_3,1,group4_29.jpg,group4_29,4,False,128,129
group1_3.png,group1_3,1,group4_6.jpg,group4_6,4,False,128,158
group1_4.png,group1_4,1,group2_21.png,group2_21,2,False,128,63
group1_4.png,group1_4,1,group3_1.jpg,group3_1,3,False,128,89
group1_4.png,group1_4,1,group4_16.jpg,group4_16,4,False,128,144
group1_4.png,group1_4,1,group4_19.jpg,group4_19,4,False,128,133
group1_4.png,group1_4,1,group4_20.jpg,group4_20,4,False,128,113
group1_5.png,group1_5,1,group2_33.png,group2_33,2,False,128,33
group1_5.png,group1_5,1,group2_40.png,group2_40,2,False,128,43
group1_5.png,group1_5,1,group4_1.jpg,group4_1,4,False,128,201
group1_5.png,group1_5,1,group4_13.jpg,group4_13,4,False,128,151
group1_5.png,group1_5,1,group4_4.jpg,group4_4,4,False,128,102
group1_6.png,group1_6,1,group2_16.png,group2_16,2,False,128,59
group1_6.png,group1_6,1,group2_3.png,group2_3,2,False,128,68
group1_6.png,group1_6,1,group2_35.png,group2_35,2,False,128,77
group1_7.png,group1_7,1,group2_25.png,group2_25,2,False,128,54
group1_7.png,group1_7,1,group2_28.png,group2_28,2,False,128,83
group1_7.png,group1_7,1,group2_40.png,group2_40,2,False,128,91
group1_7.png,group1_7,1,group2_42.png,group2_42,2,False,128,82
group1_7.png,group1_7,1,group2_45.png,group2_45,2,False,128,56
group1_7.png,group1_7,1,group2_6.png,group2_6,2,False,128,67
group1_7.png,group1_7,1,group2_7.png,group2_7,2,False,128,61
group1_7.png,group1_7,1,group3_11.jpg,group3_11,3,False,128,88
group1_7.png,group1_7,1,group3_16.png,group3_16,3,False,128,108
group1_7.png,group1_7,1,group3_2.jpg,group3_2,3,False,128,127
group1_7.png,group1_7,1,group3_28.png,group3_28,3,False,128,197
group1_7.png,group1_7,1,group3_8.jpg,group3_8,3,False,128,84
group1_7.png,group1_7,1,group4_3.jpg,group4_3,4,False,128,103
group1_7.png,group1_7,1,group4_7.jpg,group4_7,4,False,128,129
group1_8.png,group1_8,1,group2_13.png,group2_13,2,False,128,61
group1_8.png,group1_8,1,group3_14.png,group3_14,3,False,128,119
group1_8.png,group1_8,1,group4_11.jpg,group4_11,4,False,128,128
group1_8.png,group1_8,1,group4_25.jpg,group4_25,4,False,128,99
group1_9.png,group1_9,1,group2_11.png,group2_11,2,False,128,53
group1_9.png,group1_9,1,group2_40.png,group2_40,2,False,128,96
group1_9.png,group1_9,1,group2_8.png,group2_8,2,False,128,75
group1_9.png,group1_9,1,group3_1.jpg,group3_1,3,False,128,137
group1_9.png,group1_9,1,group4_18.jpg,group4_18,4,False,128,171
group1_9.png,group1_9,1,group4_20.jpg,group4_20,4,False,128,139
group1_9.png,group1_9,1,group4_3.jpg,group4_3,4,False,128,114
group1_9.png,group1_9,1,group4_30.jpg,group4_30,4,False,128,116
group2_1.png,group2_1,2,group2_11.png,group2_11,2,True,128,153
group2_1.png,group2_1,2,group2_33.png,group2_33,2,True,128,124
group2_1.png,group2_1,2,group2_36.png,group2_36,2,True,128,149
group2_1.png,group2_1,2,group2_42.png,group2_42,2,True,128,149
group2_1.png,group2_1,2,group2_5.png,group2_5,2,True,128,90
group2_1.png,group2_1,2,group4_10.jpg,group4_10,4,False,128,129
group2_1.png,group2_1,2,group4_16.jpg,group4_16,4,False,128,124
group2_1.png,group2_1,2,group4_4.jpg,group4_4,4,False,128,89
group2_10.png,group2_10,2,group2_24.png,group2_24,2,True,128,61
group2_10.png,group2_10,2,group3_14.png,group3_14,3,False,128,109
group2_10.png,group2_10,2,group3_29 2.png,group3_29 2,3,False,128,110
group2_10.png,group2_10,2,group4_18.jpg,group4_18,4,False,128,159
group2_10.png,group2_10,2,group4_21.jpg,group4_21,4,False,128,135
group2_11.png,group2_11,2,group2_4.png,group2_4,2,True,128,80
group2_11.png,group2_11,2,group3_3.jpg,group3_3,3,False,128,115
group2_11.png,group2_11,2,group4_10.jpg,group4_10,4,False,128,114
group2_11.png,group2_11,2,group4_18.jpg,group4_18,4,False,128,146
group2_11.png,group2_11,2,group4_19.jpg,group4_19,4,False,128,136
group2_11.png,group2_11,2,group4_3.jpg,group4_3,4,False,128,121
group2_11.png,group2_11,2,group4_30.jpg,group4_30,4,False,128,129
group2_12.png,group2_12,2,group2_20.png,group2_20,2,True,128,104
group2_12.png,group2_12,2,group2_36.png,group2_36,2,True,128,120
group2_12.png,group2_12,2,group2_5.png,group2_5,2,True,128,171
group2_12.png,group2_12,2,group2_6.png,group2_6,2,True,128,91
group2_12.png,group2_12,2,group3_10.jpg,group3_10,3,False,128,160
group2_12.png,group2_12,2,group3_12.png,group3_12,3,False,128,150
group2_12.png,group2_12,2,group3_24.png,group3_24,3,False,128,146
group2_12.png,group2_12,2,group3_5.jpg,group3_5,3,False,128,91
group2_12.png,group2_12,2,group4_13.jpg,group4_13,4,False,128,169
group2_12.png,group2_12,2,group4_16.jpg,group4_16,4,False,128,117
group2_12.png,group2_12,2,group4_20.jpg,group4_20,4,False,128,150
group2_12.png,group2_12,2,group4_23.jpg,group4_23,4,False,128,199
group2_12.png,group2_12,2,group4_30.jpg,group4_30,4,False,128,187
group2_13.png,group2_13,2,group2_19.png,group2_19,2,True,128,35
group2_13.png,group2_13,2,group2_3.png,group2_3,2,True,128,61
group2_13.png,group2_13,2,group3_10.jpg,group3_10,3,False,128,60
group2_13.png,group2_13,2,group3_11.jpg,group3_11,3,False,128,76
group2_13.png,group2_13,2,group3_19.png,group3_19,3,False,128,72
group2_13.png,group2_13,2,group3_30.png,group3_30,3,False,128,125
group2_13.png,group2_13,2,group3_7.jpg,group3_7,3,False,128,86
group2_13.png,group2_13,2,group4_26.jpg,group4_26,4,False,128,106
group2_14.png,group2_14,2,group2_26.png,group2_26,2,True,128,61
group2_14.png,group2_14,2,group2_28.png,group2_28,2,True,128,70
group2_14.png,group2_14,2,group3_21.png,group3_21,3,False,128,60
group2_14.png,group2_14,2,group3_24.png,group3_24,3,False,128,79
group2_14.png,group2_14,2,group3_6.jpg,group3_6,3,False,128,61
group2_14.png,group2_14,2,group4_14.jpg,group4_14,4,False,128,190
group2_14.png,group2_14,2,group4_29.jpg,group4_29,4,False,128,133
group2_15.png,group2_15,2,group2_23.png,group2_23,2,True,128,97
group2_15.png,group2_15,2,group2_3.png,group2_3,2,True,128,71
group2_15.png,group2_15,2,group4_13.jpg,group4_13,4,False,128,169
group2_15.png,group2_15,2,group4_17.jpg,group4_17,4,False,128,166
group2_15.png,group2_15,2,group4_3.jpg,group4_3,4,False,128,95
group2_16.png,group2_16,2,group2_26.png,group2_26,2,True,128,46
group2_16.png,group2_16,2,group2_38.png,group2_38,2,True,128,50
group2_16.png,group2_16,2,group2_42.png,group2_42,2,True,128,114
group2_16.png,group2_16,2,group2_7.png,group2_7,2,True,128,81
group2_16.png,group2_16,2,group3_15.png,group3_15,3,False,128,79
group2_16.png,group2_16,2,group3_21.png,group3_21,3,False,128,47
group2_16.png,group2_16,2,group3_23.png,group3_23,3,False,128,109
group2_16.png,group2_16,2,group4_10.jpg,group4_10,4,False,128,114
group2_16.png,group2_16,2,group4_13.jpg,group4_13,4,False,128,145
group2_16.png,group2_16,2,group4_18.jpg,group4_18,4,False,128,126
group2_16.png,group2_16,2,group4_21.jpg,group4_21,4,False,128,150
group2_16.png,group2_16,2,group4_7.jpg,group4_7,4,False,128,131
group2_17.png,group2_17,2,group3_14.png,group3_14,3,False,128,90
group2_17.png,group2_17,2,group3_25.png,group3_25,3,False,128,67
group2_17.png,group2_17,2,group4_14.jpg,group4_14,4,False,128,135
group2_17.png,group2_17,2,group4_30.jpg,group4_30,4,False,128,101
group2_18.png,group2_18,2,group2_28.png,group2_28,2,True,128,57
group2_18.png,group2_18,2,group3_28.png,group3_28,3,False,128,215
group2_18.png,group2_18,2,group4_21.jpg,group4_21,4,False,128,136
group2_18.png,group2_18,2,group4_24.jpg,group4_24,4,False,128,72
group2_18.png,group2_18,2,group4_27.jpg,group4_27,4,False,128,139
group2_18.png,group2_18,2,group4_7.jpg,group4_7,4,False,128,131
group2_19.png,group2_19,2,group2_40.png,group2_40,2,True,128,34
group2_19.png,group2_19,2,group3_20.png,group3_20,3,False,128,59
group2_19.png,group2_19,2,group3_24.png,group3_24,3,False,128,61
group2_19.png,group2_19,2,group4_21.jpg,group4_21,4,False,128,141
group2_19.png,group2_19,2,group4_3.jpg,group4_3,4,False,128,66
group2_19.png,group2_19,2,group4_6.jpg,group4_6,4,False,128,162
group2_2.png,group2_2,2,group2_28.png,group2_28,2,True,128,57
group2_2.png,group2_2,2,group2_3.png,group2_3,2,True,128,47
group2_2.png,group2_2,2,group2_43.png,group2_43,2,True,128,121
group2_2.png,group2_2,2,group3_16.png,group3_16,3,False,128,122
group2_2.png,group2_2,2,group4_17.jpg,group4_17,4,False,128,186
group2_2.png,group2_2,2,group4_6.jpg,group4_6,4,False,128,159
group2_20.png,group2_20,2,group2_39.png,group2_39,2,True,128,64
group2_20.png,group2_20,2,group3_2.jpg,group3_2,3,False,128,115
group2_20.png,group2_20,2,group4_19.jpg,group4_19,4,False,128,154
group2_20.png,group2_20,2,group4_23.jpg,group4_23,4,False,128,115
group2_21.png,group2_21,2,group2_29.png,group2_29,2,True,128,67
group2_21.png,group2_21,2,group3_29 2.png,group3_29 2,3,False,128,111
group2_21.png,group2_21,2,group3_5.jpg,group3_5,3,False,128,97
group2_21.png,group2_21,2,group4_12.jpg,group4_12,4,False,128,99
group2_22.png,group2_22,2,group4_12.jpg,group4_12,4,False,128,125
group2_22.png,group2_22,2,group4_3.jpg,group4_3,4,False,128,65
group2_22.png,group2_22,2,group4_30.jpg,group4_30,4,False,128,69
group2_22.png,group2_22,2,group4_5.jpg,group4_5,4,False,128,153
group2_22.png,group2_22,2,group4_6.jpg,group4_6,4,False,128,163
group2_23.png,group2_23,2,group2_8.png,group2_8,2,True,128,75
group2_23.png,group2_23,2,group3_11.jpg,group3_11,3,False,128,95
group2_23.png,group2_23,2,group3_29 2.png,group3_29 2,3,False,128,118
group2_23.png,group2_23,2,group3_3.jpg,group3_3,3,False,128,90
group2_23.png,group2_23,2,group4_11.jpg,group4_11,4,False,128,90
group2_23.png,group2_23,2,group4_13.jpg,group4_13,4,False,128,122
group2_23.png,group2_23,2,group4_20.jpg,group4_20,4,False,128,83
group2_23.png,group2_23,2,group4_7.jpg,group4_7,4,False,128,108
group2_24.png,group2_24,2,group2_36.png,group2_36,2,True,128,74
group2_24.png,group2_24,2,group2_40.png,group2_40,2,True,128,59
group2_24.png,group2_24,2,group3_20.png,group3_20,3,False,128,70
group2_24.png,group2_24,2,group3_24.png,group3_24,3,False,128,48
group2_24.png,group2_24,2,group3_26.png,group3_26,3,False,128,103
group2_24.png,group2_24,2,group3_30.png,group3_30,3,False,128,123
group2_25.png,group2_25,2,group3_20.png,group3_20,3,False,128,72
group2_26.png,group2_26,2,group3_14.png,group3_14,3,False,128,86
group2_26.png,group2_26,2,group3_22.png,group3_22,3,False,128,91
group2_26.png,group2_26,2,group4_12.jpg,group4_12,4,False,128,119
group2_26.png,group2_26,2,group4_9.jpg,group4_9,4,False,128,181
group2_27.png,group2_27,2,group2_45.png,group2_45,2,True,128,54
group2_27.png,group2_27,2,group3_23.png,group3_23,3,False,128,103
group2_27.png,group2_27,2,group3_29.png,group3_29,3,False,128,113
group2_27.png,group2_27,2,group4_7.jpg,group4_7,4,False,128,143
group2_28.png,group2_28,2,group2_41.png,group2_41,2,True,128,49
group2_28.png,group2_28,2,group3_21.png,group3_21,3,False,128,60
group2_29.png,group2_29,2,group2_3.png,group2_3,2,True,128,64
group2_29.png,group2_29,2,group2_30.png,group2_30,2,True,128,75
group2_29.png,group2_29,2,group3_11.jpg,group3_11,3,False,128,81
group2_29.png,group2_29,2,group3_23.png,group3_23,3,False,128,118
group2_29.png,group2_29,2,group3_6.jpg,group3_6,3,False,128,91
group2_29.png,group2_29,2,group4_12.jpg,group4_12,4,False,128,98
group2_29.png,group2_29,2,group4_15.jpg,group4_15,4,False,128,153
group2_29.png,group2_29,2,group4_18.jpg,group4_18,4,False,128,153
group2_3.png,group2_3,2,group4_24.jpg,group4_24,4,False,128,105
group2_30.png,group2_30,2,group3_10.jpg,group3_10,3,False,128,88
group2_30.png,group2_30,2,group3_11.jpg,group3_11,3,False,128,104
group2_30.png,group2_30,2,group3_25.png,group3_25,3,False,128,87
group2_30.png,group2_30,2,group3_30.png,group3_30,3,False,128,149
group2_30.png,group2_30,2,group4_16.jpg,group4_16,4,False,128,145
group2_30.png,group2_30,2,group4_4.jpg,group4_4,4,False,128,110
group2_31.png,group2_31,2,group2_45.png,group2_45,2,True,128,63
group2_31.png,group2_31,2,group4_11.jpg,group4_11,4,False,128,150
group2_31.png,group2_31,2,group4_19.jpg,group4_19,4,False,128,147
group2_31.png,group2_31,2,group4_8.jpg,group4_8,4,False,128,138
group2_32.png,group2_32,2,group3_22.png,group3_22,3,False,128,110
group2_32.png,group2_32,2,group3_29 2.png,group3_29 2,3,False,128,118
group2_33.png,group2_33,2,group3_26.png,group3_26,3,False,128,110
group2_33.png,group2_33,2,group4_10.jpg,group4_10,4,False,128,103
group2_33.png,group2_33,2,group4_18.jpg,group4_18,4,False,128,147
group2_33.png,group2_33,2,group4_29.jpg,group4_29,4,False,128,119
group2_33.png,group2_33,2,group4_30.jpg,group4_30,4,False,128,90
group2_34.png,group2_34,2,group2_37.png,group2_37,2,True,128,56
group2_35.png,group2_35,2,group3_15.png,group3_15,3,False,128,97
group2_35.png,group2_35,2,group4_28.jpg,group4_28,4,False,128,112
group2_35.png,group2_35,2,group4_30.jpg,group4_30,4,False,128,99
group2_36.png,group2_36,2,group2_41.png,group2_41,2,True,128,66
group2_36.png,group2_36,2,group2_8.png,group2_8,2,True,128,74
group2_36.png,group2_36,2,group3_1.jpg,group3_1,3,False,128,150
group2_36.png,group2_36,2,group3_17.png,group3_17,3,False,128,70
group2_36.png,group2_36,2,group3_9.jpg,group3_9,3,False,128,103
group2_36.png,group2_36,2,group4_13.jpg,group4_13,4,False,128,175
group2_37.png,group2_37,2,group4_10.jpg,group4_10,4,False,128,108
group2_37.png,group2_37,2,group4_14.jpg,group4_14,4,False,128,193
group2_37.png,group2_37,2,group4_27.jpg,group4_27,4,False,128,151
group2_37.png,group2_37,2,group4_4.jpg,group4_4,4,False,128,118
group2_37.png,group2_37,2,group4_6.jpg,group4_6,4,False,128,155
group2_38.png,group2_38,2,group2_40.png,group2_40,2,True,128,63
group2_38.png,group2_38,2,group4_14.jpg,group4_14,4,False,128,191
group2_38.png,group2_38,2,group4_18.jpg,group4_18,4,False,128,136
group2_38.png,group2_38,2,group4_19.jpg,group4_19,4,False,128,142
group2_39.png,group2_39,2,group3_6.jpg,group3_6,3,False,128,70
group2_39.png,group2_39,2,group4_10.jpg,group4_10,4,False,128,110
group2_39.png,group2_39,2,group4_17.jpg,group4_17,4,False,128,178
group2_4.png,group2_4,2,group3_5.jpg,group3_5,3,False,128,97
group2_4.png,group2_4,2,group4_8.jpg,group4_8,4,False,128,137
group2_40.png,group2_40,2,group3_11.jpg,group3_11,3,False,128,59
group2_40.png,group2_40,2,group4_26.jpg,group4_26,4,False,128,75
group2_41.png,group2_41,2,group3_1.jpg,group3_1,3,False,128,122
group2_41.png,group2_41,2,group3_10.jpg,group3_10,3,False,128,68
group2_41.png,group2_41,2,group3_13.png,group3_13,3,False,128,115
group2_41.png,group2_41,2,group3_2.jpg,group3_2,3,False,128,113
group2_41.png,group2_41,2,group3_22.png,group3_22,3,False,128,129
group2_41.png,group2_41,2,group4_11.jpg,group4_11,4,False,128,115
group2_42.png,group2_42,2,group2_44.png,group2_44,2,True,128,70
group2_42.png,group2_42,2,group3_12.png,group3_12,3,False,128,158
group2_42.png,group2_42,2,group3_15.png,group3_15,3,False,128,167
group2_42.png,group2_42,2,group3_17.png,group3_17,3,False,128,114
group2_42.png,group2_42,2,group3_25.png,group3_25,3,False,128,113
group2_42.png,group2_42,2,group4_12.jpg,group4_12,4,False,128,71
group2_42.png,group2_42,2,group4_5.jpg,group4_5,4,False,128,163
group2_42.png,group2_42,2,group4_9.jpg,group4_9,4,False,128,141
group2_43.png,group2_43,2,group3_12.png,group3_12,3,False,128,153
group2_43.png,group2_43,2,group4_16.jpg,group4_16,4,False,128,106
group2_43.png,group2_43,2,group4_20.jpg,group4_20,4,False,128,147
group2_43.png,group2_43,2,group4_4.jpg,group4_4,4,False,128,147
group2_44.png,group2_44,2,group2_45.png,group2_45,2,True,128,58
group2_44.png,group2_44,2,group3_30.png,group3_30,3,False,128,147
group2_44.png,group2_44,2,group3_7.jpg,group3_7,3,False,128,120
group2_44.png,group2_44,2,group3_8.jpg,group3_8,3,False,128,100
group2_45.png,group2_45,2,group3_15.png,group3_15,3,False,128,127
group2_45.png,group2_45,2,group4_12.jpg,group4_12,4,False,128,83
group2_45.png,group2_45,2,group4_13.jpg,group4_13,4,False,128,179
group2_45.png,group2_45,2,group4_20.jpg,group4_20,4,False,128,156
group2_45.png,group2_45,2,group4_21.jpg,group4_21,4,False,128,110
group2_45.png,group2_45,2,group4_25.jpg,group4_25,4,False,128,98
group2_45.png,group2_45,2,group4_28.jpg,group4_28,4,False,128,128
group2_5.png,group2_5,2,group3_28.png,group3_28,3,False,128,208
group2_5.png,group2_5,2,group3_29.png,group3_29,3,False,128,84
group2_5.png,group2_5,2,group3_30.png,group3_30,3,False,128,104
group2_5.png,group2_5,2,group3_5.jpg,group3_5,3,False,128,122
group2_5.png,group2_5,2,group3_8.jpg,group3_8,3,False,128,39
group2_6.png,group2_6,2,group3_19.png,group3_19,3,False,128,91
group2_6.png,group2_6,2,group4_9.jpg,group4_9,4,False,128,154
group2_7.png,group2_7,2,group3_17.png,group3_17,3,False,128,81
group2_7.png,group2_7,2,group4_1.jpg,group4_1,4,False,128,178
group2_7.png,group2_7,2,group4_16.jpg,group4_16,4,False,128,128
group2_7.png,group2_7,2,group4_20.jpg,group4_20,4,False,128,155
group2_9.png,group2_9,2,group3_23.png,group3_23,3,False,128,89
group2_9.png,group2_9,2,group3_25.png,group3_25,3,False,128,67
group2_9.png,group2_9,2,group4_30.jpg,group4_30,4,False,128,115
group2_9.png,group2_9,2,group4_9.jpg,group4_9,4,False,128,171
group3_1.jpg,group3_1,3,group3_16.png,group3_16,3,True,128,134
group3_1.jpg,group3_1,3,group3_21.png,group3_21,3,True,128,99
group3_1.jpg,group3_1,3,group3_9.jpg,group3_9,3,True,128,93
group3_1.jpg,group3_1,3,group4_17.jpg,group4_17,4,False,128,152
group3_1.jpg,group3_1,3,group4_25.jpg,group4_25,4,False,128,104
group3_1.jpg,group3_1,3,group4_28.jpg,group4_28,4,False,128,68
group3_1.jpg,group3_1,3,group4_4.jpg,group4_4,4,False,128,88
group3_1.jpg,group3_1,3,group4_7.jpg,group4_7,4,False,128,135
group3_10.jpg,group3_10,3,group3_23.png,group3_23,3,True,128,79
group3_10.jpg,group3_10,3,group4_11.jpg,group4_11,4,False,128,143
group3_10.jpg,group3_10,3,group4_12.jpg,group4_12,4,False,128,113
group3_10.jpg,group3_10,3,group4_15.jpg,group4_15,4,False,128,132
group3_10.jpg,group3_10,3,group4_23.jpg,group4_23,4,False,128,57
group3_11.jpg,group3_11,3,group3_15.png,group3_15,3,True,128,55
group3_11.jpg,group3_11,3,group4_14.jpg,group4_14,4,False,128,153
group3_11.jpg,group3_11,3,group4_9.jpg,group4_9,4,False,128,191
group3_12.png,group3_12,3,group3_18.png,group3_18,3,True,128,102
group3_12.png,group3_12,3,group4_10.jpg,group4_10,4,False,128,106
group3_12.png,group3_12,3,group4_8.jpg,group4_8,4,False,128,101
group3_13.png,group3_13,3,group4_16.jpg,group4_16,4,False,128,134
group3_13.png,group3_13,3,group4_20.jpg,group4_20,4,False,128,127
group3_13.png,group3_13,3,group4_25.jpg,group4_25,4,False,128,115
group3_13.png,group3_13,3,group4_26.jpg,group4_26,4,False,128,131
group3_14.png,group3_14,3,group3_22.png,group3_22,3,True,128,71
group3_14.png,group3_14,3,group4_4.jpg,group4_4,4,False,128,118
group3_15.png,group3_15,3,group3_26.png,group3_26,3,True,128,114
group3_15.png,group3_15,3,group4_6.jpg,group4_6,4,False,128,166
group3_16.png,group3_16,3,group3_23.png,group3_23,3,True,128,123
group3_16.png,group3_16,3,group3_30.png,group3_30,3,True,128,167
group3_16.png,group3_16,3,group4_18.jpg,group4_18,4,False,128,134
group3_16.png,group3_16,3,group4_24.jpg,group4_24,4,False,128,88
group3_16.png,group3_16,3,group4_25.jpg,group4_25,4,False,128,130
group3_17.png,group3_17,3,group4_16.jpg,group4_16,4,False,128,145
group3_17.png,group3_17,3,group4_4.jpg,group4_4,4,False,128,102
group3_17.png,group3_17,3,group4_5.jpg,group4_5,4,False,128,147
group3_18.png,group3_18,3,group4_22.jpg,group4_22,4,False,128,57
group3_18.png,group3_18,3,group4_3.jpg,group4_3,4,False,128,139
group3_18.png,group3_18,3,group4_5.jpg,group4_5,4,False,128,119
group3_19.png,group3_19,3,group4_15.jpg,group4_15,4,False,128,138
group3_19.png,group3_19,3,group4_21.jpg,group4_21,4,False,128,112
group3_19.png,group3_19,3,group4_27.jpg,group4_27,4,False,128,115
group3_19.png,group3_19,3,group4_7.jpg,group4_7,4,False,128,121
group3_2.jpg,group3_2,3,group4_27.jpg,group4_27,4,False,128,72
group3_2.jpg,group3_2,3,group4_28.jpg,group4_28,4,False,128,65
group3_2.jpg,group3_2,3,group4_5.jpg,group4_5,4,False,128,140
group3_20.png,group3_20,3,group4_17.jpg,group4_17,4,False,128,166
group3_21.png,group3_21,3,group3_26.png,group3_26,3,True,128,114
group3_21.png,group3_21,3,group4_17.jpg,group4_17,4,False,128,187
group3_21.png,group3_21,3,group4_25.jpg,group4_25,4,False,128,67
group3_21.png,group3_21,3,group4_4.jpg,group4_4,4,False,128,97
group3_22.png,group3_22,3,group3_8.jpg,group3_8,3,True,128,83
group3_22.png,group3_22,3,group4_4.jpg,group4_4,4,False,128,127
group3_23.png,group3_23,3,group3_26.png,group3_26,3,True,128,118
group3_23.png,group3_23,3,group4_16.jpg,group4_16,4,False,128,78
group3_23.png,group3_23,3,group4_25.jpg,group4_25,4,False,128,89
group3_23.png,group3_23,3,group4_3.jpg,group4_3,4,False,128,134
group3_24.png,group3_24,3,group3_5.jpg,group3_5,3,True,128,95
group3_24.png,group3_24,3,group4_7.jpg,group4_7,4,False,128,113
group3_24.png,group3_24,3,group4_8.jpg,group4_8,4,False,128,137
group3_25.png,group3_25,3,group3_26.png,group3_26,3,True,128,152
group3_25.png,group3_25,3,group4_13.jpg,group4_13,4,False,128,158
group3_25.png,group3_25,3,group4_14.jpg,group4_14,4,False,128,174
group3_25.png,group3_25,3,group4_25.jpg,group4_25,4,False,128,83
group3_26.png,group3_26,3,group3_9.jpg,group3_9,3,True,128,86
group3_27.png,group3_27,3,group4_19.jpg,group4_19,4,False,128,125
group3_27.png,group3_27,3,group4_27.jpg,group4_27,4,False,128,158
group3_29 2.png,group3_29 2,3,group4_1.jpg,group4_1,4,False,128,132
group3_29 2.png,group3_29 2,3,group4_18.jpg,group4_18,4,False,128,107
group3_29.png,group3_29,3,group3_30.png,group3_30,3,True,128,116
group3_29.png,group3_29,3,group4_14.jpg,group4_14,4,False,128,106
group3_29.png,group3_29,3,group4_30.jpg,group4_30,4,False,128,84
group3_29.png,group3_29,3,group4_8.jpg,group4_8,4,False,128,100
group3_3.jpg,group3_3,3,group4_16.jpg,group4_16,4,False,128,96
group3_3.jpg,group3_3,3,group4_3.jpg,group4_3,4,False,128,134
group3_3.jpg,group3_3,3,group4_30.jpg,group4_30,4,False,128,96
group3_3.jpg,group3_3,3,group4_6.jpg,group4_6,4,False,128,114
group3_30.png,group3_30,3,group3_7.jpg,group3_7,3,True,128,113
group3_30.png,group3_30,3,group4_12.jpg,group4_12,4,False,128,156
group3_30.png,group3_30,3,group4_14.jpg,group4_14,4,False,128,88
group3_30.png,group3_30,3,group4_27.jpg,group4_27,4,False,128,90
group3_30.png,group3_30,3,group4_30.jpg,group4_30,4,False,128,86
group3_30.png,group3_30,3,group4_7.jpg,group4_7,4,False,128,140
group3_5.jpg,group3_5,3,group3_8.jpg,group3_8,3,True,128,111
group3_5.jpg,group3_5,3,group4_23.jpg,group4_23,4,False,128,122
group3_5.jpg,group3_5,3,group4_26.jpg,group4_26,4,False,128,113
group3_6.jpg,group3_6,3,group4_10.jpg,group4_10,4,False,128,72
group3_6.jpg,group3_6,3,group4_15.jpg,group4_15,4,False,128,156
group3_6.jpg,group3_6,3,group4_23.jpg,group4_23,4,False,128,65
group3_6.jpg,group3_6,3,group4_29.jpg,group4_29,4,False,128,120
group3_7.jpg,group3_7,3,group4_18.jpg,group4_18,4,False,128,138
group3_7.jpg,group3_7,3,group4_26.jpg,group4_26,4,False,128,90
group3_8.jpg,group3_8,3,group4_20.jpg,group4_20,4,False,128,126
group3_9.jpg,group3_9,3,group4_21.jpg,group4_21,4,False,128,93
group3_9.jpg,group3_9,3,group4_22.jpg,group4_22,4,False,128,70
group3_9.jpg,group3_9,3,group4_5.jpg,group4_5,4,False,128,124
group4_1.jpg,group4_1,4,group4_16.jpg,group4_16,4,True,128,98
group4_10.jpg,group4_10,4,group4_13.jpg,group4_13,4,True,128,145
group4_10.jpg,group4_10,4,group4_6.jpg,group4_6,4,True,128,179
group4_10.jpg,group4_10,4,group4_8.jpg,group4_8,4,True,128,159
group4_12.jpg,group4_12,4,group4_13.jpg,group4_13,4,True,128,176
group4_12.jpg,group4_12,4,group4_26.jpg,group4_26,4,True,128,167
group4_12.jpg,group4_12,4,group4_28.jpg,group4_28,4,True,128,155
group4_13.jpg,group4_13,4,group4_28.jpg,group4_28,4,True,128,71
group4_13.jpg,group4_13,4,group4_5.jpg,group4_5,4,True,128,100
group4_14.jpg,group4_14,4,group4_18.jpg,group4_18,4,True,128,95
group4_14.jpg,group4_14,4,group4_21.jpg,group4_21,4,True,128,129
group4_14.jpg,group4_14,4,group4_26.jpg,group4_26,4,True,128,97
group4_14.jpg,group4_14,4,group4_27.jpg,group4_27,4,True,128,76
group4_14.jpg,group4_14,4,group4_28.jpg,group4_28,4,True,128,109
group4_15.jpg,group4_15,4,group4_17.jpg,group4_17,4,True,128,118
group4_15.jpg,group4_15,4,group4_28.jpg,group4_28,4,True,128,124
group4_16.jpg,group4_16,4,group4_21.jpg,group4_21,4,True,128,111
group4_16.jpg,group4_16,4,group4_25.jpg,group4_25,4,True,128,145
group4_17.jpg,group4_17,4,group4_22.jpg,group4_22,4,True,128,131
group4_17.jpg,group4_17,4,group4_6.jpg,group4_6,4,True,128,107
group4_18.jpg,group4_18,4,group4_6.jpg,group4_6,4,True,128,145
group4_19.jpg,group4_19,4,group4_27.jpg,group4_27,4,True,128,117
group4_19.jpg,group4_19,4,group4_8.jpg,group4_8,4,True,128,135
group4_20.jpg,group4_20,4,group4_26.jpg,group4_26,4,True,128,88
group4_20.jpg,group4_20,4,group4_29.jpg,group4_29,4,True,128,102
group4_20.jpg,group4_20,4,group4_5.jpg,group4_5,4,True,128,131
group4_21.jpg,group4_21,4,group4_27.jpg,group4_27,4,True,128,123
group4_21.jpg,group4_21,4,group4_5.jpg,group4_5,4,True,128,117
group4_23.jpg,group4_23,4,group4_5.jpg,group4_5,4,True,128,132
group4_24.jpg,group4_24,4,group4_6.jpg,group4_6,4,True,128,147
group4_25.jpg,group4_25,4,group4_29.jpg,group4_29,4,True,128,82
group4_26.jpg,group4_26,4,group4_3.jpg,group4_3,4,True,128,87
group4_26.jpg,group4_26,4,group4_4.jpg,group4_4,4,True,128,90
group4_28.jpg,group4_28,4,group4_30.jpg,group4_30,4,True,128,69
group4_29.jpg,group4_29,4,group4_5.jpg,group4_5,4,True,128,127
group4_3.jpg,group4_3,4,group4_4.jpg,group4_4,4,True,128,73
group1_1.jpeg,group1_1,1,group2_1.png,group2_1,2,False,130,110
group1_1.jpeg,group1_1,1,group3_11.jpg,group3_11,3,False,130,69
group1_1.jpeg,group1_1,1,group4_11.jpg,group4_11,4,False,130,152
group1_10.png,group1_10,1,group1_16.png,group1_16,1,True,130,89
group1_10.png,group1_10,1,group1_4.png,group1_4,1,True,130,90
group1_10.png,group1_10,1,group2_35.png,group2_35,2,False,130,61
group1_10.png,group1_10,1,group3_1.jpg,group3_1,3,False,130,147
group1_10.png,group1_10,1,group4_11.jpg,group4_11,4,False,130,142
group1_10.png,group1_10,1,group4_16.jpg,group4_16,4,False,130,126
group1_11.png,group1_11,1,group1_12.png,group1_12,1,True,130,74
group1_11.png,group1_11,1,group1_2.png,group1_2,1,True,130,72
group1_11.png,group1_11,1,group2_1.png,group2_1,2,False,130,89
group1_11.png,group1_11,1,group2_12.png,group2_12,2,False,130,170
group1_11.png,group1_11,1,group2_2.png,group2_2,2,False,130,28
group1_11.png,group1_11,1,group2_20.png,group2_20,2,False,130,74
group1_11.png,group1_11,1,group2_7.png,group2_7,2,False,130,85
group1_11.png,group1_11,1,group3_1.jpg,group3_1,3,False,130,92
group1_11.png,group1_11,1,group4_28.jpg,group4_28,4,False,130,86
group1_11.png,group1_11,1,group4_6.jpg,group4_6,4,False,130,167
group1_12.png,group1_12,1,group2_17.png,group2_17,2,False,130,112
group1_12.png,group1_12,1,group2_28.png,group2_28,2,False,130,87
group1_12.png,group1_12,1,group2_38.png,group2_38,2,False,130,66
group1_12.png,group1_12,1,group2_6.png,group2_6,2,False,130,59
group1_12.png,group1_12,1,group2_7.png,group2_7,2,False,130,51
group1_12.png,group1_12,1,group2_8.png,group2_8,2,False,130,86
group1_12.png,group1_12,1,group3_14.png,group3_14,3,False,130,120
group1_12.png,group1_12,1,group3_15.png,group3_15,3,False,130,121
group1_12.png,group1_12,1,group3_2.jpg,group3_2,3,False,130,113
group1_12.png,group1_12,1,group3_24.png,group3_24,3,False,130,88
group1_12.png,group1_12,1,group3_25.png,group3_25,3,False,130,73
group1_12.png,group1_12,1,group3_29 2.png,group3_29 2,3,False,130,117
group1_12.png,group1_12,1,group3_3.jpg,group3_3,3,False,130,113
group1_12.png,group1_12,1,group3_8.jpg,group3_8,3,False,130,90
group1_12.png,group1_12,1,group4_3.jpg,group4_3,4,False,130,101
group1_12.png,group1_12,1,group4_7.jpg,group4_7,4,False,130,121
group1_13.png,group1_13,1,group1_26.jpg,group1_26,1,True,130,83
group1_13.png,group1_13,1,group1_8.png,group1_8,1,True,130,59
group1_13.png,group1_13,1,group2_21.png,group2_21,2,False,130,54
group1_13.png,group1_13,1,group2_42.png,group2_42,2,False,130,72
group1_13.png,group1_13,1,group2_43.png,group2_43,2,False,130,115
group1_13.png,group1_13,1,group2_44.png,group2_44,2,False,130,76
group1_13.png,group1_13,1,group3_20.png,group3_20,3,False,130,64
group1_13.png,group1_13,1,group3_24.png,group3_24,3,False,130,82
group1_13.png,group1_13,1,group3_25.png,group3_25,3,False,130,87
group1_13.png,group1_13,1,group3_6.jpg,group3_6,3,False,130,98
group1_13.png,group1_13,1,group4_1.jpg,group4_1,4,False,130,207
group1_13.png,group1_13,1,group4_14.jpg,group4_14,4,False,130,193
group1_13.png,group1_13,1,group4_28.jpg,group4_28,4,False,130,126
group1_13.png,group1_13,1,group4_3.jpg,group4_3,4,False,130,99
group1_13.png,group1_13,1,group4_7.jpg,group4_7,4,False,130,129
group1_14.png,group1_14,1,group2_23.png,group2_23,2,False,130,91
group1_14.png,group1_14,1,group3_12.png,group3_12,3,False,130,134
group1_14.png,group1_14,1,group3_14.png,group3_14,3,False,130,116
group1_14.png,group1_14,1,group4_11.jpg,group4_11,4,False,130,143
group1_14.png,group1_14,1,group4_20.jpg,group4_20,4,False,130,152
group1_14.png,group1_14,1,group4_3.jpg,group4_3,4,False,130,91
group1_14.png,group1_14,1,group4_5.jpg,group4_5,4,False,130,175
group1_15.png,group1_15,1,group1_4.png,group1_4,1,True,130,82
group1_15.png,group1_15,1,group2_16.png,group2_16,2,False,130,75
group1_15.png,group1_15,1,group3_12.png,group3_12,3,False,130,117
group1_15.png,group1_15,1,group4_18.jpg,group4_18,4,False,130,159
group1_15.png,group1_15,1,group4_23.jpg,group4_23,4,False,130,120
group1_15.png,group1_15,1,group4_26.jpg,group4_26,4,False,130,133
group1_15.png,group1_15,1,group4_9.jpg,group4_9,4,False,130,176
group1_16.png,group1_16,1,group1_22.jpg,group1_22,1,True,130,60
group1_16.png,group1_16,1,group1_6.png,group1_6,1,True,130,61
group1_16.png,group1_16,1,group2_11.png,group2_11,2,False,130,92
group1_16.png,group1_16,1,group2_2.png,group2_2,2,False,130,30
group1_16.png,group1_16,1,group2_36.png,group2_36,2,False,130,70
group1_16.png,group1_16,1,group3_18.png,group3_18,3,False,130,86
group1_16.png,group1_16,1,group3_30.png,group3_30,3,False,130,113
group1_16.png,group1_16,1,group4_16.jpg,group4_16,4,False,130,145
group1_17.png,group1_17,1,group1_23.jpg,group1_23,1,True,130,91
group1_17.png,group1_17,1,group2_39.png,group2_39,2,False,130,69
group1_17.png,group1_17,1,group3_12.png,group3_12,3,False,130,143
group1_17.png,group1_17,1,group3_25.png,group3_25,3,False,130,56
group1_17.png,group1_17,1,group3_28.png,group3_28,3,False,130,212
group1_17.png,group1_17,1,group3_6.jpg,group3_6,3,False,130,71
group1_17.png,group1_17,1,group4_14.jpg,group4_14,4,False,130,184
group1_17.png,group1_17,1,group4_23.jpg,group4_23,4,False,130,100
group1_18.png,group1_18,1,group1_24.jpg,group1_24,1,True,130,71
group1_18.png,group1_18,1,group2_21.png,group2_21,2,False,130,79
group1_18.png,group1_18,1,group2_30.png,group2_30,2,False,130,85
group1_18.png,group1_18,1,group2_8.png,group2_8,2,False,130,103
group1_18.png,group1_18,1,group3_23.png,group3_23,3,False,130,136
group1_18.png,group1_18,1,group3_29 2.png,group3_29 2,3,False,130,108
group1_18.png,group1_18,1,group4_1.jpg,group4_1,4,False,130,180
group1_18.png,group1_18,1,group4_18.jpg,group4_18,4,False,130,101
group1_18.png,group1_18,1,group4_24.jpg,group4_24,4,False,130,91
group1_19.jpg,group1_19,1,group1_22.jpg,group1_22,1,True,130,67
group1_19.jpg,group1_19,1,group1_9.png,group1_9,1,True,130,42
group1_19.jpg,group1_19,1,group2_1.png,group2_1,2,False,130,136
group1_19.jpg,group1_19,1,group2_10.png,group2_10,2,False,130,48
group1_19.jpg,group1_19,1,group2_15.png,group2_15,2,False,130,53
group1_19.jpg,group1_19,1,group3_15.png,group3_15,3,False,130,94
group1_19.jpg,group1_19,1,group3_2.jpg,group3_2,3,False,130,116
group1_19.jpg,group1_19,1,group3_9.jpg,group3_9,3,False,130,94
group1_19.jpg,group1_19,1,group4_16.jpg,group4_16,4,False,130,158
group1_19.jpg,group1_19,1,group4_19.jpg,group4_19,4,False,130,137
group1_19.jpg,group1_19,1,group4_5.jpg,group4_5,4,False,130,156
group1_2.png,group1_2,1,group1_22.jpg,group1_22,1,True,130,80
group1_2.png,group1_2,1,group2_10.png,group2_10,2,False,130,55
group1_2.png,group1_2,1,group2_31.png,group2_31,2,False,130,55
group1_2.png,group1_2,1,group2_5.png,group2_5,2,False,130,83
group1_2.png,group1_2,1,group3_10.jpg,group3_10,3,False,130,86
group1_2.png,group1_2,1,group3_17.png,group3_17,3,False,130,66
group1_2.png,group1_2,1,group3_22.png,group3_22,3,False,130,115
group1_2.png,group1_2,1,group4_11.jpg,group4_11,4,False,130,131
group1_2.png,group1_2,1,group4_13.jpg,group4_13,4,False,130,163
group1_2.png,group1_2,1,group4_22.jpg,group4_22,4,False,130,125
group1_2.png,group1_2,1,group4_29.jpg,group4_29,4,False,130,138
group1_2.png,group1_2,1,group4_30.jpg,group4_30,4,False,130,109
group1_2.png,group1_2,1,group4_9.jpg,group4_9,4,False,130,183
group1_20.jpg,group1_20,1,group3_29.png,group3_29,3,False,130,111
group1_21.jpg,group1_21,1,group1_7.png,group1_7,1,True,130,60
group1_21.jpg,group1_21,1,group1_9.png,group1_9,1,True,130,57
group1_21.jpg,group1_21,1,group2_13.png,group2_13,2,False,130,42
group1_21.jpg,group1_21,1,group2_17.png,group2_17,2,False,130,108
group1_21.jpg,group1_21,1,group2_2.png,group2_2,2,False,130,72
group1_21.jpg,group1_21,1,group3_24.png,group3_24,3,False,130,92
group1_21.jpg,group1_21,1,group3_9.jpg,group3_9,3,False,130,117
group1_22.jpg,group1_22,1,group2_1.png,group2_1,2,False,130,105
group1_22.jpg,group1_22,1,group2_27.png,group2_27,2,False,130,82
group1_22.jpg,group1_22,1,group2_44.png,group2_44,2,False,130,106
group1_22.jpg,group1_22,1,group3_19.png,group3_19,3,False,130,126
group1_22.jpg,group1_22,1,group3_30.png,group3_30,3,False,130,127
group1_23.jpg,group1_23,1,group1_26.jpg,group1_26,1,True,130,53
group1_23.jpg,group1_23,1,group2_19.png,group2_19,2,False,130,51
group1_23.jpg,group1_23,1,group2_42.png,group2_42,2,False,130,128
group1_23.jpg,group1_23,1,group4_13.jpg,group4_13,4,False,130,119
group1_23.jpg,group1_23,1,group4_17.jpg,group4_17,4,False,130,182
group1_23.jpg,group1_23,1,group4_20.jpg,group4_20,4,False,130,106
group1_23.jpg,group1_23,1,group4_23.jpg,group4_23,4,False,130,75
group1_24.jpg,group1_24,1,group4_16.jpg,group4_16,4,False,130,159
group1_24.jpg,group1_24,1,group4_18.jpg,group4_18,4,False,130,154
group1_24.jpg,group1_24,1,group4_6.jpg,group4_6,4,False,130,157
group1_25.jpg,group1_25,1,group2_17.png,group2_17,2,False,130,92
group1_25.jpg,group1_25,1,group2_20.png,group2_20,2,False,130,66
group1_25.jpg,group1_25,1,group4_27.jpg,group4_27,4,False,130,121
group1_26.jpg,group1_26,1,group1_4.png,group1_4,1,True,130,60
group1_26.jpg,group1_26,1,group2_4.png,group2_4,2,False,130,67
group1_26.jpg,group1_26,1,group3_14.png,group3_14,3,False,130,83
group1_26.jpg,group1_26,1,group3_29.png,group3_29,3,False,130,62
group1_26.jpg,group1_26,1,group4_12.jpg,group4_12,4,False,130,134
group1_3.png,group1_3,1,group2_2.png,group2_2,2,False,130,89
group1_3.png,group1_3,1,group2_3.png,group2_3,2,False,130,70
group1_3.png,group1_3,1,group2_4.png,group2_4,2,False,130,71
group1_3.png,group1_3,1,group2_9.png,group2_9,2,False,130,53
group1_3.png,group1_3,1,group3_1.jpg,group3_1,3,False,130,127
group1_3.png,group1_3,1,group3_2.jpg,group3_2,3,False,130,106
group1_3.png,group1_3,1,group3_9.jpg,group3_9,3,False,130,102
group1_3.png,group1_3,1,group4_10.jpg,group4_10,4,False,130,111
group1_3.png,group1_3,1,group4_3.jpg,group4_3,4,False,130,102
group1_4.png,group1_4,1,group2_15.png,group2_15,2,False,130,71
group1_4.png,group1_4,1,group2_7.png,group2_7,2,False,130,90
group1_4.png,group1_4,1,group2_8.png,group2_8,2,False,130,73
group1_4.png,group1_4,1,group3_29 2.png,group3_29 2,3,False,130,72
group1_4.png,group1_4,1,group3_8.jpg,group3_8,3,False,130,43
group1_4.png,group1_4,1,group4_28.jpg,group4_28,4,False,130,87
group1_4.png,group1_4,1,group4_3.jpg,group4_3,4,False,130,64
group1_5.png,group1_5,1,group2_13.png,group2_13,2,False,130,40
group1_5.png,group1_5,1,group2_5.png,group2_5,2,False,130,43
group1_5.png,group1_5,1,group3_1.jpg,group3_1,3,False,130,124
group1_5.png,group1_5,1,group3_12.png,group3_12,3,False,130,122
group1_5.png,group1_5,1,group4_14.jpg,group4_14,4,False,130,177
group1_5.png,group1_5,1,group4_16.jpg,group4_16,4,False,130,163
group1_5.png,group1_5,1,group4_30.jpg,group4_30,4,False,130,83
group1_6.png,group1_6,1,group2_17.png,group2_17,2,False,130,91
group1_6.png,group1_6,1,group2_5.png,group2_5,2,False,130,64
group1_6.png,group1_6,1,group4_21.jpg,group4_21,4,False,130,143
group1_6.png,group1_6,1,group4_22.jpg,group4_22,4,False,130,134
group1_6.png,group1_6,1,group4_8.jpg,group4_8,4,False,130,122
group1_7.png,group1_7,1,group2_16.png,group2_16,2,False,130,66
group1_7.png,group1_7,1,group2_20.png,group2_20,2,False,130,64
group1_7.png,group1_7,1,group2_24.png,group2_24,2,False,130,58
group1_7.png,group1_7,1,group2_41.png,group2_41,2,False,130,70
group1_7.png,group1_7,1,group3_17.png,group3_17,3,False,130,84
group1_7.png,group1_7,1,group3_19.png,group3_19,3,False,130,78
group1_7.png,group1_7,1,group3_20.png,group3_20,3,False,130,78
group1_7.png,group1_7,1,group3_30.png,group3_30,3,False,130,143
group1_7.png,group1_7,1,group3_5.jpg,group3_5,3,False,130,115
group1_7.png,group1_7,1,group3_6.jpg,group3_6,3,False,130,98
group1_8.png,group1_8,1,group2_45.png,group2_45,2,False,130,49
group1_8.png,group1_8,1,group3_19.png,group3_19,3,False,130,97
group1_8.png,group1_8,1,group4_3.jpg,group4_3,4,False,130,124
group1_8.png,group1_8,1,group4_9.jpg,group4_9,4,False,130,178
group1_9.png,group1_9,1,group2_25.png,group2_25,2,False,130,49
group1_9.png,group1_9,1,group3_10.jpg,group3_10,3,False,130,85
group1_9.png,group1_9,1,group4_22.jpg,group4_22,4,False,130,130
group1_9.png,group1_9,1,group4_26.jpg,group4_26,4,False,130,145
group1_9.png,group1_9,1,group4_8.jpg,group4_8,4,False,130,136
group2_1.png,group2_1,2,group2_16.png,group2_16,2,True,130,115
group2_1.png,group2_1,2,group2_18.png,group2_18,2,True,130,127
group2_1.png,group2_1,2,group2_2.png,group2_2,2,True,130,81
group2_1.png,group2_1,2,group2_28.png,group2_28,2,True,130,114
group2_1.png,group2_1,2,group2_4.png,group2_4,2,True,130,91
group2_1.png,group2_1,2,group2_9.png,group2_9,2,True,130,133
group2_1.png,group2_1,2,group3_11.jpg,group3_11,3,False,130,65
group2_1.png,group2_1,2,group3_17.png,group3_17,3,False,130,109
group2_1.png,group2_1,2,group4_5.jpg,group4_5,4,False,130,118
group2_10.png,group2_10,2,group2_12.png,group2_12,2,True,130,129
group2_10.png,group2_10,2,group2_25.png,group2_25,2,True,130,53
group2_10.png,group2_10,2,group2_3.png,group2_3,2,True,130,72
group2_10.png,group2_10,2,group2_41.png,group2_41,2,True,130,61
group2_10.png,group2_10,2,group3_19.png,group3_19,3,False,130,75
group2_10.png,group2_10,2,group3_22.png,group3_22,3,False,130,102
group2_10.png,group2_10,2,group4_13.jpg,group4_13,4,False,130,152
group2_10.png,group2_10,2,group4_20.jpg,group4_20,4,False,130,125
group2_11.png,group2_11,2,group2_12.png,group2_12,2,True,130,88
group2_11.png,group2_11,2,group2_13.png,group2_13,2,True,130,60
group2_11.png,group2_11,2,group2_28.png,group2_28,2,True,130,77
group2_11.png,group2_11,2,group2_29.png,group2_29,2,True,130,87
group2_11.png,group2_11,2,group4_6.jpg,group4_6,4,False,130,147
group2_12.png,group2_12,2,group2_2.png,group2_2,2,True,130,152
group2_12.png,group2_12,2,group2_9.png,group2_9,2,True,130,108
group2_12.png,group2_12,2,group3_8.jpg,group3_8,3,False,130,166
group2_12.png,group2_12,2,group4_15.jpg,group4_15,4,False,130,160
group2_12.png,group2_12,2,group4_24.jpg,group4_24,4,False,130,122
group2_13.png,group2_13,2,group2_2.png,group2_2,2,True,130,56
group2_13.png,group2_13,2,group2_24.png,group2_24,2,True,130,58
group2_13.png,group2_13,2,group2_40.png,group2_40,2,True,130,47
group2_13.png,group2_13,2,group3_1.jpg,group3_1,3,False,130,124
group2_13.png,group2_13,2,group3_29.png,group3_29,3,False,130,99
group2_13.png,group2_13,2,group3_8.jpg,group3_8,3,False,130,58
group2_13.png,group2_13,2,group4_10.jpg,group4_10,4,False,130,96
group2_13.png,group2_13,2,group4_11.jpg,group4_11,4,False,130,145
group2_13.png,group2_13,2,group4_29.jpg,group4_29,4,False,130,120
group2_13.png,group2_13,2,group4_5.jpg,group4_5,4,False,130,165
group2_13.png,group2_13,2,group4_8.jpg,group4_8,4,False,130,139
group2_14.png,group2_14,2,group2_37.png,group2_37,2,True,130,39
group2_14.png,group2_14,2,group2_38.png,group2_38,2,True,130,39
group2_14.png,group2_14,2,group2_42.png,group2_42,2,True,130,89
group2_14.png,group2_14,2,group3_1.jpg,group3_1,3,False,130,137
group2_14.png,group2_14,2,group3_13.png,group3_13,3,False,130,102
group2_14.png,group2_14,2,group3_18.png,group3_18,3,False,130,109
group2_14.png,group2_14,2,group3_29 2.png,group3_29 2,3,False,130,102
group2_14.png,group2_14,2,group3_30.png,group3_30,3,False,130,140
group2_14.png,group2_14,2,group3_7.jpg,group3_7,3,False,130,99
group2_14.png,group2_14,2,group4_16.jpg,group4_16,4,False,130,148
group2_14.png,group2_14,2,group4_4.jpg,group4_4,4,False,130,105
group2_14.png,group2_14,2,group4_8.jpg,group4_8,4,False,130,134
group2_15.png,group2_15,2,group2_28.png,group2_28,2,True,130,69
group2_15.png,group2_15,2,group3_1.jpg,group3_1,3,False,130,142
group2_15.png,group2_15,2,group3_30.png,group3_30,3,False,130,139
group2_15.png,group2_15,2,group4_11.jpg,group4_11,4,False,130,149
group2_15.png,group2_15,2,group4_6.jpg,group4_6,4,False,130,161
group2_16.png,group2_16,2,group2_17.png,group2_17,2,True,130,96
group2_16.png,group2_16,2,group4_28.jpg,group4_28,4,False,130,122
group2_16.png,group2_16,2,group4_29.jpg,group4_29,4,False,130,120
group2_17.png,group2_17,2,group2_24.png,group2_24,2,True,130,114
group2_17.png,group2_17,2,group2_37.png,group2_37,2,True,130,96
group2_17.png,group2_17,2,group2_5.png,group2_5,2,True,130,79
group2_17.png,group2_17,2,group4_5.jpg,group4_5,4,False,130,101
group2_18.png,group2_18,2,group2_32.png,group2_32,2,True,130,41
group2_18.png,group2_18,2,group2_5.png,group2_5,2,True,130,57
group2_18.png,group2_18,2,group3_23.png,group3_23,3,False,130,103
group2_18.png,group2_18,2,group3_30.png,group3_30,3,False,130,139
group2_18.png,group2_18,2,group4_10.jpg,group4_10,4,False,130,120
group2_18.png,group2_18,2,group4_3.jpg,group4_3,4,False,130,91
group2_18.png,group2_18,2,group4_9.jpg,group4_9,4,False,130,193
group2_19.png,group2_19,2,group2_37.png,group2_37,2,True,130,51
group2_19.png,group2_19,2,group3_21.png,group3_21,3,False,130,32
group2_19.png,group2_19,2,group3_29 2.png,group3_29 2,3,False,130,88
group2_19.png,group2_19,2,group4_13.jpg,group4_13,4,False,130,140
group2_2.png,group2_2,2,group2_45.png,group2_45,2,True,130,76
group2_2.png,group2_2,2,group2_8.png,group2_8,2,True,130,64
group2_2.png,group2_2,2,group4_14.jpg,group4_14,4,False,130,169
group2_2.png,group2_2,2,group4_7.jpg,group4_7,4,False,130,133
group2_2.png,group2_2,2,group4_8.jpg,group4_8,4,False,130,143
group2_20.png,group2_20,2,group2_45.png,group2_45,2,True,130,50
group2_20.png,group2_20,2,group2_6.png,group2_6,2,True,130,47
group2_20.png,group2_20,2,group3_23.png,group3_23,3,False,130,89
group2_20.png,group2_20,2,group4_10.jpg,group4_10,4,False,130,108
group2_20.png,group2_20,2,group4_5.jpg,group4_5,4,False,130,155
group2_21.png,group2_21,2,group3_2.jpg,group3_2,3,False,130,89
group2_21.png,group2_21,2,group3_26.png,group3_26,3,False,130,133
group2_22.png,group2_22,2,group2_30.png,group2_30,2,True,130,70
group2_22.png,group2_22,2,group2_31.png,group2_31,2,True,130,41
group2_22.png,group2_22,2,group2_40.png,group2_40,2,True,130,25
group2_22.png,group2_22,2,group3_14.png,group3_14,3,False,130,74
group2_22.png,group2_22,2,group3_23.png,group3_23,3,False,130,95
group2_22.png,group2_22,2,group3_26.png,group3_26,3,False,130,107
group2_22.png,group2_22,2,group4_10.jpg,group4_10,4,False,130,108
group2_23.png,group2_23,2,group4_27.jpg,group4_27,4,False,130,132
group2_24.png,group2_24,2,group4_16.jpg,group4_16,4,False,130,135
group2_24.png,group2_24,2,group4_3.jpg,group4_3,4,False,130,89
group2_24.png,group2_24,2,group4_6.jpg,group4_6,4,False,130,143
group2_25.png,group2_25,2,group2_32.png,group2_32,2,True,130,45
group2_25.png,group2_25,2,group3_1.jpg,group3_1,3,False,130,114
group2_25.png,group2_25,2,group3_2.jpg,group3_2,3,False,130,101
group2_25.png,group2_25,2,group4_1.jpg,group4_1,4,False,130,203
group2_25.png,group2_25,2,group4_11.jpg,group4_11,4,False,130,145
group2_26.png,group2_26,2,group2_3.png,group2_3,2,True,130,53
group2_26.png,group2_26,2,group3_26.png,group3_26,3,False,130,117
group2_26.png,group2_26,2,group4_20.jpg,group4_20,4,False,130,144
group2_27.png,group2_27,2,group3_26.png,group3_26,3,False,130,121
group2_27.png,group2_27,2,group4_19.jpg,group4_19,4,False,130,140
group2_27.png,group2_27,2,group4_22.jpg,group4_22,4,False,130,129
group2_27.png,group2_27,2,group4_5.jpg,group4_5,4,False,130,173
group2_28.png,group2_28,2,group2_31.png,group2_31,2,True,130,54
group2_28.png,group2_28,2,group2_32.png,group2_32,2,True,130,56
group2_28.png,group2_28,2,group2_39.png,group2_39,2,True,130,59
group2_28.png,group2_28,2,group2_43.png,group2_43,2,True,130,114
group2_28.png,group2_28,2,group2_9.png,group2_9,2,True,130,65
group2_28.png,group2_28,2,group3_10.jpg,group3_10,3,False,130,55
group2_28.png,group2_28,2,group4_19.jpg,group4_19,4,False,130,133
group2_28.png,group2_28,2,group4_28.jpg,group4_28,4,False,130,113
group2_28.png,group2_28,2,group4_4.jpg,group4_4,4,False,130,107
group2_28.png,group2_28,2,group4_8.jpg,group4_8,4,False,130,116
group2_29.png,group2_29,2,group4_27.jpg,group4_27,4,False,130,138
group2_3.png,group2_3,2,group2_33.png,group2_33,2,True,130,56
group2_3.png,group2_3,2,group3_15.png,group3_15,3,False,130,94
group2_3.png,group2_3,2,group4_23.jpg,group4_23,4,False,130,86
group2_3.png,group2_3,2,group4_28.jpg,group4_28,4,False,130,111
group2_30.png,group2_30,2,group2_34.png,group2_34,2,True,130,54
group2_30.png,group2_30,2,group3_13.png,group3_13,3,False,130,103
group2_30.png,group2_30,2,group3_3.jpg,group3_3,3,False,130,117
group2_30.png,group2_30,2,group3_8.jpg,group3_8,3,False,130,88
group2_30.png,group2_30,2,group4_19.jpg,group4_19,4,False,130,150
group2_30.png,group2_30,2,group4_3.jpg,group4_3,4,False,130,105
group2_31.png,group2_31,2,group3_22.png,group3_22,3,False,130,108
group2_31.png,group2_31,2,group3_30.png,group3_30,3,False,130,126
group2_31.png,group2_31,2,group4_15.jpg,group4_15,4,False,130,161
group2_31.png,group2_31,2,group4_27.jpg,group4_27,4,False,130,134
group2_31.png,group2_31,2,group4_6.jpg,group4_6,4,False,130,166
group2_32.png,group2_32,2,group2_37.png,group2_37,2,True,130,45
group2_32.png,group2_32,2,group3_1.jpg,group3_1,3,False,130,121
group2_33.png,group2_33,2,group2_6.png,group2_6,2,True,130,68
group2_33.png,group2_33,2,group3_11.jpg,group3_11,3,False,130,71
group2_34.png,group2_34,2,group3_1.jpg,group3_1,3,False,130,136
group2_34.png,group2_34,2,group3_12.png,group3_12,3,False,130,126
group2_34.png,group2_34,2,group3_22.png,group3_22,3,False,130,103
group2_34.png,group2_34,2,group3_6.jpg,group3_6,3,False,130,94
group2_34.png,group2_34,2,group4_15.jpg,group4_15,4,False,130,162
group2_34.png,group2_34,2,group4_5.jpg,group4_5,4,False,130,151
group2_35.png,group2_35,2,group3_2.jpg,group3_2,3,False,130,103
group2_35.png,group2_35,2,group4_18.jpg,group4_18,4,False,130,162
group2_35.png,group2_35,2,group4_7.jpg,group4_7,4,False,130,123
group2_36.png,group2_36,2,group3_26.png,group3_26,3,False,130,123
group2_36.png,group2_36,2,group4_10.jpg,group4_10,4,False,130,100
group2_36.png,group2_36,2,group4_20.jpg,group4_20,4,False,130,148
group2_36.png,group2_36,2,group4_27.jpg,group4_27,4,False,130,157
group2_36.png,group2_36,2,group4_28.jpg,group4_28,4,False,130,138
group2_36.png,group2_36,2,group4_29.jpg,group4_29,4,False,130,138
group2_37.png,group2_37,2,group4_13.jpg,group4_13,4,False,130,173
group2_37.png,group2_37,2,group4_18.jpg,group4_18,4,False,130,162
group2_38.png,group2_38,2,group3_1.jpg,group3_1,3,False,130,120
group2_38.png,group2_38,2,group4_15.jpg,group4_15,4,False,130,152
group2_38.png,group2_38,2,group4_25.jpg,group4_25,4,False,130,74
group2_39.png,group2_39,2,group2_40.png,group2_40,2,True,130,57
group2_39.png,group2_39,2,group3_14.png,group3_14,3,False,130,98
group2_39.png,group2_39,2,group3_19.png,group3_19,3,False,130,72
group2_39.png,group2_39,2,group3_8.jpg,group3_8,3,False,130,52
group2_39.png,group2_39,2,group4_30.jpg,group4_30,4,False,130,83
group2_4.png,group2_4,2,group2_7.png,group2_7,2,True,130,71
group2_4.png,group2_4,2,group3_14.png,group3_14,3,False,130,78
group2_4.png,group2_4,2,group3_20.png,group3_20,3,False,130,68
group2_4.png,group2_4,2,group3_23.png,group3_23,3,False,130,93
group2_4.png,group2_4,2,group3_6.jpg,group3_6,3,False,130,64
group2_40.png,group2_40,2,group3_14.png,group3_14,3,False,130,77
group2_40.png,group2_40,2,group3_20.png,group3_20,3,False,130,79
group2_40.png,group2_40,2,group3_21.png,group3_21,3,False,130,40
group2_40.png,group2_40,2,group3_29 2.png,group3_29 2,3,False,130,70
group2_40.png,group2_40,2,group3_3.jpg,group3_3,3,False,130,110
group2_40.png,group2_40,2,group4_21.jpg,group4_21,4,False,130,137
group2_41.png,group2_41,2,group3_19.png,group3_19,3,False,130,94
group2_41.png,group2_41,2,group4_18.jpg,group4_18,4,False,130,164
group2_41.png,group2_41,2,group4_19.jpg,group4_19,4,False,130,122
group2_41.png,group2_41,2,group4_24.jpg,group4_24,4,False,130,92
group2_42.png,group2_42,2,group3_1.jpg,group3_1,3,False,130,148
group2_42.png,group2_42,2,group3_23.png,group3_23,3,False,130,97
group2_43.png,group2_43,2,group3_9.jpg,group3_9,3,False,130,126
group2_43.png,group2_43,2,group4_13.jpg,group4_13,4,False,130,146
group2_43.png,group2_43,2,group4_15.jpg,group4_15,4,False,130,167
group2_44.png,group2_44,2,group3_23.png,group3_23,3,False,130,115
group2_44.png,group2_44,2,group4_25.jpg,group4_25,4,False,130,118
group2_44.png,group2_44,2,group4_6.jpg,group4_6,4,False,130,139
group2_44.png,group2_44,2,group4_8.jpg,group4_8,4,False,130,137
group2_45.png,group2_45,2,group3_12.png,group3_12,3,False,130,128
group2_45.png,group2_45,2,group3_16.png,group3_16,3,False,130,80
group2_45.png,group2_45,2,group3_17.png,group3_17,3,False,130,86
group2_45.png,group2_45,2,group4_23.jpg,group4_23,4,False,130,123
group2_45.png,group2_45,2,group4_9.jpg,group4_9,4,False,130,163
group2_5.png,group2_5,2,group3_13.png,group3_13,3,False,130,140
group2_5.png,group2_5,2,group4_10.jpg,group4_10,4,False,130,107
group2_6.png,group2_6,2,group3_10.jpg,group3_10,3,False,130,103
group2_6.png,group2_6,2,group3_30.png,group3_30,3,False,130,162
group2_6.png,group2_6,2,group4_12.jpg,group4_12,4,False,130,88
group2_6.png,group2_6,2,group4_16.jpg,group4_16,4,False,130,132
group2_7.png,group2_7,2,group4_30.jpg,group4_30,4,False,130,126
group2_8.png,group2_8,2,group3_25.png,group3_25,3,False,130,87
group2_8.png,group2_8,2,group4_15.jpg,group4_15,4,False,130,144
group2_9.png,group2_9,2,group4_1.jpg,group4_1,4,False,130,197
group2_9.png,group2_9,2,group4_14.jpg,group4_14,4,False,130,215
group3_10.jpg,group3_10,3,group3_15.png,group3_15,3,True,130,67
group3_10.jpg,group3_10,3,group3_27.png,group3_27,3,True,130,219
group3_10.jpg,group3_10,3,group4_30.jpg,group4_30,4,False,130,65
group3_11.jpg,group3_11,3,group3_13.png,group3_13,3,True,130,143
group3_11.jpg,group3_11,3,group3_28.png,group3_28,3,True,130,187
group3_11.jpg,group3_11,3,group3_29.png,group3_29,3,True,130,93
group3_11.jpg,group3_11,3,group3_30.png,group3_30,3,True,130,113
group3_11.jpg,group3_11,3,group4_8.jpg,group4_8,4,False,130,121
group3_12.png,group3_12,3,group3_19.png,group3_19,3,True,130,136
group3_12.png,group3_12,3,group3_21.png,group3_21,3,True,130,103
group3_12.png,group3_12,3,group3_29 2.png,group3_29 2,3,True,130,63
group3_12.png,group3_12,3,group3_5.jpg,group3_5,3,True,130,113
group3_12.png,group3_12,3,group3_8.jpg,group3_8,3,True,130,84
group3_12.png,group3_12,3,group4_16.jpg,group4_16,4,False,130,157
group3_12.png,group3_12,3,group4_20.jpg,group4_20,4,False,130,98
group3_12.png,group3_12,3,group4_29.jpg,group4_29,4,False,130,98
group3_13.png,group3_13,3,group3_26.png,group3_26,3,True,130,114
group3_13.png,group3_13,3,group4_30.jpg,group4_30,4,False,130,136
group3_13.png,group3_13,3,group4_5.jpg,group4_5,4,False,130,116
group3_13.png,group3_13,3,group4_7.jpg,group4_7,4,False,130,122
group3_14.png,group3_14,3,group3_6.jpg,group3_6,3,True,130,82
group3_14.png,group3_14,3,group4_14.jpg,group4_14,4,False,130,147
group3_15.png,group3_15,3,group4_14.jpg,group4_14,4,False,130,120
group3_15.png,group3_15,3,group4_18.jpg,group4_18,4,False,130,105
group3_15.png,group3_15,3,group4_20.jpg,group4_20,4,False,130,111
group3_16.png,group3_16,3,group4_15.jpg,group4_15,4,False,130,128
group3_16.png,group3_16,3,group4_4.jpg,group4_4,4,False,130,138
group3_16.png,group3_16,3,group4_9.jpg,group4_9,4,False,130,161
group3_17.png,group3_17,3,group3_7.jpg,group3_7,3,True,130,86
group3_17.png,group3_17,3,group4_27.jpg,group4_27,4,False,130,123
group3_18.png,group3_18,3,group4_11.jpg,group4_11,4,False,130,127
group3_18.png,group3_18,3,group4_14.jpg,group4_14,4,False,130,131
group3_19.png,group3_19,3,group4_16.jpg,group4_16,4,False,130,123
group3_19.png,group3_19,3,group4_19.jpg,group4_19,4,False,130,114
group3_19.png,group3_19,3,group4_28.jpg,group4_28,4,False,130,118
group3_19.png,group3_19,3,group4_3.jpg,group4_3,4,False,130,113
group3_19.png,group3_19,3,group4_8.jpg,group4_8,4,False,130,157
group3_2.jpg,group3_2,3,group3_25.png,group3_25,3,True,130,112
group3_2.jpg,group3_2,3,group4_1.jpg,group4_1,4,False,130,136
group3_2.jpg,group3_2,3,group4_18.jpg,group4_18,4,False,130,157
group3_2.jpg,group3_2,3,group4_21.jpg,group4_21,4,False,130,101
group3_2.jpg,group3_2,3,group4_7.jpg,group4_7,4,False,130,114
group3_20.png,group3_20,3,group4_10.jpg,group4_10,4,False,130,108
group3_20.png,group3_20,3,group4_9.jpg,group4_9,4,False,130,163
group3_21.png,group3_21,3,group3_30.png,group3_30,3,True,130,114
group3_21.png,group3_21,3,group4_12.jpg,group4_12,4,False,130,120
group3_21.png,group3_21,3,group4_5.jpg,group4_5,4,False,130,152
group3_22.png,group3_22,3,group4_21.jpg,group4_21,4,False,130,85
group3_22.png,group3_22,3,group4_27.jpg,group4_27,4,False,130,94
group3_22.png,group3_22,3,group4_7.jpg,group4_7,4,False,130,114
group3_22.png,group3_22,3,group4_8.jpg,group4_8,4,False,130,162
group3_23.png,group3_23,3,group4_10.jpg,group4_10,4,False,130,135
group3_24.png,group3_24,3,group4_13.jpg,group4_13,4,False,130,113
group3_24.png,group3_24,3,group4_18.jpg,group4_18,4,False,130,152
group3_24.png,group3_24,3,group4_25.jpg,group4_25,4,False,130,86
group3_24.png,group3_24,3,group4_3.jpg,group4_3,4,False,130,97
group3_24.png,group3_24,3,group4_30.jpg,group4_30,4,False,130,65
group3_25.png,group3_25,3,group4_30.jpg,group4_30,4,False,130,98
group3_25.png,group3_25,3,group4_9.jpg,group4_9,4,False,130,166
group3_26.png,group3_26,3,group3_29.png,group3_29,3,True,130,88
group3_26.png,group3_26,3,group3_30.png,group3_30,3,True,130,112
group3_26.png,group3_26,3,group4_10.jpg,group4_10,4,False,130,167
group3_26.png,group3_26,3,group4_14.jpg,group4_14,4,False,130,104
group3_27.png,group3_27,3,group4_9.jpg,group4_9,4,False,130,60
group3_28.png,group3_28,3,group4_11.jpg,group4_11,4,False,130,118
group3_28.png,group3_28,3,group4_23.jpg,group4_23,4,False,130,176
group3_28.png,group3_28,3,group4_24.jpg,group4_24,4,False,130,167
group3_28.png,group3_28,3,group4_9.jpg,group4_9,4,False,130,54
group3_29 2.png,group3_29 2,3,group4_23.jpg,group4_23,4,False,130,88
group3_29 2.png,group3_29 2,3,group4_24.jpg,group4_24,4,False,130,123
group3_29 2.png,group3_29 2,3,group4_26.jpg,group4_26,4,False,130,81
group3_29 2.png,group3_29 2,3,group4_27.jpg,group4_27,4,False,130,94
group3_29 2.png,group3_29 2,3,group4_29.jpg,group4_29,4,False,130,97
group3_29 2.png,group3_29 2,3,group4_30.jpg,group4_30,4,False,130,82
group3_29.png,group3_29,3,group4_3.jpg,group4_3,4,False,130,80
group3_29.png,group3_29,3,group4_6.jpg,group4_6,4,False,130,128
group3_29.png,group3_29,3,group4_7.jpg,group4_7,4,False,130,150
group3_3.jpg,group3_3,3,group4_5.jpg,group4_5,4,False,130,116
group3_30.png,group3_30,3,group4_25.jpg,group4_25,4,False,130,103
group3_5.jpg,group3_5,3,group4_13.jpg,group4_13,4,False,130,122
group3_5.jpg,group3_5,3,group4_15.jpg,group4_15,4,False,130,171
group3_5.jpg,group3_5,3,group4_19.jpg,group4_19,4,False,130,131
group3_6.jpg,group3_6,3,group4_13.jpg,group4_13,4,False,130,129
group3_7.jpg,group3_7,3,group4_12.jpg,group4_12,4,False,130,123
group3_7.jpg,group3_7,3,group4_17.jpg,group4_17,4,False,130,168
group3_7.jpg,group3_7,3,group4_27.jpg,group4_27,4,False,130,109
group3_8.jpg,group3_8,3,group4_13.jpg,group4_13,4,False,130,115
group3_8.jpg,group3_8,3,group4_3.jpg,group4_3,4,False,130,89
group3_8.jpg,group3_8,3,group4_9.jpg,group4_9,4,False,130,173
group3_9.jpg,group3_9,3,group4_11.jpg,group4_11,4,False,130,142
group3_9.jpg,group3_9,3,group4_16.jpg,group4_16,4,False,130,128
group3_9.jpg,group3_9,3,group4_17.jpg,group4_17,4,False,130,157
group3_9.jpg,group3_9,3,group4_19.jpg,group4_19,4,False,130,121
group3_9.jpg,group3_9,3,group4_4.jpg,group4_4,4,False,130,117
group4_1.jpg,group4_1,4,group4_19.jpg,group4_19,4,True,130,139
group4_1.jpg,group4_1,4,group4_23.jpg,group4_23,4,True,130,166
group4_10.jpg,group4_10,4,group4_21.jpg,group4_21,4,True,130,102
group4_10.jpg,group4_10,4,group4_22.jpg,group4_22,4,True,130,139
group4_10.jpg,group4_10,4,group4_9.jpg,group4_9,4,True,130,145
group4_11.jpg,group4_11,4,group4_23.jpg,group4_23,4,True,130,144
group4_11.jpg,group4_11,4,group4_26.jpg,group4_26,4,True,130,125
group4_11.jpg,group4_11,4,group4_8.jpg,group4_8,4,True,130,96
group4_12.jpg,group4_12,4,group4_15.jpg,group4_15,4,True,130,133
group4_12.jpg,group4_12,4,group4_18.jpg,group4_18,4,True,130,143
group4_13.jpg,group4_13,4,group4_24.jpg,group4_24,4,True,130,139
group4_13.jpg,group4_13,4,group4_27.jpg,group4_27,4,True,130,42
group4_14.jpg,group4_14,4,group4_16.jpg,group4_16,4,True,130,126
group4_14.jpg,group4_14,4,group4_4.jpg,group4_4,4,True,130,103
group4_15.jpg,group4_15,4,group4_23.jpg,group4_23,4,True,130,131
group4_15.jpg,group4_15,4,group4_27.jpg,group4_27,4,True,130,103
group4_15.jpg,group4_15,4,group4_7.jpg,group4_7,4,True,130,143
group4_16.jpg,group4_16,4,group4_22.jpg,group4_22,4,True,130,98
group4_17.jpg,group4_17,4,group4_21.jpg,group4_21,4,True,130,108
group4_17.jpg,group4_17,4,group4_3.jpg,group4_3,4,True,130,169
group4_17.jpg,group4_17,4,group4_5.jpg,group4_5,4,True,130,119
group4_18.jpg,group4_18,4,group4_23.jpg,group4_23,4,True,130,133
group4_20.jpg,group4_20,4,group4_22.jpg,group4_22,4,True,130,109
group4_22.jpg,group4_22,4,group4_28.jpg,group4_28,4,True,130,53
group4_23.jpg,group4_23,4,group4_27.jpg,group4_27,4,True,130,78
group4_23.jpg,group4_23,4,group4_29.jpg,group4_29,4,True,130,73
group4_24.jpg,group4_24,4,group4_3.jpg,group4_3,4,True,130,127
group4_24.jpg,group4_24,4,group4_7.jpg,group4_7,4,True,130,117
group4_27.jpg,group4_27,4,group4_7.jpg,group4_7,4,True,130,142
group4_27.jpg,group4_27,4,group4_8.jpg,group4_8,4,True,130,108
group4_28.jpg,group4_28,4,group4_5.jpg,group4_5,4,True,130,105
group4_29.jpg,group4_29,4,group4_6.jpg,group4_6,4,True,130,131
group4_30.jpg,group4_30,4,group4_6.jpg,group4_6,4,True,130,150
group1_1.jpeg,group1_1,1,group2_20.png,group2_20,2,False,132,61
group1_1.jpeg,group1_1,1,group2_7.png,group2_7,2,False,132,68
group1_1.jpeg,group1_1,1,group2_9.png,group2_9,2,False,132,55
group1_1.jpeg,group1_1,1,group3_13.png,group3_13,3,False,132,110
group1_1.jpeg,group1_1,1,group3_23.png,group3_23,3,False,132,120
group1_1.jpeg,group1_1,1,group3_29.png,group3_29,3,False,132,94
group1_1.jpeg,group1_1,1,group3_3.jpg,group3_3,3,False,132,136
group1_1.jpeg,group1_1,1,group4_12.jpg,group4_12,4,False,132,106
group1_1.jpeg,group1_1,1,group4_19.jpg,group4_19,4,False,132,143
group1_1.jpeg,group1_1,1,group4_21.jpg,group4_21,4,False,132,137
group1_10.png,group1_10,1,group1_18.png,group1_18,1,True,132,98
group1_10.png,group1_10,1,group1_19.jpg,group1_19,1,True,132,50
group1_10.png,group1_10,1,group2_1.png,group2_1,2,False,132,144
group1_10.png,group1_10,1,group2_12.png,group2_12,2,False,132,89
group1_10.png,group1_10,1,group2_23.png,group2_23,2,False,132,92
group1_10.png,group1_10,1,group2_28.png,group2_28,2,False,132,86
group1_10.png,group1_10,1,group2_34.png,group2_34,2,False,132,51
group1_10.png,group1_10,1,group2_40.png,group2_40,2,False,132,92
group1_10.png,group1_10,1,group3_25.png,group3_25,3,False,132,74
group1_10.png,group1_10,1,group4_10.jpg,group4_10,4,False,132,117
group1_11.png,group1_11,1,group1_6.png,group1_6,1,True,132,63
group1_11.png,group1_11,1,group3_13.png,group3_13,3,False,132,139
group1_11.png,group1_11,1,group3_19.png,group3_19,3,False,132,86
group1_11.png,group1_11,1,group3_25.png,group3_25,3,False,132,65
group1_11.png,group1_11,1,group3_3.jpg,group3_3,3,False,132,105
group1_11.png,group1_11,1,group4_17.jpg,group4_17,4,False,132,202
group1_11.png,group1_11,1,group4_19.jpg,group4_19,4,False,132,128
group1_12.png,group1_12,1,group1_26.jpg,group1_26,1,True,132,95
group1_12.png,group1_12,1,group2_13.png,group2_13,2,False,132,58
group1_12.png,group1_12,1,group2_21.png,group2_21,2,False,132,54
group1_12.png,group1_12,1,group3_17.png,group3_17,3,False,132,64
group1_12.png,group1_12,1,group3_18.png,group3_18,3,False,132,100
group1_12.png,group1_12,1,group3_7.jpg,group3_7,3,False,132,100
group1_12.png,group1_12,1,group4_27.jpg,group4_27,4,False,132,157
group1_13.png,group1_13,1,group1_5.png,group1_5,1,True,132,50
group1_13.png,group1_13,1,group2_1.png,group2_1,2,False,132,109
group1_13.png,group1_13,1,group4_17.jpg,group4_17,4,False,132,176
group1_13.png,group1_13,1,group4_21.jpg,group4_21,4,False,132,130
group1_13.png,group1_13,1,group4_5.jpg,group4_5,4,False,132,187
group1_14.png,group1_14,1,group2_16.png,group2_16,2,False,132,42
group1_14.png,group1_14,1,group2_32.png,group2_32,2,False,132,27
group1_14.png,group1_14,1,group3_22.png,group3_22,3,False,132,117
group1_14.png,group1_14,1,group3_26.png,group3_26,3,False,132,119
group1_14.png,group1_14,1,group4_26.jpg,group4_26,4,False,132,124
group1_14.png,group1_14,1,group4_7.jpg,group4_7,4,False,132,137
group1_15.png,group1_15,1,group1_3.png,group1_3,1,True,132,48
group1_15.png,group1_15,1,group2_14.png,group2_14,2,False,132,46
group1_15.png,group1_15,1,group2_31.png,group2_31,2,False,132,58
group1_15.png,group1_15,1,group2_5.png,group2_5,2,False,132,86
group1_15.png,group1_15,1,group3_16.png,group3_16,3,False,132,71
group1_16.png,group1_16,1,group2_40.png,group2_40,2,False,132,17
group1_16.png,group1_16,1,group3_1.jpg,group3_1,3,False,132,88
group1_16.png,group1_16,1,group4_21.jpg,group4_21,4,False,132,128
group1_16.png,group1_16,1,group4_4.jpg,group4_4,4,False,132,86
group1_17.png,group1_17,1,group1_6.png,group1_6,1,True,132,84
group1_17.png,group1_17,1,group3_18.png,group3_18,3,False,132,117
group1_17.png,group1_17,1,group3_30.png,group3_30,3,False,132,130
group1_18.png,group1_18,1,group1_20.jpg,group1_20,1,True,132,81
group1_18.png,group1_18,1,group1_25.jpg,group1_25,1,True,132,73
group1_18.png,group1_18,1,group1_7.png,group1_7,1,True,132,93
group1_18.png,group1_18,1,group2_20.png,group2_20,2,False,132,93
group1_18.png,group1_18,1,group2_27.png,group2_27,2,False,132,73
group1_18.png,group1_18,1,group2_3.png,group2_3,2,False,132,102
group1_18.png,group1_18,1,group2_37.png,group2_37,2,False,132,81
group1_18.png,group1_18,1,group2_42.png,group2_42,2,False,132,121
group1_18.png,group1_18,1,group3_11.jpg,group3_11,3,False,132,89
group1_18.png,group1_18,1,group3_16.png,group3_16,3,False,132,109
group1_18.png,group1_18,1,group3_28.png,group3_28,3,False,132,182
group1_18.png,group1_18,1,group4_21.jpg,group4_21,4,False,132,115
group1_18.png,group1_18,1,group4_28.jpg,group4_28,4,False,132,123
group1_18.png,group1_18,1,group4_7.jpg,group4_7,4,False,132,172
group1_19.jpg,group1_19,1,group4_14.jpg,group4_14,4,False,132,186
group1_19.jpg,group1_19,1,group4_27.jpg,group4_27,4,False,132,144
group1_19.jpg,group1_19,1,group4_3.jpg,group4_3,4,False,132,104
group1_2.png,group1_2,1,group3_28.png,group3_28,3,False,132,197
group1_2.png,group1_2,1,group4_24.jpg,group4_24,4,False,132,78
group1_2.png,group1_2,1,group4_25.jpg,group4_25,4,False,132,108
group1_2.png,group1_2,1,group4_6.jpg,group4_6,4,False,132,145
group1_20.jpg,group1_20,1,group2_7.png,group2_7,2,False,132,61
group1_20.jpg,group1_20,1,group3_5.jpg,group3_5,3,False,132,97
group1_20.jpg,group1_20,1,group3_7.jpg,group3_7,3,False,132,76
group1_20.jpg,group1_20,1,group3_8.jpg,group3_8,3,False,132,62
group1_20.jpg,group1_20,1,group4_10.jpg,group4_10,4,False,132,118
group1_20.jpg,group1_20,1,group4_16.jpg,group4_16,4,False,132,161
group1_20.jpg,group1_20,1,group4_6.jpg,group4_6,4,False,132,159
group1_21.jpg,group1_21,1,group2_12.png,group2_12,2,False,132,126
group1_21.jpg,group1_21,1,group2_22.png,group2_22,2,False,132,72
group1_21.jpg,group1_21,1,group3_13.png,group3_13,3,False,132,115
group1_21.jpg,group1_21,1,group3_22.png,group3_22,3,False,132,123
group1_21.jpg,group1_21,1,group3_29.png,group3_29,3,False,132,107
group1_21.jpg,group1_21,1,group4_5.jpg,group4_5,4,False,132,177
group1_21.jpg,group1_21,1,group4_7.jpg,group4_7,4,False,132,125
group1_22.jpg,group1_22,1,group1_26.jpg,group1_26,1,True,132,37
group1_22.jpg,group1_22,1,group2_14.png,group2_14,2,False,132,85
group1_22.jpg,group1_22,1,group2_25.png,group2_25,2,False,132,68
group1_22.jpg,group1_22,1,group3_16.png,group3_16,3,False,132,110
group1_22.jpg,group1_22,1,group3_27.png,group3_27,3,False,132,197
group1_22.jpg,group1_22,1,group4_11.jpg,group4_11,4,False,132,129
group1_22.jpg,group1_22,1,group4_12.jpg,group4_12,4,False,132,123
group1_22.jpg,group1_22,1,group4_17.jpg,group4_17,4,False,132,184
group1_22.jpg,group1_22,1,group4_23.jpg,group4_23,4,False,132,95
group1_23.jpg,group1_23,1,group2_1.png,group2_1,2,False,132,101
group1_23.jpg,group1_23,1,group2_17.png,group2_17,2,False,132,102
group1_23.jpg,group1_23,1,group2_21.png,group2_21,2,False,132,70
group1_23.jpg,group1_23,1,group2_27.png,group2_27,2,False,132,68
group1_23.jpg,group1_23,1,group4_12.jpg,group4_12,4,False,132,111
group1_23.jpg,group1_23,1,group4_16.jpg,group4_16,4,False,132,143
group1_24.jpg,group1_24,1,group2_1.png,group2_1,2,False,132,103
group1_24.jpg,group1_24,1,group2_28.png,group2_28,2,False,132,43
group1_24.jpg,group1_24,1,group2_40.png,group2_40,2,False,132,35
group1_24.jpg,group1_24,1,group3_19.png,group3_19,3,False,132,72
group1_24.jpg,group1_24,1,group4_25.jpg,group4_25,4,False,132,82
group1_24.jpg,group1_24,1,group4_26.jpg,group4_26,4,False,132,92
group1_24.jpg,group1_24,1,group4_4.jpg,group4_4,4,False,132,96
group1_25.jpg,group1_25,1,group1_9.png,group1_9,1,True,132,55
group1_25.jpg,group1_25,1,group2_38.png,group2_38,2,False,132,42
group1_25.jpg,group1_25,1,group3_2.jpg,group3_2,3,False,132,99
group1_25.jpg,group1_25,1,group3_20.png,group3_20,3,False,132,64
group1_25.jpg,group1_25,1,group3_24.png,group3_24,3,False,132,60
group1_25.jpg,group1_25,1,group3_29 2.png,group3_29 2,3,False,132,91
group1_25.jpg,group1_25,1,group3_6.jpg,group3_6,3,False,132,60
group1_25.jpg,group1_25,1,group3_7.jpg,group3_7,3,False,132,68
group1_25.jpg,group1_25,1,group4_28.jpg,group4_28,4,False,132,108
group1_25.jpg,group1_25,1,group4_3.jpg,group4_3,4,False,132,73
group1_26.jpg,group1_26,1,group1_5.png,group1_5,1,True,132,67
group1_26.jpg,group1_26,1,group1_9.png,group1_9,1,True,132,98
group1_26.jpg,group1_26,1,group3_13.png,group3_13,3,False,132,108
group1_26.jpg,group1_26,1,group3_18.png,group3_18,3,False,132,93
group1_26.jpg,group1_26,1,group3_29 2.png,group3_29 2,3,False,132,66
group1_26.jpg,group1_26,1,group3_8.jpg,group3_8,3,False,132,57
group1_26.jpg,group1_26,1,group4_21.jpg,group4_21,4,False,132,135
group1_3.png,group1_3,1,group2_21.png,group2_21,2,False,132,61
group1_3.png,group1_3,1,group2_44.png,group2_44,2,False,132,47
group1_3.png,group1_3,1,group4_14.jpg,group4_14,4,False,132,180
group1_3.png,group1_3,1,group4_15.jpg,group4_15,4,False,132,167
group1_3.png,group1_3,1,group4_17.jpg,group4_17,4,False,132,175
group1_4.png,group1_4,1,group2_10.png,group2_10,2,False,132,72
group1_4.png,group1_4,1,group2_11.png,group2_11,2,False,132,107
group1_4.png,group1_4,1,group2_38.png,group2_38,2,False,132,61
group1_4.png,group1_4,1,group3_22.png,group3_22,3,False,132,96
group1_4.png,group1_4,1,group4_14.jpg,group4_14,4,False,132,150
group1_5.png,group1_5,1,group2_28.png,group2_28,2,False,132,37
group1_5.png,group1_5,1,group2_39.png,group2_39,2,False,132,26
group1_5.png,group1_5,1,group4_21.jpg,group4_21,4,False,132,146
group1_5.png,group1_5,1,group4_3.jpg,group4_3,4,False,132,79
group1_5.png,group1_5,1,group4_9.jpg,group4_9,4,False,132,193
group1_6.png,group1_6,1,group4_15.jpg,group4_15,4,False,132,143
group1_6.png,group1_6,1,group4_16.jpg,group4_16,4,False,132,178
group1_7.png,group1_7,1,group2_12.png,group2_12,2,False,132,102
group1_7.png,group1_7,1,group2_17.png,group2_17,2,False,132,110
group1_7.png,group1_7,1,group2_22.png,group2_22,2,False,132,68
group1_7.png,group1_7,1,group2_31.png,group2_31,2,False,132,53
group1_7.png,group1_7,1,group4_16.jpg,group4_16,4,False,132,139
group1_7.png,group1_7,1,group4_6.jpg,group4_6,4,False,132,145
group1_8.png,group1_8,1,group3_23.png,group3_23,3,False,132,114
group1_8.png,group1_8,1,group3_5.jpg,group3_5,3,False,132,70
group1_8.png,group1_8,1,group4_1.jpg,group4_1,4,False,132,182
group1_8.png,group1_8,1,group4_14.jpg,group4_14,4,False,132,198
group1_8.png,group1_8,1,group4_23.jpg,group4_23,4,False,132,122
group1_9.png,group1_9,1,group2_17.png,group2_17,2,False,132,123
group1_9.png,group1_9,1,group2_3.png,group2_3,2,False,132,64
group1_9.png,group1_9,1,group3_23.png,group3_23,3,False,132,96
group1_9.png,group1_9,1,group4_11.jpg,group4_11,4,False,132,126
group1_9.png,group1_9,1,group4_5.jpg,group4_5,4,False,132,170
group1_9.png,group1_9,1,group4_6.jpg,group4_6,4,False,132,144
group2_1.png,group2_1,2,group2_14.png,group2_14,2,True,132,132
group2_1.png,group2_1,2,group2_26.png,group2_26,2,True,132,95
group2_1.png,group2_1,2,group2_35.png,group2_35,2,True,132,139
group2_1.png,group2_1,2,group2_41.png,group2_41,2,True,132,135
group2_1.png,group2_1,2,group3_14.png,group3_14,3,False,132,103
group2_1.png,group2_1,2,group3_25.png,group3_25,3,False,132,130
group2_1.png,group2_1,2,group4_13.jpg,group4_13,4,False,132,84
group2_1.png,group2_1,2,group4_19.jpg,group4_19,4,False,132,115
group2_1.png,group2_1,2,group4_20.jpg,group4_20,4,False,132,119
group2_1.png,group2_1,2,group4_22.jpg,group4_22,4,False,132,96
group2_1.png,group2_1,2,group4_28.jpg,group4_28,4,False,132,59
group2_1.png,group2_1,2,group4_30.jpg,group4_30,4,False,132,60
group2_10.png,group2_10,2,group3_1.jpg,group3_1,3,False,132,125
group2_10.png,group2_10,2,group3_11.jpg,group3_11,3,False,132,85
group2_10.png,group2_10,2,group3_30.png,group3_30,3,False,132,136
group2_11.png,group2_11,2,group4_1.jpg,group4_1,4,False,132,177
group2_11.png,group2_11,2,group4_15.jpg,group4_15,4,False,132,160
group2_12.png,group2_12,2,group2_38.png,group2_38,2,True,132,130
group2_12.png,group2_12,2,group3_13.png,group3_13,3,False,132,87
group2_12.png,group2_12,2,group3_16.png,group3_16,3,False,132,80
group2_12.png,group2_12,2,group3_18.png,group3_18,3,False,132,112
group2_12.png,group2_12,2,group3_21.png,group3_21,3,False,132,163
group2_13.png,group2_13,2,group2_23.png,group2_23,2,True,132,97
group2_13.png,group2_13,2,group2_34.png,group2_34,2,True,132,62
group2_13.png,group2_13,2,group3_9.jpg,group3_9,3,False,132,93
group2_13.png,group2_13,2,group4_21.jpg,group4_21,4,False,132,136
group2_13.png,group2_13,2,group4_28.jpg,group4_28,4,False,132,118
group2_14.png,group2_14,2,group2_2.png,group2_2,2,True,132,65
group2_14.png,group2_14,2,group4_19.jpg,group4_19,4,False,132,153
group2_14.png,group2_14,2,group4_20.jpg,group4_20,4,False,132,145
group2_14.png,group2_14,2,group4_21.jpg,group4_21,4,False,132,119
group2_14.png,group2_14,2,group4_24.jpg,group4_24,4,False,132,81
group2_15.png,group2_15,2,group4_20.jpg,group4_20,4,False,132,158
group2_15.png,group2_15,2,group4_9.jpg,group4_9,4,False,132,171
group2_16.png,group2_16,2,group2_37.png,group2_37,2,True,132,68
group2_16.png,group2_16,2,group3_10.jpg,group3_10,3,False,132,46
group2_16.png,group2_16,2,group3_14.png,group3_14,3,False,132,102
group2_16.png,group2_16,2,group3_18.png,group3_18,3,False,132,114
group2_16.png,group2_16,2,group3_6.jpg,group3_6,3,False,132,58
group2_16.png,group2_16,2,group3_7.jpg,group3_7,3,False,132,70
group2_16.png,group2_16,2,group4_24.jpg,group4_24,4,False,132,98
group2_16.png,group2_16,2,group4_9.jpg,group4_9,4,False,132,195
group2_17.png,group2_17,2,group2_34.png,group2_34,2,True,132,102
group2_17.png,group2_17,2,group3_12.png,group3_12,3,False,132,98
group2_17.png,group2_17,2,group3_17.png,group3_17,3,False,132,98
group2_17.png,group2_17,2,group3_28.png,group3_28,3,False,132,159
group2_17.png,group2_17,2,group3_3.jpg,group3_3,3,False,132,131
group2_18.png,group2_18,2,group3_2.jpg,group3_2,3,False,132,111
group2_18.png,group2_18,2,group3_26.png,group3_26,3,False,132,107
group2_18.png,group2_18,2,group3_5.jpg,group3_5,3,False,132,95
group2_18.png,group2_18,2,group4_26.jpg,group4_26,4,False,132,122
group2_19.png,group2_19,2,group2_38.png,group2_38,2,True,132,41
group2_19.png,group2_19,2,group3_19.png,group3_19,3,False,132,79
group2_2.png,group2_2,2,group3_26.png,group3_26,3,False,132,113
group2_2.png,group2_2,2,group4_18.jpg,group4_18,4,False,132,146
group2_20.png,group2_20,2,group2_23.png,group2_23,2,True,132,95
group2_20.png,group2_20,2,group3_1.jpg,group3_1,3,False,132,156
group2_20.png,group2_20,2,group3_17.png,group3_17,3,False,132,64
group2_20.png,group2_20,2,group4_11.jpg,group4_11,4,False,132,149
group2_20.png,group2_20,2,group4_7.jpg,group4_7,4,False,132,123
group2_21.png,group2_21,2,group3_14.png,group3_14,3,False,132,96
group2_21.png,group2_21,2,group4_13.jpg,group4_13,4,False,132,163
group2_22.png,group2_22,2,group4_13.jpg,group4_13,4,False,132,129
group2_22.png,group2_22,2,group4_14.jpg,group4_14,4,False,132,159
group2_23.png,group2_23,2,group2_26.png,group2_26,2,True,132,107
group2_23.png,group2_23,2,group3_10.jpg,group3_10,3,False,132,101
group2_23.png,group2_23,2,group3_26.png,group3_26,3,False,132,84
group2_23.png,group2_23,2,group4_22.jpg,group4_22,4,False,132,124
group2_23.png,group2_23,2,group4_9.jpg,group4_9,4,False,132,158
group2_24.png,group2_24,2,group2_32.png,group2_32,2,True,132,67
group2_24.png,group2_24,2,group4_20.jpg,group4_20,4,False,132,120
group2_24.png,group2_24,2,group4_23.jpg,group4_23,4,False,132,87
group2_25.png,group2_25,2,group3_14.png,group3_14,3,False,132,96
group2_25.png,group2_25,2,group3_29.png,group3_29,3,False,132,89
group2_25.png,group2_25,2,group4_18.jpg,group4_18,4,False,132,146
group2_25.png,group2_25,2,group4_26.jpg,group4_26,4,False,132,108
group2_25.png,group2_25,2,group4_27.jpg,group4_27,4,False,132,127
group2_25.png,group2_25,2,group4_3.jpg,group4_3,4,False,132,87
group2_26.png,group2_26,2,group3_2.jpg,group3_2,3,False,132,93
group2_26.png,group2_26,2,group4_11.jpg,group4_11,4,False,132,141
group2_26.png,group2_26,2,group4_16.jpg,group4_16,4,False,132,145
group2_27.png,group2_27,2,group3_28.png,group3_28,3,False,132,229
group2_28.png,group2_28,2,group2_45.png,group2_45,2,True,132,97
group2_28.png,group2_28,2,group3_18.png,group3_18,3,False,132,109
group2_28.png,group2_28,2,group3_29.png,group3_29,3,False,132,98
group2_28.png,group2_28,2,group4_13.jpg,group4_13,4,False,132,138
group2_28.png,group2_28,2,group4_22.jpg,group4_22,4,False,132,116
group2_28.png,group2_28,2,group4_27.jpg,group4_27,4,False,132,126
group2_29.png,group2_29,2,group2_40.png,group2_40,2,True,132,68
group2_29.png,group2_29,2,group2_43.png,group2_43,2,True,132,102
group2_29.png,group2_29,2,group3_14.png,group3_14,3,False,132,105
group2_29.png,group2_29,2,group3_20.png,group3_20,3,False,132,81
group2_29.png,group2_29,2,group4_26.jpg,group4_26,4,False,132,113
group2_3.png,group2_3,2,group2_36.png,group2_36,2,True,132,73
group2_3.png,group2_3,2,group3_23.png,group3_23,3,False,132,114
group2_3.png,group2_3,2,group3_29.png,group3_29,3,False,132,92
group2_30.png,group2_30,2,group2_38.png,group2_38,2,True,132,62
group2_30.png,group2_30,2,group2_39.png,group2_39,2,True,132,80
group2_30.png,group2_30,2,group4_13.jpg,group4_13,4,False,132,147
group2_30.png,group2_30,2,group4_14.jpg,group4_14,4,False,132,179
group2_30.png,group2_30,2,group4_17.jpg,group4_17,4,False,132,172
group2_31.png,group2_31,2,group2_39.png,group2_39,2,True,132,43
group2_31.png,group2_31,2,group2_40.png,group2_40,2,True,132,44
group2_31.png,group2_31,2,group2_42.png,group2_42,2,True,132,103
group2_31.png,group2_31,2,group3_29 2.png,group3_29 2,3,False,132,96
group2_31.png,group2_31,2,group4_29.jpg,group4_29,4,False,132,123
group2_31.png,group2_31,2,group4_3.jpg,group4_3,4,False,132,80
group2_31.png,group2_31,2,group4_7.jpg,group4_7,4,False,132,146
group2_32.png,group2_32,2,group2_4.png,group2_4,2,True,132,67
group2_32.png,group2_32,2,group3_6.jpg,group3_6,3,False,132,71
group2_32.png,group2_32,2,group4_23.jpg,group4_23,4,False,132,90
group2_34.png,group2_34,2,group2_39.png,group2_39,2,True,132,64
group2_34.png,group2_34,2,group3_14.png,group3_14,3,False,132,116
group2_34.png,group2_34,2,group4_11.jpg,group4_11,4,False,132,143
group2_34.png,group2_34,2,group4_23.jpg,group4_23,4,False,132,119
group2_34.png,group2_34,2,group4_9.jpg,group4_9,4,False,132,171
group2_35.png,group2_35,2,group4_11.jpg,group4_11,4,False,132,115
group2_35.png,group2_35,2,group4_13.jpg,group4_13,4,False,132,143
group2_35.png,group2_35,2,group4_19.jpg,group4_19,4,False,132,132
group2_35.png,group2_35,2,group4_21.jpg,group4_21,4,False,132,142
group2_35.png,group2_35,2,group4_29.jpg,group4_29,4,False,132,120
group2_36.png,group2_36,2,group2_40.png,group2_40,2,True,132,69
group2_36.png,group2_36,2,group3_10.jpg,group3_10,3,False,132,78
group2_36.png,group2_36,2,group3_27.png,group3_27,3,False,132,181
group2_36.png,group2_36,2,group4_7.jpg,group4_7,4,False,132,131
group2_37.png,group2_37,2,group3_28.png,group3_28,3,False,132,199
group2_37.png,group2_37,2,group3_6.jpg,group3_6,3,False,132,74
group2_38.png,group2_38,2,group4_1.jpg,group4_1,4,False,132,217
group2_38.png,group2_38,2,group4_17.jpg,group4_17,4,False,132,184
group2_38.png,group2_38,2,group4_5.jpg,group4_5,4,False,132,163
group2_38.png,group2_38,2,group4_8.jpg,group4_8,4,False,132,145
group2_39.png,group2_39,2,group4_13.jpg,group4_13,4,False,132,151
group2_39.png,group2_39,2,group4_14.jpg,group4_14,4,False,132,181
group2_39.png,group2_39,2,group4_15.jpg,group4_15,4,False,132,140
group2_39.png,group2_39,2,group4_25.jpg,group4_25,4,False,132,84
group2_39.png,group2_39,2,group4_26.jpg,group4_26,4,False,132,108
group2_39.png,group2_39,2,group4_3.jpg,group4_3,4,False,132,87
group2_4.png,group2_4,2,group3_19.png,group3_19,3,False,132,82
group2_4.png,group2_4,2,group4_6.jpg,group4_6,4,False,132,161
group2_40.png,group2_40,2,group3_13.png,group3_13,3,False,132,146
group2_40.png,group2_40,2,group3_2.jpg,group3_2,3,False,132,96
group2_40.png,group2_40,2,group3_24.png,group3_24,3,False,132,55
group2_40.png,group2_40,2,group4_14.jpg,group4_14,4,False,132,138
group2_40.png,group2_40,2,group4_19.jpg,group4_19,4,False,132,133
group2_40.png,group2_40,2,group4_27.jpg,group4_27,4,False,132,102
group2_41.png,group2_41,2,group3_12.png,group3_12,3,False,132,118
group2_41.png,group2_41,2,group3_14.png,group3_14,3,False,132,104
group2_41.png,group2_41,2,group4_16.jpg,group4_16,4,False,132,141
group2_41.png,group2_41,2,group4_25.jpg,group4_25,4,False,132,122
group2_42.png,group2_42,2,group3_29.png,group3_29,3,False,132,149
group2_42.png,group2_42,2,group4_22.jpg,group4_22,4,False,132,147
group2_42.png,group2_42,2,group4_8.jpg,group4_8,4,False,132,135
group2_43.png,group2_43,2,group4_3.jpg,group4_3,4,False,132,138
group2_43.png,group2_43,2,group4_8.jpg,group4_8,4,False,132,138
group2_44.png,group2_44,2,group2_6.png,group2_6,2,True,132,55
group2_44.png,group2_44,2,group3_5.jpg,group3_5,3,False,132,85
group2_44.png,group2_44,2,group4_10.jpg,group4_10,4,False,132,124
group2_44.png,group2_44,2,group4_17.jpg,group4_17,4,False,132,144
group2_44.png,group2_44,2,group4_18.jpg,group4_18,4,False,132,162
group2_44.png,group2_44,2,group4_19.jpg,group4_19,4,False,132,148
group2_45.png,group2_45,2,group4_10.jpg,group4_10,4,False,132,108
group2_45.png,group2_45,2,group4_8.jpg,group4_8,4,False,132,143
group2_6.png,group2_6,2,group2_8.png,group2_8,2,True,132,99
group2_6.png,group2_6,2,group3_23.png,group3_23,3,False,132,88
group2_6.png,group2_6,2,group4_3.jpg,group4_3,4,False,132,134
group2_7.png,group2_7,2,group4_8.jpg,group4_8,4,False,132,152
group2_8.png,group2_8,2,group3_1.jpg,group3_1,3,False,132,120
group2_8.png,group2_8,2,group3_14.png,group3_14,3,False,132,84
group2_8.png,group2_8,2,group3_19.png,group3_19,3,False,132,86
group2_8.png,group2_8,2,group3_5.jpg,group3_5,3,False,132,93
group2_8.png,group2_8,2,group4_16.jpg,group4_16,4,False,132,143
group2_8.png,group2_8,2,group4_21.jpg,group4_21,4,False,132,144
group2_8.png,group2_8,2,group4_6.jpg,group4_6,4,False,132,147
group2_9.png,group2_9,2,group3_16.png,group3_16,3,False,132,80
group2_9.png,group2_9,2,group4_20.jpg,group4_20,4,False,132,154
group3_1.jpg,group3_1,3,group3_10.jpg,group3_10,3,True,132,94
group3_1.jpg,group3_1,3,group3_17.png,group3_17,3,True,132,110
group3_1.jpg,group3_1,3,group3_24.png,group3_24,3,True,132,98
group3_1.jpg,group3_1,3,group4_11.jpg,group4_11,4,False,132,135
group3_1.jpg,group3_1,3,group4_12.jpg,group4_12,4,False,132,153
group3_1.jpg,group3_1,3,group4_9.jpg,group4_9,4,False,132,167
group3_10.jpg,group3_10,3,group4_21.jpg,group4_21,4,False,132,130
group3_10.jpg,group3_10,3,group4_7.jpg,group4_7,4,False,132,133
group3_11.jpg,group3_11,3,group4_16.jpg,group4_16,4,False,132,153
group3_12.png,group3_12,3,group3_20.png,group3_20,3,True,132,100
group3_12.png,group3_12,3,group4_11.jpg,group4_11,4,False,132,149
group3_12.png,group3_12,3,group4_12.jpg,group4_12,4,False,132,161
group3_12.png,group3_12,3,group4_26.jpg,group4_26,4,False,132,84
group3_13.png,group3_13,3,group4_3.jpg,group4_3,4,False,132,150
group3_14.png,group3_14,3,group3_18.png,group3_18,3,True,132,74
group3_14.png,group3_14,3,group4_11.jpg,group4_11,4,False,132,133
group3_14.png,group3_14,3,group4_25.jpg,group4_25,4,False,132,74
group3_15.png,group3_15,3,group3_30.png,group3_30,3,True,132,86
group3_16.png,group3_16,3,group3_2.jpg,group3_2,3,True,132,131
group3_16.png,group3_16,3,group4_19.jpg,group4_19,4,False,132,134
group3_16.png,group3_16,3,group4_6.jpg,group4_6,4,False,132,123
group3_16.png,group3_16,3,group4_7.jpg,group4_7,4,False,132,127
group3_17.png,group3_17,3,group4_18.jpg,group4_18,4,False,132,142
group3_17.png,group3_17,3,group4_3.jpg,group4_3,4,False,132,81
group3_17.png,group3_17,3,group4_9.jpg,group4_9,4,False,132,193
group3_19.png,group3_19,3,group3_28.png,group3_28,3,True,132,173
group3_19.png,group3_19,3,group4_11.jpg,group4_11,4,False,132,137
group3_2.jpg,group3_2,3,group3_30.png,group3_30,3,True,132,122
group3_20.png,group3_20,3,group4_11.jpg,group4_11,4,False,132,155
group3_20.png,group3_20,3,group4_25.jpg,group4_25,4,False,132,80
group3_21.png,group3_21,3,group4_8.jpg,group4_8,4,False,132,148
group3_21.png,group3_21,3,group4_9.jpg,group4_9,4,False,132,182
group3_22.png,group3_22,3,group4_11.jpg,group4_11,4,False,132,150
group3_22.png,group3_22,3,group4_3.jpg,group4_3,4,False,132,134
group3_23.png,group3_23,3,group3_24.png,group3_24,3,True,132,85
group3_23.png,group3_23,3,group3_28.png,group3_28,3,True,132,132
group3_23.png,group3_23,3,group3_3.jpg,group3_3,3,True,132,86
group3_23.png,group3_23,3,group4_24.jpg,group4_24,4,False,132,91
group3_23.png,group3_23,3,group4_7.jpg,group4_7,4,False,132,86
group3_24.png,group3_24,3,group4_10.jpg,group4_10,4,False,132,134
group3_24.png,group3_24,3,group4_11.jpg,group4_11,4,False,132,129
group3_24.png,group3_24,3,group4_14.jpg,group4_14,4,False,132,147
group3_26.png,group3_26,3,group4_11.jpg,group4_11,4,False,132,122
group3_26.png,group3_26,3,group4_7.jpg,group4_7,4,False,132,114
group3_26.png,group3_26,3,group4_8.jpg,group4_8,4,False,132,86
group3_27.png,group3_27,3,group3_6.jpg,group3_6,3,True,132,197
group3_27.png,group3_27,3,group3_9.jpg,group3_9,3,True,132,178
group3_27.png,group3_27,3,group4_14.jpg,group4_14,4,False,132,110
group3_27.png,group3_27,3,group4_23.jpg,group4_23,4,False,132,202
group3_27.png,group3_27,3,group4_4.jpg,group4_4,4,False,132,171
group3_27.png,group3_27,3,group4_7.jpg,group4_7,4,False,132,116
group3_27.png,group3_27,3,group4_8.jpg,group4_8,4,False,132,128
group3_29 2.png,group3_29 2,3,group3_30.png,group3_30,3,True,132,114
group3_29 2.png,group3_29 2,3,group4_28.jpg,group4_28,4,False,132,85
group3_29.png,group3_29,3,group4_19.jpg,group4_19,4,False,132,147
group3_29.png,group3_29,3,group4_20.jpg,group4_20,4,False,132,91
group3_29.png,group3_29,3,group4_27.jpg,group4_27,4,False,132,94
group3_3.jpg,group3_3,3,group4_8.jpg,group4_8,4,False,132,116
group3_30.png,group3_30,3,group3_9.jpg,group3_9,3,True,132,112
group3_5.jpg,group3_5,3,group4_30.jpg,group4_30,4,False,132,134
group3_6.jpg,group3_6,3,group4_26.jpg,group4_26,4,False,132,106
group3_6.jpg,group3_6,3,group4_8.jpg,group4_8,4,False,132,145
group3_6.jpg,group3_6,3,group4_9.jpg,group4_9,4,False,132,183
group3_7.jpg,group3_7,3,group4_14.jpg,group4_14,4,False,132,163
group3_7.jpg,group3_7,3,group4_25.jpg,group4_25,4,False,132,98
group3_8.jpg,group3_8,3,group4_11.jpg,group4_11,4,False,132,145
group3_8.jpg,group3_8,3,group4_16.jpg,group4_16,4,False,132,145
group3_9.jpg,group3_9,3,group4_10.jpg,group4_10,4,False,132,121
group3_9.jpg,group3_9,3,group4_28.jpg,group4_28,4,False,132,83
group3_9.jpg,group3_9,3,group4_8.jpg,group4_8,4,False,132,140
group3_9.jpg,group3_9,3,group4_9.jpg,group4_9,4,False,132,150
group4_1.jpg,group4_1,4,group4_14.jpg,group4_14,4,True,132,70
group4_10.jpg,group4_10,4,group4_25.jpg,group4_25,4,True,132,90
group4_12.jpg,group4_12,4,group4_25.jpg,group4_25,4,True,132,151
group4_12.jpg,group4_12,4,group4_4.jpg,group4_4,4,True,132,159
group4_13.jpg,group4_13,4,group4_19.jpg,group4_19,4,True,132,119
group4_15.jpg,group4_15,4,group4_16.jpg,group4_16,4,True,132,127
group4_15.jpg,group4_15,4,group4_30.jpg,group4_30,4,True,132,99
group4_16.jpg,group4_16,4,group4_20.jpg,group4_20,4,True,132,139
group4_19.jpg,group4_19,4,group4_9.jpg,group4_9,4,True,132,107
group4_21.jpg,group4_21,4,group4_22.jpg,group4_22,4,True,132,107
group4_21.jpg,group4_21,4,group4_26.jpg,group4_26,4,True,132,142
group4_21.jpg,group4_21,4,group4_28.jpg,group4_28,4,True,132,112
group4_22.jpg,group4_22,4,group4_6.jpg,group4_6,4,True,132,134
group4_23.jpg,group4_23,4,group4_4.jpg,group4_4,4,True,132,95
group4_25.jpg,group4_25,4,group4_8.jpg,group4_8,4,True,132,133
group4_26.jpg,group4_26,4,group4_29.jpg,group4_29,4,True,132,42
group4_26.jpg,group4_26,4,group4_9.jpg,group4_9,4,True,132,153
group4_3.jpg,group4_3,4,group4_30.jpg,group4_30,4,True,132,76
group4_7.jpg,group4_7,4,group4_8.jpg,group4_8,4,True,132,124
group1_1.jpeg,group1_1,1,group1_13.png,group1_13,1,True,134,53
group1_1.jpeg,group1_1,1,group1_17.png,group1_17,1,True,134,60
group1_1.jpeg,group1_1,1,group2_24.png,group2_24,2,False,134,65
group1_1.jpeg,group1_1,1,group2_36.png,group2_36,2,False,134,65
group1_1.jpeg,group1_1,1,group3_21.png,group3_21,3,False,134,66
group1_1.jpeg,group1_1,1,group3_5.jpg,group3_5,3,False,134,88
group1_1.jpeg,group1_1,1,group3_6.jpg,group3_6,3,False,134,71
group1_1.jpeg,group1_1,1,group3_7.jpg,group3_7,3,False,134,91
group1_1.jpeg,group1_1,1,group4_15.jpg,group4_15,4,False,134,149
group1_1.jpeg,group1_1,1,group4_16.jpg,group4_16,4,False,134,166
group1_10.png,group1_10,1,group1_5.png,group1_5,1,True,134,73
group1_10.png,group1_10,1,group2_16.png,group2_16,2,False,134,81
group1_10.png,group1_10,1,group2_32.png,group2_32,2,False,134,56
group1_10.png,group1_10,1,group3_17.png,group3_17,3,False,134,79
group1_10.png,group1_10,1,group4_6.jpg,group4_6,4,False,134,150
group1_11.png,group1_11,1,group2_29.png,group2_29,2,False,134,63
group1_11.png,group1_11,1,group3_23.png,group3_23,3,False,134,107
group1_11.png,group1_11,1,group4_11.jpg,group4_11,4,False,134,143
group1_11.png,group1_11,1,group4_26.jpg,group4_26,4,False,134,74
group1_12.png,group1_12,1,group1_15.png,group1_15,1,True,134,59
group1_12.png,group1_12,1,group2_23.png,group2_23,2,False,134,91
group1_12.png,group1_12,1,group2_34.png,group2_34,2,False,134,66
group1_12.png,group1_12,1,group2_42.png,group2_42,2,False,134,80
group1_12.png,group1_12,1,group3_10.jpg,group3_10,3,False,134,82
group1_12.png,group1_12,1,group3_11.jpg,group3_11,3,False,134,102
group1_12.png,group1_12,1,group3_27.png,group3_27,3,False,134,185
group1_12.png,group1_12,1,group3_9.jpg,group3_9,3,False,134,107
group1_12.png,group1_12,1,group4_10.jpg,group4_10,4,False,134,124
group1_13.png,group1_13,1,group1_14.png,group1_14,1,True,134,40
group1_13.png,group1_13,1,group1_4.png,group1_4,1,True,134,67
group1_13.png,group1_13,1,group2_13.png,group2_13,2,False,134,50
group1_13.png,group1_13,1,group2_19.png,group2_19,2,False,134,51
group1_13.png,group1_13,1,group2_2.png,group2_2,2,False,134,50
group1_13.png,group1_13,1,group2_34.png,group2_34,2,False,134,48
group1_13.png,group1_13,1,group3_10.jpg,group3_10,3,False,134,70
group1_13.png,group1_13,1,group3_16.png,group3_16,3,False,134,94
group1_13.png,group1_13,1,group3_26.png,group3_26,3,False,134,127
group1_13.png,group1_13,1,group3_8.jpg,group3_8,3,False,134,76
group1_13.png,group1_13,1,group4_23.jpg,group4_23,4,False,134,105
group1_13.png,group1_13,1,group4_24.jpg,group4_24,4,False,134,88
group1_14.png,group1_14,1,group1_26.jpg,group1_26,1,True,134,75
group1_14.png,group1_14,1,group2_34.png,group2_34,2,False,134,48
group1_14.png,group1_14,1,group3_13.png,group3_13,3,False,134,117
group1_14.png,group1_14,1,group4_10.jpg,group4_10,4,False,134,106
group1_14.png,group1_14,1,group4_25.jpg,group4_25,4,False,134,92
group1_15.png,group1_15,1,group1_25.jpg,group1_25,1,True,134,61
group1_15.png,group1_15,1,group4_15.jpg,group4_15,4,False,134,165
group1_15.png,group1_15,1,group4_3.jpg,group4_3,4,False,134,120
group1_15.png,group1_15,1,group4_30.jpg,group4_30,4,False,134,120
group1_15.png,group1_15,1,group4_5.jpg,group4_5,4,False,134,158
group1_16.png,group1_16,1,group2_15.png,group2_15,2,False,134,68
group1_16.png,group1_16,1,group2_28.png,group2_28,2,False,134,43
group1_17.png,group1_17,1,group2_2.png,group2_2,2,False,134,73
group1_17.png,group1_17,1,group2_29.png,group2_29,2,False,134,78
group1_17.png,group1_17,1,group3_1.jpg,group3_1,3,False,134,151
group1_17.png,group1_17,1,group3_22.png,group3_22,3,False,134,122
group1_17.png,group1_17,1,group3_27.png,group3_27,3,False,134,186
group1_17.png,group1_17,1,group4_15.jpg,group4_15,4,False,134,153
group1_17.png,group1_17,1,group4_24.jpg,group4_24,4,False,134,93
group1_17.png,group1_17,1,group4_28.jpg,group4_28,4,False,134,135
group1_18.png,group1_18,1,group1_2.png,group1_2,1,True,134,97
group1_18.png,group1_18,1,group1_5.png,group1_5,1,True,134,79
group1_18.png,group1_18,1,group2_24.png,group2_24,2,False,134,99
group1_18.png,group1_18,1,group2_25.png,group2_25,2,False,134,81
group1_18.png,group1_18,1,group2_36.png,group2_36,2,False,134,89
group1_18.png,group1_18,1,group2_9.png,group2_9,2,False,134,87
group1_18.png,group1_18,1,group4_12.jpg,group4_12,4,False,134,124
group1_18.png,group1_18,1,group4_13.jpg,group4_13,4,False,134,136
group1_18.png,group1_18,1,group4_16.jpg,group4_16,4,False,134,184
group1_19.jpg,group1_19,1,group2_40.png,group2_40,2,False,134,66
group1_19.jpg,group1_19,1,group3_13.png,group3_13,3,False,134,94
group1_19.jpg,group1_19,1,group3_18.png,group3_18,3,False,134,105
group1_19.jpg,group1_19,1,group3_5.jpg,group3_5,3,False,134,86
group1_19.jpg,group1_19,1,group4_8.jpg,group4_8,4,False,134,130
group1_2.png,group1_2,1,group4_17.jpg,group4_17,4,False,134,158
group1_2.png,group1_2,1,group4_19.jpg,group4_19,4,False,134,144
group1_20.jpg,group1_20,1,group2_1.png,group2_1,2,False,134,111
group1_20.jpg,group1_20,1,group2_21.png,group2_21,2,False,134,50
group1_20.jpg,group1_20,1,group2_24.png,group2_24,2,False,134,48
group1_20.jpg,group1_20,1,group3_2.jpg,group3_2,3,False,134,113
group1_20.jpg,group1_20,1,group4_14.jpg,group4_14,4,False,134,191
group1_21.jpg,group1_21,1,group1_22.jpg,group1_22,1,True,134,70
group1_21.jpg,group1_21,1,group2_15.png,group2_15,2,False,134,66
group1_21.jpg,group1_21,1,group2_26.png,group2_26,2,False,134,76
group1_21.jpg,group1_21,1,group2_28.png,group2_28,2,False,134,69
group1_21.jpg,group1_21,1,group2_29.png,group2_29,2,False,134,55
group1_21.jpg,group1_21,1,group2_39.png,group2_39,2,False,134,56
group1_21.jpg,group1_21,1,group2_7.png,group2_7,2,False,134,75
group1_21.jpg,group1_21,1,group3_23.png,group3_23,3,False,134,123
group1_21.jpg,group1_21,1,group3_3.jpg,group3_3,3,False,134,139
group1_21.jpg,group1_21,1,group4_11.jpg,group4_11,4,False,134,139
group1_21.jpg,group1_21,1,group4_20.jpg,group4_20,4,False,134,124
group1_21.jpg,group1_21,1,group4_28.jpg,group4_28,4,False,134,130
group1_22.jpg,group1_22,1,group2_13.png,group2_13,2,False,134,74
group1_22.jpg,group1_22,1,group3_6.jpg,group3_6,3,False,134,96
group1_23.jpg,group1_23,1,group2_28.png,group2_28,2,False,134,77
group1_23.jpg,group1_23,1,group3_29 2.png,group3_29 2,3,False,134,75
group1_23.jpg,group1_23,1,group4_22.jpg,group4_22,4,False,134,99
group1_24.jpg,group1_24,1,group4_10.jpg,group4_10,4,False,134,118
group1_24.jpg,group1_24,1,group4_5.jpg,group4_5,4,False,134,167
group1_25.jpg,group1_25,1,group2_2.png,group2_2,2,False,134,42
group1_25.jpg,group1_25,1,group2_42.png,group2_42,2,False,134,106
group1_25.jpg,group1_25,1,group3_29.png,group3_29,3,False,134,93
group1_26.jpg,group1_26,1,group2_26.png,group2_26,2,False,134,71
group1_26.jpg,group1_26,1,group2_36.png,group2_36,2,False,134,79
group1_26.jpg,group1_26,1,group2_6.png,group2_6,2,False,134,108
group1_26.jpg,group1_26,1,group3_30.png,group3_30,3,False,134,112
group1_26.jpg,group1_26,1,group4_10.jpg,group4_10,4,False,134,93
group1_26.jpg,group1_26,1,group4_11.jpg,group4_11,4,False,134,146
group1_26.jpg,group1_26,1,group4_9.jpg,group4_9,4,False,134,204
group1_3.png,group1_3,1,group2_20.png,group2_20,2,False,134,51
group1_3.png,group1_3,1,group2_22.png,group2_22,2,False,134,73
group1_3.png,group1_3,1,group3_13.png,group3_13,3,False,134,100
group1_3.png,group1_3,1,group3_23.png,group3_23,3,False,134,124
group1_3.png,group1_3,1,group3_29 2.png,group3_29 2,3,False,134,108
group1_3.png,group1_3,1,group3_7.jpg,group3_7,3,False,134,119
group1_3.png,group1_3,1,group4_13.jpg,group4_13,4,False,134,146
group1_3.png,group1_3,1,group4_21.jpg,group4_21,4,False,134,131
group1_3.png,group1_3,1,group4_27.jpg,group4_27,4,False,134,128
group1_4.png,group1_4,1,group2_13.png,group2_13,2,False,134,53
group1_4.png,group1_4,1,group2_26.png,group2_26,2,False,134,37
group1_4.png,group1_4,1,group4_15.jpg,group4_15,4,False,134,135
group1_4.png,group1_4,1,group4_21.jpg,group4_21,4,False,134,139
group1_4.png,group1_4,1,group4_6.jpg,group4_6,4,False,134,160
group1_5.png,group1_5,1,group3_28.png,group3_28,3,False,134,233
group1_5.png,group1_5,1,group3_30.png,group3_30,3,False,134,111
group1_5.png,group1_5,1,group4_24.jpg,group4_24,4,False,134,96
group1_5.png,group1_5,1,group4_25.jpg,group4_25,4,False,134,80
group1_5.png,group1_5,1,group4_27.jpg,group4_27,4,False,134,135
group1_6.png,group1_6,1,group2_40.png,group2_40,2,False,134,76
group1_6.png,group1_6,1,group3_6.jpg,group3_6,3,False,134,85
group1_6.png,group1_6,1,group4_1.jpg,group4_1,4,False,134,208
group1_6.png,group1_6,1,group4_14.jpg,group4_14,4,False,134,176
group1_6.png,group1_6,1,group4_23.jpg,group4_23,4,False,134,92
group1_6.png,group1_6,1,group4_25.jpg,group4_25,4,False,134,81
group1_6.png,group1_6,1,group4_7.jpg,group4_7,4,False,134,138
group1_7.png,group1_7,1,group2_23.png,group2_23,2,False,134,95
group1_7.png,group1_7,1,group2_30.png,group2_30,2,False,134,82
group1_7.png,group1_7,1,group2_43.png,group2_43,2,False,134,115
group1_7.png,group1_7,1,group2_8.png,group2_8,2,False,134,90
group1_7.png,group1_7,1,group3_18.png,group3_18,3,False,134,130
group1_7.png,group1_7,1,group4_20.jpg,group4_20,4,False,134,160
group1_8.png,group1_8,1,group2_10.png,group2_10,2,False,134,60
group1_8.png,group1_8,1,group4_10.jpg,group4_10,4,False,134,121
group1_8.png,group1_8,1,group4_19.jpg,group4_19,4,False,134,139
group1_8.png,group1_8,1,group4_29.jpg,group4_29,4,False,134,139
group1_9.png,group1_9,1,group2_28.png,group2_28,2,False,134,72
group1_9.png,group1_9,1,group4_25.jpg,group4_25,4,False,134,119
group2_1.png,group2_1,2,group2_32.png,group2_32,2,True,134,118
group2_1.png,group2_1,2,group2_43.png,group2_43,2,True,134,164
group2_1.png,group2_1,2,group3_10.jpg,group3_10,3,False,134,85
group2_1.png,group2_1,2,group3_26.png,group3_26,3,False,134,108
group2_1.png,group2_1,2,group3_29 2.png,group3_29 2,3,False,134,106
group2_1.png,group2_1,2,group3_3.jpg,group3_3,3,False,134,114
group2_10.png,group2_10,2,group2_34.png,group2_34,2,True,134,55
group2_10.png,group2_10,2,group2_4.png,group2_4,2,True,134,73
group2_10.png,group2_10,2,group3_23.png,group3_23,3,False,134,108
group2_10.png,group2_10,2,group4_19.jpg,group4_19,4,False,134,141
group2_11.png,group2_11,2,group2_14.png,group2_14,2,True,134,61
group2_11.png,group2_11,2,group3_26.png,group3_26,3,False,134,123
group2_11.png,group2_11,2,group3_30.png,group3_30,3,False,134,145
group2_11.png,group2_11,2,group3_6.jpg,group3_6,3,False,134,100
group2_11.png,group2_11,2,group4_25.jpg,group4_25,4,False,134,116
group2_11.png,group2_11,2,group4_5.jpg,group4_5,4,False,134,135
group2_11.png,group2_11,2,group4_9.jpg,group4_9,4,False,134,155
group2_12.png,group2_12,2,group2_14.png,group2_14,2,True,134,127
group2_12.png,group2_12,2,group2_23.png,group2_23,2,True,134,107
group2_12.png,group2_12,2,group2_34.png,group2_34,2,True,134,92
group2_12.png,group2_12,2,group2_39.png,group2_39,2,True,134,132
group2_12.png,group2_12,2,group2_43.png,group2_43,2,True,134,109
group2_12.png,group2_12,2,group3_2.jpg,group3_2,3,False,134,135
group2_12.png,group2_12,2,group3_20.png,group3_20,3,False,134,154
group2_12.png,group2_12,2,group4_14.jpg,group4_14,4,False,134,175
group2_13.png,group2_13,2,group2_17.png,group2_17,2,True,134,88
group2_14.png,group2_14,2,group4_6.jpg,group4_6,4,False,134,160
group2_15.png,group2_15,2,group2_19.png,group2_19,2,True,134,51
group2_15.png,group2_15,2,group3_26.png,group3_26,3,False,134,125
group2_15.png,group2_15,2,group3_28.png,group3_28,3,False,134,205
group2_15.png,group2_15,2,group4_12.jpg,group4_12,4,False,134,97
group2_15.png,group2_15,2,group4_26.jpg,group4_26,4,False,134,132
group2_16.png,group2_16,2,group2_29.png,group2_29,2,True,134,67
group2_16.png,group2_16,2,group3_13.png,group3_13,3,False,134,151
group2_16.png,group2_16,2,group4_16.jpg,group4_16,4,False,134,163
group2_17.png,group2_17,2,group2_8.png,group2_8,2,True,134,116
group2_17.png,group2_17,2,group4_17.jpg,group4_17,4,False,134,160
group2_17.png,group2_17,2,group4_22.jpg,group4_22,4,False,134,115
group2_17.png,group2_17,2,group4_28.jpg,group4_28,4,False,134,106
group2_17.png,group2_17,2,group4_8.jpg,group4_8,4,False,134,147
group2_18.png,group2_18,2,group2_40.png,group2_40,2,True,134,61
group2_18.png,group2_18,2,group3_1.jpg,group3_1,3,False,134,126
group2_18.png,group2_18,2,group3_12.png,group3_12,3,False,134,124
group2_18.png,group2_18,2,group4_18.jpg,group4_18,4,False,134,166
group2_19.png,group2_19,2,group2_24.png,group2_24,2,True,134,49
group2_19.png,group2_19,2,group3_7.jpg,group3_7,3,False,134,69
group2_2.png,group2_2,2,group2_31.png,group2_31,2,True,134,49
group2_2.png,group2_2,2,group4_11.jpg,group4_11,4,False,134,135
group2_2.png,group2_2,2,group4_12.jpg,group4_12,4,False,134,115
group2_2.png,group2_2,2,group4_26.jpg,group4_26,4,False,134,90
group2_20.png,group2_20,2,group2_28.png,group2_28,2,True,134,73
group2_20.png,group2_20,2,group4_15.jpg,group4_15,4,False,134,184
group2_20.png,group2_20,2,group4_20.jpg,group4_20,4,False,134,158
group2_20.png,group2_20,2,group4_29.jpg,group4_29,4,False,134,138
group2_22.png,group2_22,2,group4_20.jpg,group4_20,4,False,134,130
group2_23.png,group2_23,2,group2_36.png,group2_36,2,True,134,99
group2_23.png,group2_23,2,group3_24.png,group3_24,3,False,134,89
group2_23.png,group2_23,2,group4_23.jpg,group4_23,4,False,134,132
group2_23.png,group2_23,2,group4_25.jpg,group4_25,4,False,134,143
group2_24.png,group2_24,2,group2_28.png,group2_28,2,True,134,51
group2_24.png,group2_24,2,group3_16.png,group3_16,3,False,134,98
group2_24.png,group2_24,2,group3_17.png,group3_17,3,False,134,60
group2_24.png,group2_24,2,group4_25.jpg,group4_25,4,False,134,108
group2_25.png,group2_25,2,group4_20.jpg,group4_20,4,False,134,136
group2_26.png,group2_26,2,group3_1.jpg,group3_1,3,False,134,108
group2_26.png,group2_26,2,group4_30.jpg,group4_30,4,False,134,79
group2_27.png,group2_27,2,group3_30.png,group3_30,3,False,134,127
group2_27.png,group2_27,2,group4_10.jpg,group4_10,4,False,134,106
group2_28.png,group2_28,2,group2_42.png,group2_42,2,True,134,119
group2_28.png,group2_28,2,group3_11.jpg,group3_11,3,False,134,67
group2_28.png,group2_28,2,group3_13.png,group3_13,3,False,134,154
group2_28.png,group2_28,2,group3_23.png,group3_23,3,False,134,116
group2_29.png,group2_29,2,group3_26.png,group3_26,3,False,134,96
group2_29.png,group2_29,2,group4_16.jpg,group4_16,4,False,134,156
group2_29.png,group2_29,2,group4_19.jpg,group4_19,4,False,134,135
group2_3.png,group2_3,2,group2_6.png,group2_6,2,True,134,92
group2_3.png,group2_3,2,group3_30.png,group3_30,3,False,134,122
group2_3.png,group2_3,2,group3_6.jpg,group3_6,3,False,134,81
group2_3.png,group2_3,2,group4_18.jpg,group4_18,4,False,134,147
group2_30.png,group2_30,2,group2_45.png,group2_45,2,True,134,60
group2_30.png,group2_30,2,group2_7.png,group2_7,2,True,134,67
group2_30.png,group2_30,2,group3_18.png,group3_18,3,False,134,88
group2_30.png,group2_30,2,group3_6.jpg,group3_6,3,False,134,92
group2_30.png,group2_30,2,group3_9.jpg,group3_9,3,False,134,93
group2_30.png,group2_30,2,group4_15.jpg,group4_15,4,False,134,168
group2_31.png,group2_31,2,group3_11.jpg,group3_11,3,False,134,73
group2_31.png,group2_31,2,group3_28.png,group3_28,3,False,134,224
group2_31.png,group2_31,2,group3_7.jpg,group3_7,3,False,134,87
group2_32.png,group2_32,2,group2_41.png,group2_41,2,True,134,67
group2_32.png,group2_32,2,group3_13.png,group3_13,3,False,134,108
group2_32.png,group2_32,2,group4_12.jpg,group4_12,4,False,134,84
group2_32.png,group2_32,2,group4_16.jpg,group4_16,4,False,134,168
group2_33.png,group2_33,2,group3_12.png,group3_12,3,False,134,123
group2_33.png,group2_33,2,group4_21.jpg,group4_21,4,False,134,137
group2_34.png,group2_34,2,group2_40.png,group2_40,2,True,134,103
group2_34.png,group2_34,2,group3_7.jpg,group3_7,3,False,134,94
group2_34.png,group2_34,2,group4_1.jpg,group4_1,4,False,134,189
group2_34.png,group2_34,2,group4_12.jpg,group4_12,4,False,134,69
group2_34.png,group2_34,2,group4_3.jpg,group4_3,4,False,134,125
group2_35.png,group2_35,2,group4_5.jpg,group4_5,4,False,134,157
group2_36.png,group2_36,2,group2_39.png,group2_39,2,True,134,62
group2_36.png,group2_36,2,group2_4.png,group2_4,2,True,134,70
group2_37.png,group2_37,2,group3_16.png,group3_16,3,False,134,90
group2_37.png,group2_37,2,group3_27.png,group3_27,3,False,134,189
group2_37.png,group2_37,2,group4_11.jpg,group4_11,4,False,134,151
group2_37.png,group2_37,2,group4_12.jpg,group4_12,4,False,134,95
group2_37.png,group2_37,2,group4_5.jpg,group4_5,4,False,134,161
group2_38.png,group2_38,2,group4_30.jpg,group4_30,4,False,134,95
group2_39.png,group2_39,2,group2_44.png,group2_44,2,True,134,72
group2_39.png,group2_39,2,group3_27.png,group3_27,3,False,134,211
group2_4.png,group2_4,2,group3_22.png,group3_22,3,False,134,81
group2_4.png,group2_4,2,group4_3.jpg,group4_3,4,False,134,73
group2_40.png,group2_40,2,group2_44.png,group2_44,2,True,134,89
group2_40.png,group2_40,2,group2_45.png,group2_45,2,True,134,105
group2_40.png,group2_40,2,group2_8.png,group2_8,2,True,134,63
group2_40.png,group2_40,2,group3_22.png,group3_22,3,False,134,104
group2_40.png,group2_40,2,group3_23.png,group3_23,3,False,134,118
group2_40.png,group2_40,2,group3_29.png,group3_29,3,False,134,68
group2_41.png,group2_41,2,group3_6.jpg,group3_6,3,False,134,108
group2_41.png,group2_41,2,group4_15.jpg,group4_15,4,False,134,148
group2_42.png,group2_42,2,group3_27.png,group3_27,3,False,134,129
group2_42.png,group2_42,2,group4_16.jpg,group4_16,4,False,134,121
group2_42.png,group2_42,2,group4_21.jpg,group4_21,4,False,134,124
group2_42.png,group2_42,2,group4_26.jpg,group4_26,4,False,134,162
group2_43.png,group2_43,2,group2_9.png,group2_9,2,True,134,85
group2_43.png,group2_43,2,group4_18.jpg,group4_18,4,False,134,169
group2_43.png,group2_43,2,group4_29.jpg,group4_29,4,False,134,137
group2_43.png,group2_43,2,group4_5.jpg,group4_5,4,False,134,148
group2_44.png,group2_44,2,group3_15.png,group3_15,3,False,134,129
group2_44.png,group2_44,2,group4_24.jpg,group4_24,4,False,134,78
group2_45.png,group2_45,2,group3_24.png,group3_24,3,False,134,98
group2_45.png,group2_45,2,group3_8.jpg,group3_8,3,False,134,92
group2_45.png,group2_45,2,group4_11.jpg,group4_11,4,False,134,147
group2_45.png,group2_45,2,group4_22.jpg,group4_22,4,False,134,129
group2_45.png,group2_45,2,group4_24.jpg,group4_24,4,False,134,66
group2_45.png,group2_45,2,group4_30.jpg,group4_30,4,False,134,129
group2_5.png,group2_5,2,group4_11.jpg,group4_11,4,False,134,136
group2_5.png,group2_5,2,group4_6.jpg,group4_6,4,False,134,172
group2_6.png,group2_6,2,group3_14.png,group3_14,3,False,134,115
group2_6.png,group2_6,2,group3_6.jpg,group3_6,3,False,134,93
group2_6.png,group2_6,2,group4_26.jpg,group4_26,4,False,134,145
group2_7.png,group2_7,2,group3_12.png,group3_12,3,False,134,135
group2_8.png,group2_8,2,group3_23.png,group3_23,3,False,134,97
group2_8.png,group2_8,2,group4_11.jpg,group4_11,4,False,134,113
group2_8.png,group2_8,2,group4_13.jpg,group4_13,4,False,134,139
group2_8.png,group2_8,2,group4_8.jpg,group4_8,4,False,134,125
group2_9.png,group2_9,2,group4_6.jpg,group4_6,4,False,134,159
group3_1.jpg,group3_1,3,group3_2.jpg,group3_2,3,True,134,85
group3_1.jpg,group3_1,3,group3_28.png,group3_28,3,True,134,125
group3_1.jpg,group3_1,3,group3_30.png,group3_30,3,True,134,115
group3_1.jpg,group3_1,3,group4_14.jpg,group4_14,4,False,134,111
group3_1.jpg,group3_1,3,group4_20.jpg,group4_20,4,False,134,84
group3_1.jpg,group3_1,3,group4_21.jpg,group4_21,4,False,134,142
group3_1.jpg,group3_1,3,group4_30.jpg,group4_30,4,False,134,65
group3_10.jpg,group3_10,3,group3_30.png,group3_30,3,True,134,117
group3_10.jpg,group3_10,3,group4_29.jpg,group4_29,4,False,134,88
group3_11.jpg,group3_11,3,group3_6.jpg,group3_6,3,True,134,74
group3_11.jpg,group3_11,3,group4_20.jpg,group4_20,4,False,134,116
group3_11.jpg,group3_11,3,group4_21.jpg,group4_21,4,False,134,150
group3_12.png,group3_12,3,group3_27.png,group3_27,3,True,134,169
group3_12.png,group3_12,3,group4_5.jpg,group4_5,4,False,134,103
group3_13.png,group3_13,3,group4_15.jpg,group4_15,4,False,134,167
group3_14.png,group3_14,3,group4_1.jpg,group4_1,4,False,134,147
group3_14.png,group3_14,3,group4_21.jpg,group4_21,4,False,134,116
group3_15.png,group3_15,3,group3_16.png,group3_16,3,True,134,151
group3_15.png,group3_15,3,group3_17.png,group3_17,3,True,134,85
group3_15.png,group3_15,3,group4_15.jpg,group4_15,4,False,134,127
group3_15.png,group3_15,3,group4_19.jpg,group4_19,4,False,134,131
group3_16.png,group3_16,3,group3_7.jpg,group3_7,3,True,134,126
group3_17.png,group3_17,3,group4_1.jpg,group4_1,4,False,134,181
group3_17.png,group3_17,3,group4_19.jpg,group4_19,4,False,134,140
group3_17.png,group3_17,3,group4_20.jpg,group4_20,4,False,134,126
group3_17.png,group3_17,3,group4_23.jpg,group4_23,4,False,134,79
group3_17.png,group3_17,3,group4_25.jpg,group4_25,4,False,134,86
group3_18.png,group3_18,3,group4_26.jpg,group4_26,4,False,134,102
group3_18.png,group3_18,3,group4_6.jpg,group4_6,4,False,134,129
group3_19.png,group3_19,3,group3_26.png,group3_26,3,True,134,111
group3_19.png,group3_19,3,group3_27.png,group3_27,3,True,134,171
group3_19.png,group3_19,3,group3_3.jpg,group3_3,3,True,134,121
group3_2.jpg,group3_2,3,group4_13.jpg,group4_13,4,False,134,96
group3_2.jpg,group3_2,3,group4_14.jpg,group4_14,4,False,134,136
group3_2.jpg,group3_2,3,group4_23.jpg,group4_23,4,False,134,74
group3_2.jpg,group3_2,3,group4_25.jpg,group4_25,4,False,134,69
group3_20.png,group3_20,3,group3_30.png,group3_30,3,True,134,101
group3_20.png,group3_20,3,group4_30.jpg,group4_30,4,False,134,63
group3_21.png,group3_21,3,group3_6.jpg,group3_6,3,True,134,55
group3_21.png,group3_21,3,group4_30.jpg,group4_30,4,False,134,72
group3_21.png,group3_21,3,group4_7.jpg,group4_7,4,False,134,138
group3_22.png,group3_22,3,group4_14.jpg,group4_14,4,False,134,152
group3_22.png,group3_22,3,group4_20.jpg,group4_20,4,False,134,155
group3_22.png,group3_22,3,group4_30.jpg,group4_30,4,False,134,108
group3_23.png,group3_23,3,group3_25.png,group3_25,3,True,134,90
group3_23.png,group3_23,3,group4_12.jpg,group4_12,4,False,134,118
group3_23.png,group3_23,3,group4_22.jpg,group4_22,4,False,134,80
group3_25.png,group3_25,3,group3_30.png,group3_30,3,True,134,110
group3_25.png,group3_25,3,group4_16.jpg,group4_16,4,False,134,146
group3_25.png,group3_25,3,group4_18.jpg,group4_18,4,False,134,115
group3_25.png,group3_25,3,group4_29.jpg,group4_29,4,False,134,135
group3_26.png,group3_26,3,group3_7.jpg,group3_7,3,True,134,135
group3_26.png,group3_26,3,group4_27.jpg,group4_27,4,False,134,80
group3_27.png,group3_27,3,group3_3.jpg,group3_3,3,True,134,154
group3_27.png,group3_27,3,group4_26.jpg,group4_26,4,False,134,185
group3_28.png,group3_28,3,group3_30.png,group3_30,3,True,134,144
group3_28.png,group3_28,3,group3_6.jpg,group3_6,3,True,134,197
group3_29 2.png,group3_29 2,3,group4_11.jpg,group4_11,4,False,134,140
group3_29 2.png,group3_29 2,3,group4_12.jpg,group4_12,4,False,134,156
group3_29 2.png,group3_29 2,3,group4_13.jpg,group4_13,4,False,134,86
group3_29 2.png,group3_29 2,3,group4_19.jpg,group4_19,4,False,134,157
group3_29 2.png,group3_29 2,3,group4_25.jpg,group4_25,4,False,134,95
group3_29.png,group3_29,3,group4_10.jpg,group4_10,4,False,134,115
group3_29.png,group3_29,3,group4_18.jpg,group4_18,4,False,134,115
group3_3.jpg,group3_3,3,group4_18.jpg,group4_18,4,False,134,155
group3_30.png,group3_30,3,group4_16.jpg,group4_16,4,False,134,132
group3_30.png,group3_30,3,group4_19.jpg,group4_19,4,False,134,103
group3_30.png,group3_30,3,group4_22.jpg,group4_22,4,False,134,82
group3_5.jpg,group3_5,3,group4_27.jpg,group4_27,4,False,134,120
group3_6.jpg,group3_6,3,group3_8.jpg,group3_8,3,True,134,70
group3_6.jpg,group3_6,3,group4_14.jpg,group4_14,4,False,134,151
group3_6.jpg,group3_6,3,group4_21.jpg,group4_21,4,False,134,116
group3_6.jpg,group3_6,3,group4_22.jpg,group4_22,4,False,134,113
group3_6.jpg,group3_6,3,group4_25.jpg,group4_25,4,False,134,64
group3_7.jpg,group3_7,3,group4_21.jpg,group4_21,4,False,134,136
group3_7.jpg,group3_7,3,group4_24.jpg,group4_24,4,False,134,112
group3_7.jpg,group3_7,3,group4_3.jpg,group4_3,4,False,134,77
group3_7.jpg,group3_7,3,group4_7.jpg,group4_7,4,False,134,145
group3_9.jpg,group3_9,3,group4_30.jpg,group4_30,4,False,134,84
group4_10.jpg,group4_10,4,group4_5.jpg,group4_5,4,True,134,99
group4_11.jpg,group4_11,4,group4_16.jpg,group4_16,4,True,134,104
group4_11.jpg,group4_11,4,group4_18.jpg,group4_18,4,True,134,143
group4_12.jpg,group4_12,4,group4_17.jpg,group4_17,4,True,134,131
group4_12.jpg,group4_12,4,group4_19.jpg,group4_19,4,True,134,129
group4_12.jpg,group4_12,4,group4_24.jpg,group4_24,4,True,134,105
group4_12.jpg,group4_12,4,group4_5.jpg,group4_5,4,True,134,140
group4_15.jpg,group4_15,4,group4_8.jpg,group4_8,4,True,134,109
group4_16.jpg,group4_16,4,group4_18.jpg,group4_18,4,True,134,175
group4_16.jpg,group4_16,4,group4_30.jpg,group4_30,4,True,134,130
group4_16.jpg,group4_16,4,group4_4.jpg,group4_4,4,True,134,193
group4_18.jpg,group4_18,4,group4_27.jpg,group4_27,4,True,134,121
group4_19.jpg,group4_19,4,group4_30.jpg,group4_30,4,True,134,119
group4_20.jpg,group4_20,4,group4_3.jpg,group4_3,4,True,134,123
group4_21.jpg,group4_21,4,group4_24.jpg,group4_24,4,True,134,124
group4_21.jpg,group4_21,4,group4_7.jpg,group4_7,4,True,134,123
group4_29.jpg,group4_29,4,group4_9.jpg,group4_9,4,True,134,143
group4_3.jpg,group4_3,4,group4_5.jpg,group4_5,4,True,134,130
group4_5.jpg,group4_5,4,group4_8.jpg,group4_8,4,True,134,140
group1_1.jpeg,group1_1,1,group2_6.png,group2_6,2,False,136,72
group1_1.jpeg,group1_1,1,group3_18.png,group3_18,3,False,136,115
group1_1.jpeg,group1_1,1,group3_28.png,group3_28,3,False,136,210
group1_1.jpeg,group1_1,1,group4_8.jpg,group4_8,4,False,136,126
group1_10.png,group1_10,1,group2_43.png,group2_43,2,False,136,74
group1_10.png,group1_10,1,group3_19.png,group3_19,3,False,136,81
group1_10.png,group1_10,1,group3_20.png,group3_20,3,False,136,93
group1_11.png,group1_11,1,group2_6.png,group2_6,2,False,136,97
group1_11.png,group1_11,1,group3_18.png,group3_18,3,False,136,90
group1_12.png,group1_12,1,group1_17.png,group1_17,1,True,136,57
group1_12.png,group1_12,1,group2_11.png,group2_11,2,False,136,60
group1_12.png,group1_12,1,group2_22.png,group2_22,2,False,136,66
group1_12.png,group1_12,1,group4_18.jpg,group4_18,4,False,136,174
group1_12.png,group1_12,1,group4_8.jpg,group4_8,4,False,136,155
group1_13.png,group1_13,1,group1_16.png,group1_16,1,True,136,70
group1_13.png,group1_13,1,group1_21.jpg,group1_21,1,True,136,52
group1_13.png,group1_13,1,group2_41.png,group2_41,2,False,136,60
group1_13.png,group1_13,1,group2_5.png,group2_5,2,False,136,71
group1_13.png,group1_13,1,group4_16.jpg,group4_16,4,False,136,151
group1_13.png,group1_13,1,group4_25.jpg,group4_25,4,False,136,100
group1_14.png,group1_14,1,group2_1.png,group2_1,2,False,136,131
group1_14.png,group1_14,1,group4_21.jpg,group4_21,4,False,136,130
group1_14.png,group1_14,1,group4_30.jpg,group4_30,4,False,136,99
group1_15.png,group1_15,1,group2_3.png,group2_3,2,False,136,74
group1_15.png,group1_15,1,group3_1.jpg,group3_1,3,False,136,127
group1_15.png,group1_15,1,group3_30.png,group3_30,3,False,136,158
group1_15.png,group1_15,1,group4_12.jpg,group4_12,4,False,136,78
group1_15.png,group1_15,1,group4_16.jpg,group4_16,4,False,136,150
group1_15.png,group1_15,1,group4_17.jpg,group4_17,4,False,136,165
group1_16.png,group1_16,1,group2_45.png,group2_45,2,False,136,94
group1_16.png,group1_16,1,group3_19.png,group3_19,3,False,136,90
group1_16.png,group1_16,1,group3_28.png,group3_28,3,False,136,203
group1_16.png,group1_16,1,group4_14.jpg,group4_14,4,False,136,147
group1_17.png,group1_17,1,group1_24.jpg,group1_24,1,True,136,63
group1_17.png,group1_17,1,group2_1.png,group2_1,2,False,136,140
group1_17.png,group1_17,1,group4_22.jpg,group4_22,4,False,136,128
group1_17.png,group1_17,1,group4_27.jpg,group4_27,4,False,136,148
group1_17.png,group1_17,1,group4_29.jpg,group4_29,4,False,136,141
group1_17.png,group1_17,1,group4_8.jpg,group4_8,4,False,136,136
group1_18.png,group1_18,1,group1_19.jpg,group1_19,1,True,136,80
group1_18.png,group1_18,1,group1_8.png,group1_8,1,True,136,96
group1_18.png,group1_18,1,group2_19.png,group2_19,2,False,136,78
group1_18.png,group1_18,1,group2_4.png,group2_4,2,False,136,93
group1_18.png,group1_18,1,group2_44.png,group2_44,2,False,136,105
group1_19.jpg,group1_19,1,group1_26.jpg,group1_26,1,True,136,60
group1_19.jpg,group1_19,1,group3_12.png,group3_12,3,False,136,113
group1_19.jpg,group1_19,1,group4_1.jpg,group4_1,4,False,136,196
group1_19.jpg,group1_19,1,group4_20.jpg,group4_20,4,False,136,131
group1_2.png,group1_2,1,group1_26.jpg,group1_26,1,True,136,85
group1_2.png,group1_2,1,group2_28.png,group2_28,2,False,136,75
group1_2.png,group1_2,1,group2_40.png,group2_40,2,False,136,85
group1_2.png,group1_2,1,group4_18.jpg,group4_18,4,False,136,166
group1_2.png,group1_2,1,group4_5.jpg,group4_5,4,False,136,161
group1_20.jpg,group1_20,1,group2_15.png,group2_15,2,False,136,52
group1_20.jpg,group1_20,1,group3_1.jpg,group3_1,3,False,136,122
group1_20.jpg,group1_20,1,group3_13.png,group3_13,3,False,136,121
group1_20.jpg,group1_20,1,group3_30.png,group3_30,3,False,136,127
group1_20.jpg,group1_20,1,group3_6.jpg,group3_6,3,False,136,64
group1_21.jpg,group1_21,1,group2_33.png,group2_33,2,False,136,45
group1_21.jpg,group1_21,1,group2_45.png,group2_45,2,False,136,62
group1_22.jpg,group1_22,1,group2_30.png,group2_30,2,False,136,84
group1_22.jpg,group1_22,1,group4_3.jpg,group4_3,4,False,136,85
group1_23.jpg,group1_23,1,group1_4.png,group1_4,1,True,136,41
group1_24.jpg,group1_24,1,group1_7.png,group1_7,1,True,136,56
group1_24.jpg,group1_24,1,group3_22.png,group3_22,3,False,136,107
group1_24.jpg,group1_24,1,group4_15.jpg,group4_15,4,False,136,146
group1_24.jpg,group1_24,1,group4_19.jpg,group4_19,4,False,136,126
group1_25.jpg,group1_25,1,group2_1.png,group2_1,2,False,136,101
group1_25.jpg,group1_25,1,group2_7.png,group2_7,2,False,136,75
group1_25.jpg,group1_25,1,group3_13.png,group3_13,3,False,136,131
group1_25.jpg,group1_25,1,group3_15.png,group3_15,3,False,136,83
group1_25.jpg,group1_25,1,group4_15.jpg,group4_15,4,False,136,134
group1_26.jpg,group1_26,1,group2_17.png,group2_17,2,False,136,81
group1_26.jpg,group1_26,1,group2_18.png,group2_18,2,False,136,75
group1_26.jpg,group1_26,1,group2_27.png,group2_27,2,False,136,73
group1_26.jpg,group1_26,1,group2_33.png,group2_33,2,False,136,62
group1_26.jpg,group1_26,1,group4_18.jpg,group4_18,4,False,136,107
group1_26.jpg,group1_26,1,group4_6.jpg,group4_6,4,False,136,150
group1_3.png,group1_3,1,group1_5.png,group1_5,1,True,136,71
group1_3.png,group1_3,1,group2_24.png,group2_24,2,False,136,77
group1_3.png,group1_3,1,group2_39.png,group2_39,2,False,136,79
group1_3.png,group1_3,1,group3_18.png,group3_18,3,False,136,97
group1_3.png,group1_3,1,group4_1.jpg,group4_1,4,False,136,184
group1_3.png,group1_3,1,group4_4.jpg,group4_4,4,False,136,109
group1_4.png,group1_4,1,group3_20.png,group3_20,3,False,136,73
group1_4.png,group1_4,1,group3_21.png,group3_21,3,False,136,38
group1_4.png,group1_4,1,group3_5.jpg,group3_5,3,False,136,110
group1_5.png,group1_5,1,group3_26.png,group3_26,3,False,136,117
group1_6.png,group1_6,1,group4_13.jpg,group4_13,4,False,136,148
group1_6.png,group1_6,1,group4_5.jpg,group4_5,4,False,136,168
group1_7.png,group1_7,1,group4_27.jpg,group4_27,4,False,136,165
group1_7.png,group1_7,1,group4_29.jpg,group4_29,4,False,136,134
group1_7.png,group1_7,1,group4_30.jpg,group4_30,4,False,136,117
group1_8.png,group1_8,1,group3_13.png,group3_13,3,False,136,88
group1_8.png,group1_8,1,group3_26.png,group3_26,3,False,136,102
group1_8.png,group1_8,1,group4_15.jpg,group4_15,4,False,136,161
group1_9.png,group1_9,1,group2_35.png,group2_35,2,False,136,65
group1_9.png,group1_9,1,group3_20.png,group3_20,3,False,136,85
group2_1.png,group2_1,2,group2_10.png,group2_10,2,True,136,120
group2_1.png,group2_1,2,group2_40.png,group2_40,2,True,136,96
group2_1.png,group2_1,2,group3_16.png,group3_16,3,False,136,145
group2_1.png,group2_1,2,group3_18.png,group3_18,3,False,136,127
group2_1.png,group2_1,2,group4_14.jpg,group4_14,4,False,136,112
group2_10.png,group2_10,2,group2_23.png,group2_23,2,True,136,84
group2_10.png,group2_10,2,group4_22.jpg,group4_22,4,False,136,110
group2_11.png,group2_11,2,group2_19.png,group2_19,2,True,136,77
group2_11.png,group2_11,2,group2_31.png,group2_31,2,True,136,67
group2_11.png,group2_11,2,group3_27.png,group3_27,3,False,136,167
group2_11.png,group2_11,2,group4_22.jpg,group4_22,4,False,136,121
group2_12.png,group2_12,2,group2_16.png,group2_16,2,True,136,154
group2_12.png,group2_12,2,group2_17.png,group2_17,2,True,136,154
group2_12.png,group2_12,2,group2_32.png,group2_32,2,True,136,119
group2_12.png,group2_12,2,group3_19.png,group3_19,3,False,136,132
group2_12.png,group2_12,2,group3_28.png,group3_28,3,False,136,113
group2_12.png,group2_12,2,group3_29.png,group3_29,3,False,136,157
group2_12.png,group2_12,2,group4_10.jpg,group4_10,4,False,136,120
group2_13.png,group2_13,2,group3_13.png,group3_13,3,False,136,113
group2_14.png,group2_14,2,group2_9.png,group2_9,2,True,136,35
group2_14.png,group2_14,2,group4_28.jpg,group4_28,4,False,136,123
group2_16.png,group2_16,2,group2_6.png,group2_6,2,True,136,95
group2_16.png,group2_16,2,group3_29 2.png,group3_29 2,3,False,136,99
group2_16.png,group2_16,2,group4_19.jpg,group4_19,4,False,136,130
group2_17.png,group2_17,2,group2_3.png,group2_3,2,True,136,115
group2_17.png,group2_17,2,group2_31.png,group2_31,2,True,136,83
group2_17.png,group2_17,2,group2_6.png,group2_6,2,True,136,101
group2_17.png,group2_17,2,group3_10.jpg,group3_10,3,False,136,82
group2_17.png,group2_17,2,group3_2.jpg,group3_2,3,False,136,93
group2_17.png,group2_17,2,group4_11.jpg,group4_11,4,False,136,181
group2_17.png,group2_17,2,group4_24.jpg,group4_24,4,False,136,110
group2_17.png,group2_17,2,group4_6.jpg,group4_6,4,False,136,201
group2_18.png,group2_18,2,group4_6.jpg,group4_6,4,False,136,151
group2_19.png,group2_19,2,group3_5.jpg,group3_5,3,False,136,118
group2_19.png,group2_19,2,group4_18.jpg,group4_18,4,False,136,143
group2_19.png,group2_19,2,group4_20.jpg,group4_20,4,False,136,135
group2_19.png,group2_19,2,group4_7.jpg,group4_7,4,False,136,140
group2_2.png,group2_2,2,group4_15.jpg,group4_15,4,False,136,144
group2_21.png,group2_21,2,group3_18.png,group3_18,3,False,136,118
group2_21.png,group2_21,2,group4_16.jpg,group4_16,4,False,136,149
group2_21.png,group2_21,2,group4_18.jpg,group4_18,4,False,136,150
group2_21.png,group2_21,2,group4_9.jpg,group4_9,4,False,136,189
group2_22.png,group2_22,2,group2_3.png,group2_3,2,True,136,49
group2_22.png,group2_22,2,group3_17.png,group3_17,3,False,136,46
group2_22.png,group2_22,2,group4_26.jpg,group4_26,4,False,136,80
group2_23.png,group2_23,2,group2_28.png,group2_28,2,True,136,84
group2_23.png,group2_23,2,group4_26.jpg,group4_26,4,False,136,113
group2_24.png,group2_24,2,group2_30.png,group2_30,2,True,136,70
group2_24.png,group2_24,2,group2_43.png,group2_43,2,True,136,109
group2_24.png,group2_24,2,group4_12.jpg,group4_12,4,False,136,101
group2_24.png,group2_24,2,group4_14.jpg,group4_14,4,False,136,177
group2_24.png,group2_24,2,group4_15.jpg,group4_15,4,False,136,134
group2_24.png,group2_24,2,group4_9.jpg,group4_9,4,False,136,181
group2_25.png,group2_25,2,group2_40.png,group2_40,2,True,136,49
group2_25.png,group2_25,2,group3_28.png,group3_28,3,False,136,211
group2_25.png,group2_25,2,group4_14.jpg,group4_14,4,False,136,179
group2_25.png,group2_25,2,group4_24.jpg,group4_24,4,False,136,88
group2_26.png,group2_26,2,group4_1.jpg,group4_1,4,False,136,189
group2_26.png,group2_26,2,group4_22.jpg,group4_22,4,False,136,107
group2_27.png,group2_27,2,group4_17.jpg,group4_17,4,False,136,184
group2_27.png,group2_27,2,group4_23.jpg,group4_23,4,False,136,89
group2_28.png,group2_28,2,group2_33.png,group2_33,2,True,136,54
group2_28.png,group2_28,2,group3_16.png,group3_16,3,False,136,103
group2_28.png,group2_28,2,group4_17.jpg,group4_17,4,False,136,203
group2_28.png,group2_28,2,group4_21.jpg,group4_21,4,False,136,155
group2_28.png,group2_28,2,group4_26.jpg,group4_26,4,False,136,105
group2_29.png,group2_29,2,group3_1.jpg,group3_1,3,False,136,97
group2_29.png,group2_29,2,group4_20.jpg,group4_20,4,False,136,121
group2_3.png,group2_3,2,group4_14.jpg,group4_14,4,False,136,168
group2_30.png,group2_30,2,group3_29.png,group3_29,3,False,136,97
group2_30.png,group2_30,2,group4_29.jpg,group4_29,4,False,136,134
group2_30.png,group2_30,2,group4_5.jpg,group4_5,4,False,136,149
group2_31.png,group2_31,2,group2_6.png,group2_6,2,True,136,70
group2_31.png,group2_31,2,group3_13.png,group3_13,3,False,136,120
group2_32.png,group2_32,2,group3_29.png,group3_29,3,False,136,114
group2_32.png,group2_32,2,group3_3.jpg,group3_3,3,False,136,146
group2_32.png,group2_32,2,group4_17.jpg,group4_17,4,False,136,187
group2_32.png,group2_32,2,group4_18.jpg,group4_18,4,False,136,145
group2_32.png,group2_32,2,group4_21.jpg,group4_21,4,False,136,135
group2_32.png,group2_32,2,group4_5.jpg,group4_5,4,False,136,160
group2_32.png,group2_32,2,group4_6.jpg,group4_6,4,False,136,174
group2_33.png,group2_33,2,group3_2.jpg,group3_2,3,False,136,112
group2_33.png,group2_33,2,group4_11.jpg,group4_11,4,False,136,154
group2_33.png,group2_33,2,group4_20.jpg,group4_20,4,False,136,149
group2_35.png,group2_35,2,group3_3.jpg,group3_3,3,False,136,105
group2_35.png,group2_35,2,group4_17.jpg,group4_17,4,False,136,180
group2_36.png,group2_36,2,group3_16.png,group3_16,3,False,136,102
group2_36.png,group2_36,2,group4_8.jpg,group4_8,4,False,136,153
group2_37.png,group2_37,2,group4_26.jpg,group4_26,4,False,136,134
group2_38.png,group2_38,2,group3_26.png,group3_26,3,False,136,119
group2_39.png,group2_39,2,group4_7.jpg,group4_7,4,False,136,135
group2_4.png,group2_4,2,group2_40.png,group2_40,2,True,136,35
group2_4.png,group2_4,2,group3_26.png,group3_26,3,False,136,107
group2_4.png,group2_4,2,group4_11.jpg,group4_11,4,False,136,139
group2_4.png,group2_4,2,group4_26.jpg,group4_26,4,False,136,88
group2_40.png,group2_40,2,group2_6.png,group2_6,2,True,136,108
group2_40.png,group2_40,2,group4_17.jpg,group4_17,4,False,136,201
group2_40.png,group2_40,2,group4_24.jpg,group4_24,4,False,136,99
group2_40.png,group2_40,2,group4_30.jpg,group4_30,4,False,136,60
group2_41.png,group2_41,2,group3_26.png,group3_26,3,False,136,87
group2_41.png,group2_41,2,group3_30.png,group3_30,3,False,136,137
group2_43.png,group2_43,2,group3_13.png,group3_13,3,False,136,110
group2_43.png,group2_43,2,group3_18.png,group3_18,3,False,136,93
group2_43.png,group2_43,2,group4_23.jpg,group4_23,4,False,136,128
group2_43.png,group2_43,2,group4_6.jpg,group4_6,4,False,136,138
group2_43.png,group2_43,2,group4_7.jpg,group4_7,4,False,136,106
group2_44.png,group2_44,2,group3_13.png,group3_13,3,False,136,101
group2_44.png,group2_44,2,group3_2.jpg,group3_2,3,False,136,127
group2_44.png,group2_44,2,group4_1.jpg,group4_1,4,False,136,175
group2_45.png,group2_45,2,group2_8.png,group2_8,2,True,136,94
group2_45.png,group2_45,2,group3_10.jpg,group3_10,3,False,136,92
group2_45.png,group2_45,2,group4_19.jpg,group4_19,4,False,136,152
group2_45.png,group2_45,2,group4_6.jpg,group4_6,4,False,136,155
group2_5.png,group2_5,2,group3_9.jpg,group3_9,3,False,136,78
group2_5.png,group2_5,2,group4_13.jpg,group4_13,4,False,136,128
group2_6.png,group2_6,2,group4_10.jpg,group4_10,4,False,136,107
group2_6.png,group2_6,2,group4_15.jpg,group4_15,4,False,136,185
group2_6.png,group2_6,2,group4_19.jpg,group4_19,4,False,136,147
group2_6.png,group2_6,2,group4_30.jpg,group4_30,4,False,136,140
group2_6.png,group2_6,2,group4_8.jpg,group4_8,4,False,136,142
group2_7.png,group2_7,2,group3_26.png,group3_26,3,False,136,132
group2_7.png,group2_7,2,group3_27.png,group3_27,3,False,136,170
group2_7.png,group2_7,2,group4_10.jpg,group4_10,4,False,136,117
group2_7.png,group2_7,2,group4_27.jpg,group4_27,4,False,136,146
group2_7.png,group2_7,2,group4_5.jpg,group4_5,4,False,136,144
group2_8.png,group2_8,2,group4_10.jpg,group4_10,4,False,136,132
group2_8.png,group2_8,2,group4_23.jpg,group4_23,4,False,136,87
group2_9.png,group2_9,2,group3_26.png,group3_26,3,False,136,123
group2_9.png,group2_9,2,group4_10.jpg,group4_10,4,False,136,120
group3_1.jpg,group3_1,3,group3_12.png,group3_12,3,True,136,60
group3_1.jpg,group3_1,3,group3_5.jpg,group3_5,3,True,136,123
group3_10.jpg,group3_10,3,group3_13.png,group3_13,3,True,136,143
group3_10.jpg,group3_10,3,group4_14.jpg,group4_14,4,False,136,159
group3_11.jpg,group3_11,3,group3_12.png,group3_12,3,True,136,92
group3_11.jpg,group3_11,3,group4_6.jpg,group4_6,4,False,136,163
group3_12.png,group3_12,3,group4_3.jpg,group4_3,4,False,136,103
group3_13.png,group3_13,3,group4_10.jpg,group4_10,4,False,136,121
group3_13.png,group3_13,3,group4_11.jpg,group4_11,4,False,136,156
group3_14.png,group3_14,3,group4_23.jpg,group4_23,4,False,136,81
group3_14.png,group3_14,3,group4_29.jpg,group4_29,4,False,136,94
group3_15.png,group3_15,3,group4_11.jpg,group4_11,4,False,136,146
group3_15.png,group3_15,3,group4_26.jpg,group4_26,4,False,136,55
group3_16.png,group3_16,3,group3_18.png,group3_18,3,True,136,116
group3_16.png,group3_16,3,group4_28.jpg,group4_28,4,False,136,146
group3_16.png,group3_16,3,group4_29.jpg,group4_29,4,False,136,146
group3_17.png,group3_17,3,group3_18.png,group3_18,3,True,136,102
group3_17.png,group3_17,3,group4_6.jpg,group4_6,4,False,136,161
group3_18.png,group3_18,3,group4_15.jpg,group4_15,4,False,136,182
group3_18.png,group3_18,3,group4_25.jpg,group4_25,4,False,136,84
group3_18.png,group3_18,3,group4_30.jpg,group4_30,4,False,136,121
group3_2.jpg,group3_2,3,group4_19.jpg,group4_19,4,False,136,119
group3_22.png,group3_22,3,group4_6.jpg,group4_6,4,False,136,160
group3_23.png,group3_23,3,group3_27.png,group3_27,3,True,136,148
group3_23.png,group3_23,3,group4_13.jpg,group4_13,4,False,136,138
group3_23.png,group3_23,3,group4_6.jpg,group4_6,4,False,136,160
group3_23.png,group3_23,3,group4_8.jpg,group4_8,4,False,136,168
group3_24.png,group3_24,3,group4_29.jpg,group4_29,4,False,136,86
group3_25.png,group3_25,3,group4_1.jpg,group4_1,4,False,136,172
group3_25.png,group3_25,3,group4_6.jpg,group4_6,4,False,136,194
group3_26.png,group3_26,3,group4_6.jpg,group4_6,4,False,136,116
group3_27.png,group3_27,3,group4_12.jpg,group4_12,4,False,136,128
group3_27.png,group3_27,3,group4_13.jpg,group4_13,4,False,136,140
group3_28.png,group3_28,3,group4_15.jpg,group4_15,4,False,136,123
group3_28.png,group3_28,3,group4_22.jpg,group4_22,4,False,136,124
group3_29 2.png,group3_29 2,3,group4_14.jpg,group4_14,4,False,136,104
group3_29 2.png,group3_29 2,3,group4_15.jpg,group4_15,4,False,136,141
group3_29 2.png,group3_29 2,3,group4_4.jpg,group4_4,4,False,136,69
group3_29 2.png,group3_29 2,3,group4_8.jpg,group4_8,4,False,136,94
group3_29.png,group3_29,3,group4_16.jpg,group4_16,4,False,136,170
group3_3.jpg,group3_3,3,group4_14.jpg,group4_14,4,False,136,122
group3_3.jpg,group3_3,3,group4_26.jpg,group4_26,4,False,136,83
group3_30.png,group3_30,3,group3_8.jpg,group3_8,3,True,136,109
group3_30.png,group3_30,3,group4_9.jpg,group4_9,4,False,136,126
group3_5.jpg,group3_5,3,group4_11.jpg,group4_11,4,False,136,142
group3_5.jpg,group3_5,3,group4_12.jpg,group4_12,4,False,136,100
group3_5.jpg,group3_5,3,group4_17.jpg,group4_17,4,False,136,147
group3_5.jpg,group3_5,3,group4_25.jpg,group4_25,4,False,136,95
group3_5.jpg,group3_5,3,group4_3.jpg,group4_3,4,False,136,142
group3_6.jpg,group3_6,3,group4_17.jpg,group4_17,4,False,136,176
group3_6.jpg,group3_6,3,group4_27.jpg,group4_27,4,False,136,119
group3_7.jpg,group3_7,3,group4_10.jpg,group4_10,4,False,136,128
group3_8.jpg,group3_8,3,group4_12.jpg,group4_12,4,False,136,129
group3_9.jpg,group3_9,3,group4_12.jpg,group4_12,4,False,136,152
group4_1.jpg,group4_1,4,group4_21.jpg,group4_21,4,True,136,115
group4_1.jpg,group4_1,4,group4_7.jpg,group4_7,4,True,136,124
group4_10.jpg,group4_10,4,group4_11.jpg,group4_11,4,True,136,169
group4_10.jpg,group4_10,4,group4_19.jpg,group4_19,4,True,136,162
group4_10.jpg,group4_10,4,group4_23.jpg,group4_23,4,True,136,111
group4_12.jpg,group4_12,4,group4_14.jpg,group4_14,4,True,136,194
group4_12.jpg,group4_12,4,group4_22.jpg,group4_22,4,True,136,154
group4_12.jpg,group4_12,4,group4_27.jpg,group4_27,4,True,136,184
group4_13.jpg,group4_13,4,group4_20.jpg,group4_20,4,True,136,71
group4_13.jpg,group4_13,4,group4_3.jpg,group4_3,4,True,136,116
group4_13.jpg,group4_13,4,group4_9.jpg,group4_9,4,True,136,138
group4_14.jpg,group4_14,4,group4_20.jpg,group4_20,4,True,136,95
group4_16.jpg,group4_16,4,group4_27.jpg,group4_27,4,True,136,120
group4_16.jpg,group4_16,4,group4_6.jpg,group4_6,4,True,136,104
group4_17.jpg,group4_17,4,group4_23.jpg,group4_23,4,True,136,179
group4_18.jpg,group4_18,4,group4_26.jpg,group4_26,4,True,136,132
group4_21.jpg,group4_21,4,group4_4.jpg,group4_4,4,True,136,148
group4_23.jpg,group4_23,4,group4_28.jpg,group4_28,4,True,136,75
group4_24.jpg,group4_24,4,group4_29.jpg,group4_29,4,True,136,104
group4_25.jpg,group4_25,4,group4_9.jpg,group4_9,4,True,136,171
group4_28.jpg,group4_28,4,group4_7.jpg,group4_7,4,True,136,135
group4_4.jpg,group4_4,4,group4_7.jpg,group4_7,4,True,136,173
group4_5.jpg,group4_5,4,group4_7.jpg,group4_7,4,True,136,164
group1_1.jpeg,group1_1,1,group1_2.png,group1_2,1,True,138,57
group1_1.jpeg,group1_1,1,group1_22.jpg,group1_22,1,True,138,71
group1_1.jpeg,group1_1,1,group4_6.jpg,group4_6,4,False,138,164
group1_10.png,group1_10,1,group2_3.png,group2_3,2,False,138,82
group1_10.png,group1_10,1,group3_27.png,group3_27,3,False,138,174
group1_10.png,group1_10,1,group4_12.jpg,group4_12,4,False,138,88
group1_11.png,group1_11,1,group1_13.png,group1_13,1,True,138,72
group1_11.png,group1_11,1,group2_11.png,group2_11,2,False,138,90
group1_11.png,group1_11,1,group4_13.jpg,group4_13,4,False,138,121
group1_11.png,group1_11,1,group4_15.jpg,group4_15,4,False,138,146
group1_12.png,group1_12,1,group2_1.png,group2_1,2,False,138,133
group1_12.png,group1_12,1,group4_29.jpg,group4_29,4,False,138,128
group1_13.png,group1_13,1,group1_19.jpg,group1_19,1,True,138,57
group1_13.png,group1_13,1,group3_28.png,group3_28,3,False,138,207
group1_13.png,group1_13,1,group4_30.jpg,group4_30,4,False,138,103
group1_14.png,group1_14,1,group1_18.png,group1_18,1,True,138,75
group1_15.png,group1_15,1,group1_7.png,group1_7,1,True,138,63
group1_15.png,group1_15,1,group2_43.png,group2_43,2,False,138,82
group1_16.png,group1_16,1,group1_18.png,group1_18,1,True,138,79
group1_16.png,group1_16,1,group2_7.png,group2_7,2,False,138,89
group1_16.png,group1_16,1,group3_5.jpg,group3_5,3,False,138,107
group1_17.png,group1_17,1,group4_17.jpg,group4_17,4,False,138,175
group1_18.png,group1_18,1,group2_29.png,group2_29,2,False,138,102
group1_19.jpg,group1_19,1,group3_28.png,group3_28,3,False,138,208
group1_19.jpg,group1_19,1,group3_3.jpg,group3_3,3,False,138,118
group1_19.jpg,group1_19,1,group4_24.jpg,group4_24,4,False,138,77
group1_19.jpg,group1_19,1,group4_6.jpg,group4_6,4,False,138,150
group1_2.png,group1_2,1,group2_12.png,group2_12,2,False,138,98
group1_2.png,group1_2,1,group4_15.jpg,group4_15,4,False,138,158
group1_2.png,group1_2,1,group4_27.jpg,group4_27,4,False,138,157
group1_20.jpg,group1_20,1,group1_6.png,group1_6,1,True,138,39
group1_20.jpg,group1_20,1,group3_19.png,group3_19,3,False,138,82
group1_20.jpg,group1_20,1,group3_21.png,group3_21,3,False,138,57
group1_20.jpg,group1_20,1,group4_17.jpg,group4_17,4,False,138,188
group1_21.jpg,group1_21,1,group2_37.png,group2_37,2,False,138,64
group1_21.jpg,group1_21,1,group2_9.png,group2_9,2,False,138,58
group1_21.jpg,group1_21,1,group3_1.jpg,group3_1,3,False,138,114
group1_21.jpg,group1_21,1,group3_18.png,group3_18,3,False,138,136
group1_21.jpg,group1_21,1,group4_17.jpg,group4_17,4,False,138,176
group1_21.jpg,group1_21,1,group4_8.jpg,group4_8,4,False,138,115
group1_22.jpg,group1_22,1,group2_31.png,group2_31,2,False,138,85
group1_22.jpg,group1_22,1,group4_30.jpg,group4_30,4,False,138,87
group1_23.jpg,group1_23,1,group3_26.png,group3_26,3,False,138,101
group1_23.jpg,group1_23,1,group3_30.png,group3_30,3,False,138,127
group1_23.jpg,group1_23,1,group4_19.jpg,group4_19,4,False,138,122
group1_23.jpg,group1_23,1,group4_3.jpg,group4_3,4,False,138,93
group1_23.jpg,group1_23,1,group4_6.jpg,group4_6,4,False,138,137
group1_24.jpg,group1_24,1,group2_36.png,group2_36,2,False,138,62
group1_24.jpg,group1_24,1,group2_7.png,group2_7,2,False,138,69
group1_24.jpg,group1_24,1,group4_11.jpg,group4_11,4,False,138,145
group1_24.jpg,group1_24,1,group4_7.jpg,group4_7,4,False,138,147
group1_25.jpg,group1_25,1,group2_22.png,group2_22,2,False,138,40
group1_25.jpg,group1_25,1,group3_18.png,group3_18,3,False,138,110
group1_25.jpg,group1_25,1,group4_16.jpg,group4_16,4,False,138,159
group1_25.jpg,group1_25,1,group4_19.jpg,group4_19,4,False,138,138
group1_25.jpg,group1_25,1,group4_24.jpg,group4_24,4,False,138,84
group1_26.jpg,group1_26,1,group2_34.png,group2_34,2,False,138,97
group1_26.jpg,group1_26,1,group3_11.jpg,group3_11,3,False,138,81
group1_26.jpg,group1_26,1,group3_7.jpg,group3_7,3,False,138,97
group1_26.jpg,group1_26,1,group4_29.jpg,group4_29,4,False,138,107
group1_3.png,group1_3,1,group2_11.png,group2_11,2,False,138,67
group1_3.png,group1_3,1,group2_15.png,group2_15,2,False,138,61
group1_3.png,group1_3,1,group2_23.png,group2_23,2,False,138,82
group1_3.png,group1_3,1,group2_7.png,group2_7,2,False,138,70
group1_3.png,group1_3,1,group3_19.png,group3_19,3,False,138,101
group1_3.png,group1_3,1,group3_5.jpg,group3_5,3,False,138,68
group1_4.png,group1_4,1,group2_1.png,group2_1,2,False,138,84
group1_4.png,group1_4,1,group2_45.png,group2_45,2,False,138,87
group1_4.png,group1_4,1,group3_2.jpg,group3_2,3,False,138,84
group1_4.png,group1_4,1,group3_24.png,group3_24,3,False,138,61
group1_4.png,group1_4,1,group4_18.jpg,group4_18,4,False,138,129
group1_4.png,group1_4,1,group4_29.jpg,group4_29,4,False,138,93
group1_4.png,group1_4,1,group4_8.jpg,group4_8,4,False,138,118
group1_5.png,group1_5,1,group1_7.png,group1_7,1,True,138,58
group1_5.png,group1_5,1,group2_17.png,group2_17,2,False,138,96
group1_5.png,group1_5,1,group3_3.jpg,group3_3,3,False,138,123
group1_5.png,group1_5,1,group3_5.jpg,group3_5,3,False,138,129
group1_5.png,group1_5,1,group4_10.jpg,group4_10,4,False,138,112
group1_6.png,group1_6,1,group2_14.png,group2_14,2,False,138,62
group1_6.png,group1_6,1,group2_44.png,group2_44,2,False,138,81
group1_6.png,group1_6,1,group4_10.jpg,group4_10,4,False,138,97
group1_7.png,group1_7,1,group1_8.png,group1_8,1,True,138,75
group1_7.png,group1_7,1,group2_1.png,group2_1,2,False,138,127
group1_7.png,group1_7,1,group2_2.png,group2_2,2,False,138,62
group1_7.png,group1_7,1,group2_32.png,group2_32,2,False,138,53
group1_7.png,group1_7,1,group2_34.png,group2_34,2,False,138,68
group1_7.png,group1_7,1,group2_4.png,group2_4,2,False,138,72
group1_7.png,group1_7,1,group3_26.png,group3_26,3,False,138,143
group1_7.png,group1_7,1,group4_28.jpg,group4_28,4,False,138,146
group1_8.png,group1_8,1,group3_1.jpg,group3_1,3,False,138,129
group1_8.png,group1_8,1,group3_22.png,group3_22,3,False,138,116
group1_8.png,group1_8,1,group3_30.png,group3_30,3,False,138,150
group1_8.png,group1_8,1,group4_8.jpg,group4_8,4,False,138,118
group1_9.png,group1_9,1,group2_30.png,group2_30,2,False,138,61
group1_9.png,group1_9,1,group3_16.png,group3_16,3,False,138,87
group1_9.png,group1_9,1,group3_26.png,group3_26,3,False,138,122
group1_9.png,group1_9,1,group3_6.jpg,group3_6,3,False,138,97
group1_9.png,group1_9,1,group4_15.jpg,group4_15,4,False,138,163
group2_1.png,group2_1,2,group2_19.png,group2_19,2,True,138,102
group2_1.png,group2_1,2,group2_44.png,group2_44,2,True,138,163
group2_1.png,group2_1,2,group3_9.jpg,group3_9,3,False,138,108
group2_1.png,group2_1,2,group4_17.jpg,group4_17,4,False,138,153
group2_10.png,group2_10,2,group3_7.jpg,group3_7,3,False,138,97
group2_10.png,group2_10,2,group4_15.jpg,group4_15,4,False,138,153
group2_11.png,group2_11,2,group2_30.png,group2_30,2,True,138,62
group2_11.png,group2_11,2,group3_12.png,group3_12,3,False,138,128
group2_12.png,group2_12,2,group2_15.png,group2_15,2,True,138,118
group2_12.png,group2_12,2,group2_31.png,group2_31,2,True,138,145
group2_12.png,group2_12,2,group2_45.png,group2_45,2,True,138,86
group2_12.png,group2_12,2,group3_23.png,group3_23,3,False,138,117
group2_12.png,group2_12,2,group3_30.png,group3_30,3,False,138,179
group2_12.png,group2_12,2,group3_9.jpg,group3_9,3,False,138,141
group2_12.png,group2_12,2,group4_8.jpg,group4_8,4,False,138,157
group2_13.png,group2_13,2,group3_23.png,group3_23,3,False,138,117
group2_13.png,group2_13,2,group3_6.jpg,group3_6,3,False,138,64
group2_13.png,group2_13,2,group4_15.jpg,group4_15,4,False,138,162
group2_14.png,group2_14,2,group2_24.png,group2_24,2,True,138,75
group2_14.png,group2_14,2,group3_9.jpg,group3_9,3,False,138,104
group2_15.png,group2_15,2,group2_30.png,group2_30,2,True,138,56
group2_15.png,group2_15,2,group2_32.png,group2_32,2,True,138,47
group2_15.png,group2_15,2,group3_25.png,group3_25,3,False,138,55
group2_15.png,group2_15,2,group4_19.jpg,group4_19,4,False,138,152
group2_16.png,group2_16,2,group3_5.jpg,group3_5,3,False,138,127
group2_16.png,group2_16,2,group4_1.jpg,group4_1,4,False,138,197
group2_16.png,group2_16,2,group4_25.jpg,group4_25,4,False,138,80
group2_16.png,group2_16,2,group4_27.jpg,group4_27,4,False,138,129
group2_17.png,group2_17,2,group2_25.png,group2_25,2,True,138,92
group2_17.png,group2_17,2,group2_29.png,group2_29,2,True,138,115
group2_17.png,group2_17,2,group4_1.jpg,group4_1,4,False,138,157
group2_17.png,group2_17,2,group4_12.jpg,group4_12,4,False,138,153
group2_18.png,group2_18,2,group4_25.jpg,group4_25,4,False,138,100
group2_19.png,group2_19,2,group2_26.png,group2_26,2,True,138,33
group2_19.png,group2_19,2,group2_28.png,group2_28,2,True,138,46
group2_19.png,group2_19,2,group2_7.png,group2_7,2,True,138,74
group2_19.png,group2_19,2,group3_9.jpg,group3_9,3,False,138,86
group2_19.png,group2_19,2,group4_15.jpg,group4_15,4,False,138,145
group2_19.png,group2_19,2,group4_24.jpg,group4_24,4,False,138,95
group2_2.png,group2_2,2,group2_30.png,group2_30,2,True,138,86
group2_2.png,group2_2,2,group4_1.jpg,group4_1,4,False,138,191
group2_2.png,group2_2,2,group4_10.jpg,group4_10,4,False,138,120
group2_20.png,group2_20,2,group2_40.png,group2_40,2,True,138,79
group2_20.png,group2_20,2,group4_12.jpg,group4_12,4,False,138,97
group2_20.png,group2_20,2,group4_13.jpg,group4_13,4,False,138,167
group2_21.png,group2_21,2,group2_28.png,group2_28,2,True,138,79
group2_21.png,group2_21,2,group4_20.jpg,group4_20,4,False,138,158
group2_22.png,group2_22,2,group3_1.jpg,group3_1,3,False,138,94
group2_23.png,group2_23,2,group2_30.png,group2_30,2,True,138,75
group2_23.png,group2_23,2,group2_32.png,group2_32,2,True,138,90
group2_23.png,group2_23,2,group4_10.jpg,group4_10,4,False,138,165
group2_23.png,group2_23,2,group4_12.jpg,group4_12,4,False,138,88
group2_23.png,group2_23,2,group4_16.jpg,group4_16,4,False,138,134
group2_23.png,group2_23,2,group4_19.jpg,group4_19,4,False,138,117
group2_24.png,group2_24,2,group3_10.jpg,group3_10,3,False,138,56
group2_24.png,group2_24,2,group4_11.jpg,group4_11,4,False,138,125
group2_24.png,group2_24,2,group4_18.jpg,group4_18,4,False,138,170
group2_24.png,group2_24,2,group4_26.jpg,group4_26,4,False,138,104
group2_26.png,group2_26,2,group2_28.png,group2_28,2,True,138,55
group2_26.png,group2_26,2,group3_17.png,group3_17,3,False,138,58
group2_27.png,group2_27,2,group3_12.png,group3_12,3,False,138,132
group2_28.png,group2_28,2,group2_29.png,group2_29,2,True,138,82
group2_28.png,group2_28,2,group4_20.jpg,group4_20,4,False,138,105
group2_28.png,group2_28,2,group4_5.jpg,group4_5,4,False,138,152
group2_28.png,group2_28,2,group4_9.jpg,group4_9,4,False,138,198
group2_29.png,group2_29,2,group3_16.png,group3_16,3,False,138,115
group2_3.png,group2_3,2,group3_13.png,group3_13,3,False,138,138
group2_3.png,group2_3,2,group3_5.jpg,group3_5,3,False,138,110
group2_3.png,group2_3,2,group4_19.jpg,group4_19,4,False,138,127
group2_30.png,group2_30,2,group3_22.png,group3_22,3,False,138,115
group2_30.png,group2_30,2,group3_23.png,group3_23,3,False,138,119
group2_30.png,group2_30,2,group3_7.jpg,group3_7,3,False,138,120
group2_31.png,group2_31,2,group3_5.jpg,group3_5,3,False,138,108
group2_31.png,group2_31,2,group4_1.jpg,group4_1,4,False,138,206
group2_32.png,group2_32,2,group2_39.png,group2_39,2,True,138,53
group2_33.png,group2_33,2,group4_5.jpg,group4_5,4,False,138,176
group2_33.png,group2_33,2,group4_6.jpg,group4_6,4,False,138,162
group2_35.png,group2_35,2,group4_1.jpg,group4_1,4,False,138,177
group2_35.png,group2_35,2,group4_12.jpg,group4_12,4,False,138,101
group2_36.png,group2_36,2,group3_30.png,group3_30,3,False,138,127
group2_36.png,group2_36,2,group4_1.jpg,group4_1,4,False,138,187
group2_36.png,group2_36,2,group4_18.jpg,group4_18,4,False,138,142
group2_36.png,group2_36,2,group4_3.jpg,group4_3,4,False,138,105
group2_37.png,group2_37,2,group3_1.jpg,group3_1,3,False,138,138
group2_38.png,group2_38,2,group3_30.png,group3_30,3,False,138,135
group2_38.png,group2_38,2,group4_12.jpg,group4_12,4,False,138,97
group2_39.png,group2_39,2,group2_43.png,group2_43,2,True,138,109
group2_39.png,group2_39,2,group3_10.jpg,group3_10,3,False,138,46
group2_39.png,group2_39,2,group3_17.png,group3_17,3,False,138,60
group2_39.png,group2_39,2,group4_12.jpg,group4_12,4,False,138,97
group2_39.png,group2_39,2,group4_19.jpg,group4_19,4,False,138,126
group2_39.png,group2_39,2,group4_5.jpg,group4_5,4,False,138,171
group2_4.png,group2_4,2,group3_1.jpg,group3_1,3,False,138,90
group2_4.png,group2_4,2,group4_10.jpg,group4_10,4,False,138,114
group2_4.png,group2_4,2,group4_15.jpg,group4_15,4,False,138,152
group2_40.png,group2_40,2,group2_42.png,group2_42,2,True,138,141
group2_40.png,group2_40,2,group4_22.jpg,group4_22,4,False,138,98
group2_41.png,group2_41,2,group4_8.jpg,group4_8,4,False,138,125
group2_41.png,group2_41,2,group4_9.jpg,group4_9,4,False,138,179
group2_42.png,group2_42,2,group4_10.jpg,group4_10,4,False,138,126
group2_43.png,group2_43,2,group3_5.jpg,group3_5,3,False,138,82
group2_43.png,group2_43,2,group3_7.jpg,group3_7,3,False,138,153
group2_43.png,group2_43,2,group4_1.jpg,group4_1,4,False,138,154
group2_44.png,group2_44,2,group3_22.png,group3_22,3,False,138,125
group2_44.png,group2_44,2,group3_3.jpg,group3_3,3,False,138,125
group2_44.png,group2_44,2,group4_15.jpg,group4_15,4,False,138,170
group2_45.png,group2_45,2,group3_26.png,group3_26,3,False,138,131
group2_6.png,group2_6,2,group4_5.jpg,group4_5,4,False,138,160
group2_7.png,group2_7,2,group3_28.png,group3_28,3,False,138,182
group2_7.png,group2_7,2,group4_11.jpg,group4_11,4,False,138,144
group2_7.png,group2_7,2,group4_19.jpg,group4_19,4,False,138,145
group2_9.png,group2_9,2,group4_11.jpg,group4_11,4,False,138,135
group2_9.png,group2_9,2,group4_12.jpg,group4_12,4,False,138,73
group2_9.png,group2_9,2,group4_22.jpg,group4_22,4,False,138,127
group2_9.png,group2_9,2,group4_5.jpg,group4_5,4,False,138,163
group3_1.jpg,group3_1,3,group3_3.jpg,group3_3,3,True,138,105
group3_10.jpg,group3_10,3,group3_22.png,group3_22,3,True,138,97
group3_10.jpg,group3_10,3,group3_7.jpg,group3_7,3,True,138,64
group3_10.jpg,group3_10,3,group4_20.jpg,group4_20,4,False,138,134
group3_11.jpg,group3_11,3,group4_12.jpg,group4_12,4,False,138,127
group3_12.png,group3_12,3,group3_28.png,group3_28,3,True,138,129
group3_12.png,group3_12,3,group4_21.jpg,group4_21,4,False,138,122
group3_13.png,group3_13,3,group3_27.png,group3_27,3,True,138,122
group3_13.png,group3_13,3,group4_14.jpg,group4_14,4,False,138,160
group3_14.png,group3_14,3,group3_29.png,group3_29,3,True,138,107
group3_14.png,group3_14,3,group4_13.jpg,group4_13,4,False,138,113
group3_14.png,group3_14,3,group4_8.jpg,group4_8,4,False,138,149
group3_15.png,group3_15,3,group4_12.jpg,group4_12,4,False,138,160
group3_15.png,group3_15,3,group4_5.jpg,group4_5,4,False,138,104
group3_16.png,group3_16,3,group3_22.png,group3_22,3,True,138,129
group3_16.png,group3_16,3,group4_14.jpg,group4_14,4,False,138,179
group3_17.png,group3_17,3,group3_5.jpg,group3_5,3,True,138,103
group3_17.png,group3_17,3,group4_21.jpg,group4_21,4,False,138,136
group3_18.png,group3_18,3,group3_27.png,group3_27,3,True,138,167
group3_18.png,group3_18,3,group3_30.png,group3_30,3,True,138,125
group3_18.png,group3_18,3,group4_19.jpg,group4_19,4,False,138,116
group3_19.png,group3_19,3,group4_6.jpg,group4_6,4,False,138,157
group3_2.jpg,group3_2,3,group4_11.jpg,group4_11,4,False,138,148
group3_20.png,group3_20,3,group4_1.jpg,group4_1,4,False,138,183
group3_20.png,group3_20,3,group4_13.jpg,group4_13,4,False,138,135
group3_21.png,group3_21,3,group4_3.jpg,group4_3,4,False,138,72
group3_22.png,group3_22,3,group4_10.jpg,group4_10,4,False,138,99
group3_22.png,group3_22,3,group4_9.jpg,group4_9,4,False,138,124
group3_23.png,group3_23,3,group4_23.jpg,group4_23,4,False,138,96
group3_24.png,group3_24,3,group3_6.jpg,group3_6,3,True,138,86
group3_24.png,group3_24,3,group3_7.jpg,group3_7,3,True,138,90
group3_25.png,group3_25,3,group4_19.jpg,group4_19,4,False,138,153
group3_25.png,group3_25,3,group4_4.jpg,group4_4,4,False,138,129
group3_26.png,group3_26,3,group3_29 2.png,group3_29 2,3,True,138,94
group3_26.png,group3_26,3,group3_8.jpg,group3_8,3,True,138,97
group3_26.png,group3_26,3,group4_1.jpg,group4_1,4,False,138,126
group3_26.png,group3_26,3,group4_18.jpg,group4_18,4,False,138,149
group3_26.png,group3_26,3,group4_21.jpg,group4_21,4,False,138,145
group3_27.png,group3_27,3,group4_28.jpg,group4_28,4,False,138,169
group3_28.png,group3_28,3,group4_14.jpg,group4_14,4,False,138,74
group3_28.png,group3_28,3,group4_3.jpg,group4_3,4,False,138,174
group3_28.png,group3_28,3,group4_30.jpg,group4_30,4,False,138,168
group3_3.jpg,group3_3,3,group3_6.jpg,group3_6,3,True,138,131
group3_30.png,group3_30,3,group4_13.jpg,group4_13,4,False,138,96
group3_30.png,group3_30,3,group4_28.jpg,group4_28,4,False,138,81
group3_5.jpg,group3_5,3,group4_14.jpg,group4_14,4,False,138,170
group3_5.jpg,group3_5,3,group4_8.jpg,group4_8,4,False,138,126
group3_6.jpg,group3_6,3,group3_7.jpg,group3_7,3,True,138,98
group3_6.jpg,group3_6,3,group4_12.jpg,group4_12,4,False,138,131
group3_6.jpg,group3_6,3,group4_28.jpg,group4_28,4,False,138,118
group3_7.jpg,group3_7,3,group4_5.jpg,group4_5,4,False,138,141
group3_8.jpg,group3_8,3,group4_1.jpg,group4_1,4,False,138,181
group3_8.jpg,group3_8,3,group4_17.jpg,group4_17,4,False,138,194
group4_1.jpg,group4_1,4,group4_10.jpg,group4_10,4,True,138,149
group4_1.jpg,group4_1,4,group4_11.jpg,group4_11,4,True,138,118
group4_10.jpg,group4_10,4,group4_28.jpg,group4_28,4,True,138,146
group4_11.jpg,group4_11,4,group4_28.jpg,group4_28,4,True,138,141
group4_12.jpg,group4_12,4,group4_16.jpg,group4_16,4,True,138,130
group4_13.jpg,group4_13,4,group4_18.jpg,group4_18,4,True,138,107
group4_15.jpg,group4_15,4,group4_18.jpg,group4_18,4,True,138,116
group4_16.jpg,group4_16,4,group4_7.jpg,group4_7,4,True,138,90
group4_17.jpg,group4_17,4,group4_30.jpg,group4_30,4,True,138,157
group4_18.jpg,group4_18,4,group4_22.jpg,group4_22,4,True,138,155
group4_19.jpg,group4_19,4,group4_23.jpg,group4_23,4,True,138,107
group4_19.jpg,group4_19,4,group4_3.jpg,group4_3,4,True,138,161
group4_20.jpg,group4_20,4,group4_4.jpg,group4_4,4,True,138,106
group4_21.jpg,group4_21,4,group4_25.jpg,group4_25,4,True,138,104
group4_23.jpg,group4_23,4,group4_30.jpg,group4_30,4,True,138,60
group4_5.jpg,group4_5,4,group4_6.jpg,group4_6,4,True,138,144
group4_7.jpg,group4_7,4,group4_9.jpg,group4_9,4,True,138,114
group1_1.jpeg,group1_1,1,group2_45.png,group2_45,2,False,140,61
group1_10.png,group1_10,1,group2_31.png,group2_31,2,False,140,56
group1_10.png,group1_10,1,group4_1.jpg,group4_1,4,False,140,182
group1_10.png,group1_10,1,group4_15.jpg,group4_15,4,False,140,183
group1_10.png,group1_10,1,group4_18.jpg,group4_18,4,False,140,177
group1_10.png,group1_10,1,group4_20.jpg,group4_20,4,False,140,161
group1_11.png,group1_11,1,group1_9.png,group1_9,1,True,140,85
group1_11.png,group1_11,1,group2_45.png,group2_45,2,False,140,92
group1_11.png,group1_11,1,group3_29.png,group3_29,3,False,140,75
group1_12.png,group1_12,1,group3_19.png,group3_19,3,False,140,86
group1_12.png,group1_12,1,group4_20.jpg,group4_20,4,False,140,158
group1_12.png,group1_12,1,group4_5.jpg,group4_5,4,False,140,167
group1_13.png,group1_13,1,group3_3.jpg,group3_3,3,False,140,133
group1_13.png,group1_13,1,group4_19.jpg,group4_19,4,False,140,140
group1_15.png,group1_15,1,group3_26.png,group3_26,3,False,140,118
group1_16.png,group1_16,1,group2_24.png,group2_24,2,False,140,50
group1_16.png,group1_16,1,group3_29.png,group3_29,3,False,140,73
group1_16.png,group1_16,1,group4_8.jpg,group4_8,4,False,140,129
group1_18.png,group1_18,1,group2_2.png,group2_2,2,False,140,95
group1_18.png,group1_18,1,group2_22.png,group2_22,2,False,140,81
group1_18.png,group1_18,1,group2_41.png,group2_41,2,False,140,107
group1_18.png,group1_18,1,group2_5.png,group2_5,2,False,140,84
group1_19.jpg,group1_19,1,group4_15.jpg,group4_15,4,False,140,171
group1_2.png,group1_2,1,group3_14.png,group3_14,3,False,140,114
group1_20.jpg,group1_20,1,group2_11.png,group2_11,2,False,140,68
group1_20.jpg,group1_20,1,group2_26.png,group2_26,2,False,140,56
group1_20.jpg,group1_20,1,group3_9.jpg,group3_9,3,False,140,115
group1_21.jpg,group1_21,1,group3_28.png,group3_28,3,False,140,211
group1_21.jpg,group1_21,1,group4_21.jpg,group4_21,4,False,140,150
group1_22.jpg,group1_22,1,group2_16.png,group2_16,2,False,140,76
group1_22.jpg,group1_22,1,group2_19.png,group2_19,2,False,140,65
group1_22.jpg,group1_22,1,group2_28.png,group2_28,2,False,140,85
group1_22.jpg,group1_22,1,group2_43.png,group2_43,2,False,140,127
group1_22.jpg,group1_22,1,group3_17.png,group3_17,3,False,140,78
group1_22.jpg,group1_22,1,group4_19.jpg,group4_19,4,False,140,130
group1_22.jpg,group1_22,1,group4_26.jpg,group4_26,4,False,140,80
group1_22.jpg,group1_22,1,group4_7.jpg,group4_7,4,False,140,151
group1_23.jpg,group1_23,1,group3_19.png,group3_19,3,False,140,108
group1_23.jpg,group1_23,1,group4_25.jpg,group4_25,4,False,140,84
group1_24.jpg,group1_24,1,group3_1.jpg,group3_1,3,False,140,104
group1_24.jpg,group1_24,1,group3_13.png,group3_13,3,False,140,129
group1_24.jpg,group1_24,1,group3_30.png,group3_30,3,False,140,123
group1_24.jpg,group1_24,1,group4_1.jpg,group4_1,4,False,140,211
group1_25.jpg,group1_25,1,group2_45.png,group2_45,2,False,140,66
group1_25.jpg,group1_25,1,group4_18.jpg,group4_18,4,False,140,144
group1_25.jpg,group1_25,1,group4_29.jpg,group4_29,4,False,140,110
group1_26.jpg,group1_26,1,group2_2.png,group2_2,2,False,140,73
group1_26.jpg,group1_26,1,group3_5.jpg,group3_5,3,False,140,90
group1_3.png,group1_3,1,group2_18.png,group2_18,2,False,140,45
group1_3.png,group1_3,1,group2_8.png,group2_8,2,False,140,77
group1_3.png,group1_3,1,group3_11.jpg,group3_11,3,False,140,99
group1_3.png,group1_3,1,group3_8.jpg,group3_8,3,False,140,87
group1_3.png,group1_3,1,group4_20.jpg,group4_20,4,False,140,121
group1_4.png,group1_4,1,group1_9.png,group1_9,1,True,140,76
group1_4.png,group1_4,1,group2_2.png,group2_2,2,False,140,29
group1_4.png,group1_4,1,group2_29.png,group2_29,2,False,140,54
group1_4.png,group1_4,1,group2_42.png,group2_42,2,False,140,127
group1_4.png,group1_4,1,group3_29.png,group3_29,3,False,140,78
group1_4.png,group1_4,1,group4_27.jpg,group4_27,4,False,140,104
group1_5.png,group1_5,1,group2_10.png,group2_10,2,False,140,59
group1_5.png,group1_5,1,group4_12.jpg,group4_12,4,False,140,99
group1_5.png,group1_5,1,group4_23.jpg,group4_23,4,False,140,77
group1_6.png,group1_6,1,group3_26.png,group3_26,3,False,140,112
group1_6.png,group1_6,1,group4_6.jpg,group4_6,4,False,140,158
group1_7.png,group1_7,1,group2_18.png,group2_18,2,False,140,46
group1_7.png,group1_7,1,group2_21.png,group2_21,2,False,140,64
group1_7.png,group1_7,1,group2_44.png,group2_44,2,False,140,70
group1_7.png,group1_7,1,group3_10.jpg,group3_10,3,False,140,80
group1_7.png,group1_7,1,group3_3.jpg,group3_3,3,False,140,143
group1_8.png,group1_8,1,group2_1.png,group2_1,2,False,140,146
group1_8.png,group1_8,1,group2_28.png,group2_28,2,False,140,74
group1_8.png,group1_8,1,group2_40.png,group2_40,2,False,140,96
group1_8.png,group1_8,1,group4_16.jpg,group4_16,4,False,140,158
group2_1.png,group2_1,2,group2_3.png,group2_3,2,True,140,118
group2_1.png,group2_1,2,group4_12.jpg,group4_12,4,False,140,158
group2_1.png,group2_1,2,group4_7.jpg,group4_7,4,False,140,140
group2_10.png,group2_10,2,group2_19.png,group2_19,2,True,140,54
group2_10.png,group2_10,2,group4_30.jpg,group4_30,4,False,140,104
group2_11.png,group2_11,2,group2_40.png,group2_40,2,True,140,97
group2_12.png,group2_12,2,group2_7.png,group2_7,2,True,140,91
group2_12.png,group2_12,2,group3_15.png,group3_15,3,False,140,199
group2_12.png,group2_12,2,group3_17.png,group3_17,3,False,140,148
group2_12.png,group2_12,2,group3_22.png,group3_22,3,False,140,119
group2_12.png,group2_12,2,group3_6.jpg,group3_6,3,False,140,164
group2_13.png,group2_13,2,group2_16.png,group2_16,2,True,140,44
group2_13.png,group2_13,2,group3_27.png,group3_27,3,False,140,207
group2_13.png,group2_13,2,group4_1.jpg,group4_1,4,False,140,209
group2_13.png,group2_13,2,group4_18.jpg,group4_18,4,False,140,144
group2_14.png,group2_14,2,group2_22.png,group2_22,2,True,140,55
group2_14.png,group2_14,2,group4_18.jpg,group4_18,4,False,140,149
group2_14.png,group2_14,2,group4_27.jpg,group4_27,4,False,140,142
group2_14.png,group2_14,2,group4_3.jpg,group4_3,4,False,140,96
group2_15.png,group2_15,2,group4_1.jpg,group4_1,4,False,140,187
group2_16.png,group2_16,2,group2_9.png,group2_9,2,True,140,58
group2_17.png,group2_17,2,group4_19.jpg,group4_19,4,False,140,152
group2_18.png,group2_18,2,group4_15.jpg,group4_15,4,False,140,158
group2_18.png,group2_18,2,group4_20.jpg,group4_20,4,False,140,138
group2_18.png,group2_18,2,group4_5.jpg,group4_5,4,False,140,171
group2_19.png,group2_19,2,group2_42.png,group2_42,2,True,140,113
group2_19.png,group2_19,2,group2_6.png,group2_6,2,True,140,88
group2_19.png,group2_19,2,group3_22.png,group3_22,3,False,140,100
group2_19.png,group2_19,2,group3_28.png,group3_28,3,False,140,224
group2_19.png,group2_19,2,group4_16.jpg,group4_16,4,False,140,156
group2_19.png,group2_19,2,group4_29.jpg,group4_29,4,False,140,105
group2_2.png,group2_2,2,group4_25.jpg,group4_25,4,False,140,78
group2_2.png,group2_2,2,group4_5.jpg,group4_5,4,False,140,159
group2_21.png,group2_21,2,group4_1.jpg,group4_1,4,False,140,211
group2_21.png,group2_21,2,group4_6.jpg,group4_6,4,False,140,173
group2_21.png,group2_21,2,group4_7.jpg,group4_7,4,False,140,129
group2_23.png,group2_23,2,group2_40.png,group2_40,2,True,140,104
group2_24.png,group2_24,2,group2_3.png,group2_3,2,True,140,33
group2_24.png,group2_24,2,group3_14.png,group3_14,3,False,140,98
group2_24.png,group2_24,2,group4_17.jpg,group4_17,4,False,140,176
group2_25.png,group2_25,2,group2_28.png,group2_28,2,True,140,71
group2_25.png,group2_25,2,group4_15.jpg,group4_15,4,False,140,164
group2_25.png,group2_25,2,group4_17.jpg,group4_17,4,False,140,178
group2_25.png,group2_25,2,group4_6.jpg,group4_6,4,False,140,153
group2_26.png,group2_26,2,group3_30.png,group3_30,3,False,140,115
group2_28.png,group2_28,2,group2_5.png,group2_5,2,True,140,50
group2_28.png,group2_28,2,group3_2.jpg,group3_2,3,False,140,118
group2_29.png,group2_29,2,group2_32.png,group2_32,2,True,140,72
group2_29.png,group2_29,2,group3_17.png,group3_17,3,False,140,73
group2_3.png,group2_3,2,group2_45.png,group2_45,2,True,140,89
group2_3.png,group2_3,2,group2_7.png,group2_7,2,True,140,80
group2_3.png,group2_3,2,group3_28.png,group3_28,3,False,140,212
group2_3.png,group2_3,2,group3_7.jpg,group3_7,3,False,140,77
group2_3.png,group2_3,2,group4_29.jpg,group4_29,4,False,140,113
group2_30.png,group2_30,2,group2_9.png,group2_9,2,True,140,54
group2_30.png,group2_30,2,group4_1.jpg,group4_1,4,False,140,177
group2_30.png,group2_30,2,group4_21.jpg,group4_21,4,False,140,134
group2_31.png,group2_31,2,group4_28.jpg,group4_28,4,False,140,125
group2_32.png,group2_32,2,group2_45.png,group2_45,2,True,140,47
group2_32.png,group2_32,2,group3_27.png,group3_27,3,False,140,190
group2_32.png,group2_32,2,group3_30.png,group3_30,3,False,140,142
group2_32.png,group2_32,2,group4_11.jpg,group4_11,4,False,140,152
group2_33.png,group2_33,2,group4_13.jpg,group4_13,4,False,140,160
group2_33.png,group2_33,2,group4_7.jpg,group4_7,4,False,140,146
group2_34.png,group2_34,2,group4_25.jpg,group4_25,4,False,140,104
group2_34.png,group2_34,2,group4_6.jpg,group4_6,4,False,140,157
group2_35.png,group2_35,2,group2_6.png,group2_6,2,True,140,77
group2_35.png,group2_35,2,group3_27.png,group3_27,3,False,140,199
group2_35.png,group2_35,2,group4_6.jpg,group4_6,4,False,140,143
group2_36.png,group2_36,2,group4_15.jpg,group4_15,4,False,140,180
group2_36.png,group2_36,2,group4_30.jpg,group4_30,4,False,140,115
group2_37.png,group2_37,2,group3_23.png,group3_23,3,False,140,99
group2_39.png,group2_39,2,group3_16.png,group3_16,3,False,140,104
group2_4.png,group2_4,2,group3_30.png,group3_30,3,False,140,131
group2_4.png,group2_4,2,group4_14.jpg,group4_14,4,False,140,167
group2_4.png,group2_4,2,group4_17.jpg,group4_17,4,False,140,184
group2_4.png,group2_4,2,group4_5.jpg,group4_5,4,False,140,153
group2_40.png,group2_40,2,group4_28.jpg,group4_28,4,False,140,91
group2_40.png,group2_40,2,group4_5.jpg,group4_5,4,False,140,142
group2_41.png,group2_41,2,group4_26.jpg,group4_26,4,False,140,122
group2_42.png,group2_42,2,group2_43.png,group2_43,2,True,140,85
group2_42.png,group2_42,2,group4_18.jpg,group4_18,4,False,140,168
group2_43.png,group2_43,2,group4_27.jpg,group4_27,4,False,140,144
group2_43.png,group2_43,2,group4_28.jpg,group4_28,4,False,140,131
group2_44.png,group2_44,2,group3_28.png,group3_28,3,False,140,187
group2_45.png,group2_45,2,group2_5.png,group2_5,2,True,140,95
group2_45.png,group2_45,2,group3_14.png,group3_14,3,False,140,114
group2_45.png,group2_45,2,group4_27.jpg,group4_27,4,False,140,153
group2_5.png,group2_5,2,group3_19.png,group3_19,3,False,140,73
group2_5.png,group2_5,2,group3_23.png,group3_23,3,False,140,90
group2_5.png,group2_5,2,group3_7.jpg,group3_7,3,False,140,69
group2_5.png,group2_5,2,group4_18.jpg,group4_18,4,False,140,135
group2_6.png,group2_6,2,group3_17.png,group3_17,3,False,140,93
group2_7.png,group2_7,2,group4_12.jpg,group4_12,4,False,140,84
group2_8.png,group2_8,2,group3_22.png,group3_22,3,False,140,109
group2_8.png,group2_8,2,group4_12.jpg,group4_12,4,False,140,103
group2_9.png,group2_9,2,group3_6.jpg,group3_6,3,False,140,82
group3_1.jpg,group3_1,3,group3_15.png,group3_15,3,True,140,85
group3_1.jpg,group3_1,3,group3_18.png,group3_18,3,True,140,124
group3_1.jpg,group3_1,3,group4_23.jpg,group4_23,4,False,140,95
group3_10.jpg,group3_10,3,group4_13.jpg,group4_13,4,False,140,127
group3_11.jpg,group3_11,3,group4_17.jpg,group4_17,4,False,140,186
group3_11.jpg,group3_11,3,group4_23.jpg,group4_23,4,False,140,69
group3_12.png,group3_12,3,group3_23.png,group3_23,3,True,140,145
group3_12.png,group3_12,3,group3_30.png,group3_30,3,True,140,125
group3_13.png,group3_13,3,group3_17.png,group3_17,3,True,140,135
group3_13.png,group3_13,3,group4_19.jpg,group4_19,4,False,140,143
group3_14.png,group3_14,3,group3_29 2.png,group3_29 2,3,True,140,103
group3_14.png,group3_14,3,group4_15.jpg,group4_15,4,False,140,160
group3_15.png,group3_15,3,group3_27.png,group3_27,3,True,140,196
group3_15.png,group3_15,3,group4_16.jpg,group4_16,4,False,140,174
group3_16.png,group3_16,3,group3_27.png,group3_27,3,True,140,139
group3_16.png,group3_16,3,group3_29 2.png,group3_29 2,3,True,140,141
group3_16.png,group3_16,3,group4_27.jpg,group4_27,4,False,140,153
group3_17.png,group3_17,3,group3_28.png,group3_28,3,True,140,203
group3_17.png,group3_17,3,group4_24.jpg,group4_24,4,False,140,98
group3_18.png,group3_18,3,group4_10.jpg,group4_10,4,False,140,130
group3_2.jpg,group3_2,3,group3_27.png,group3_27,3,True,140,174
group3_2.jpg,group3_2,3,group3_29.png,group3_29,3,True,140,102
group3_2.jpg,group3_2,3,group4_3.jpg,group4_3,4,False,140,124
group3_2.jpg,group3_2,3,group4_8.jpg,group4_8,4,False,140,130
group3_20.png,group3_20,3,group3_26.png,group3_26,3,True,140,129
group3_22.png,group3_22,3,group3_24.png,group3_24,3,True,140,93
group3_22.png,group3_22,3,group4_24.jpg,group4_24,4,False,140,95
group3_23.png,group3_23,3,group4_27.jpg,group4_27,4,False,140,106
group3_23.png,group3_23,3,group4_9.jpg,group4_9,4,False,140,114
group3_24.png,group3_24,3,group3_26.png,group3_26,3,True,140,85
group3_25.png,group3_25,3,group3_28.png,group3_28,3,True,140,202
group3_25.png,group3_25,3,group4_7.jpg,group4_7,4,False,140,138
group3_25.png,group3_25,3,group4_8.jpg,group4_8,4,False,140,170
group3_26.png,group3_26,3,group4_29.jpg,group4_29,4,False,140,87
group3_26.png,group3_26,3,group4_5.jpg,group4_5,4,False,140,136
group3_29 2.png,group3_29 2,3,group4_10.jpg,group4_10,4,False,140,119
group3_3.jpg,group3_3,3,group4_11.jpg,group4_11,4,False,140,110
group3_3.jpg,group3_3,3,group4_7.jpg,group4_7,4,False,140,108
group3_30.png,group3_30,3,group4_5.jpg,group4_5,4,False,140,114
group3_7.jpg,group3_7,3,group4_8.jpg,group4_8,4,False,140,133
group4_1.jpg,group4_1,4,group4_17.jpg,group4_17,4,True,140,81
group4_1.jpg,group4_1,4,group4_28.jpg,group4_28,4,True,140,129
group4_1.jpg,group4_1,4,group4_9.jpg,group4_9,4,True,140,64
group4_10.jpg,group4_10,4,group4_18.jpg,group4_18,4,True,140,76
group4_10.jpg,group4_10,4,group4_7.jpg,group4_7,4,True,140,173
group4_11.jpg,group4_11,4,group4_21.jpg,group4_21,4,True,140,163
group4_11.jpg,group4_11,4,group4_29.jpg,group4_29,4,True,140,143
group4_11.jpg,group4_11,4,group4_3.jpg,group4_3,4,True,140,156
group4_13.jpg,group4_13,4,group4_14.jpg,group4_14,4,True,140,54
group4_14.jpg,group4_14,4,group4_3.jpg,group4_3,4,True,140,116
group4_15.jpg,group4_15,4,group4_24.jpg,group4_24,4,True,140,154
group4_18.jpg,group4_18,4,group4_9.jpg,group4_9,4,True,140,135
group4_20.jpg,group4_20,4,group4_25.jpg,group4_25,4,True,140,136
group4_20.jpg,group4_20,4,group4_28.jpg,group4_28,4,True,140,100
group4_22.jpg,group4_22,4,group4_29.jpg,group4_29,4,True,140,71
group4_25.jpg,group4_25,4,group4_6.jpg,group4_6,4,True,140,177
group4_27.jpg,group4_27,4,group4_6.jpg,group4_6,4,True,140,148
group4_28.jpg,group4_28,4,group4_3.jpg,group4_3,4,True,140,99
group4_5.jpg,group4_5,4,group4_9.jpg,group4_9,4,True,140,94
group1_1.jpeg,group1_1,1,group1_9.png,group1_9,1,True,142,64
group1_10.png,group1_10,1,group4_22.jpg,group4_22,4,False,142,118
group1_10.png,group1_10,1,group4_5.jpg,group4_5,4,False,142,168
group1_11.png,group1_11,1,group1_22.jpg,group1_22,1,True,142,66
group1_11.png,group1_11,1,group2_23.png,group2_23,2,False,142,105
group1_11.png,group1_11,1,group3_28.png,group3_28,3,False,142,207
group1_12.png,group1_12,1,group1_18.png,group1_18,1,True,142,105
group1_12.png,group1_12,1,group1_5.png,group1_5,1,True,142,70
group1_12.png,group1_12,1,group2_32.png,group2_32,2,False,142,67
group1_12.png,group1_12,1,group2_45.png,group2_45,2,False,142,52
group1_12.png,group1_12,1,group3_22.png,group3_22,3,False,142,101
group1_12.png,group1_12,1,group3_28.png,group3_28,3,False,142,181
group1_12.png,group1_12,1,group4_1.jpg,group4_1,4,False,142,179
group1_13.png,group1_13,1,group2_22.png,group2_22,2,False,142,60
group1_13.png,group1_13,1,group2_31.png,group2_31,2,False,142,53
group1_13.png,group1_13,1,group2_32.png,group2_32,2,False,142,43
group1_13.png,group1_13,1,group4_22.jpg,group4_22,4,False,142,147
group1_15.png,group1_15,1,group1_26.jpg,group1_26,1,True,142,86
group1_15.png,group1_15,1,group4_11.jpg,group4_11,4,False,142,138
group1_15.png,group1_15,1,group4_25.jpg,group4_25,4,False,142,101
group1_15.png,group1_15,1,group4_8.jpg,group4_8,4,False,142,128
group1_16.png,group1_16,1,group2_17.png,group2_17,2,False,142,78
group1_16.png,group1_16,1,group4_15.jpg,group4_15,4,False,142,144
group1_17.png,group1_17,1,group3_3.jpg,group3_3,3,False,142,122
group1_18.png,group1_18,1,group1_9.png,group1_9,1,True,142,106
group1_18.png,group1_18,1,group2_18.png,group2_18,2,False,142,85
group1_18.png,group1_18,1,group3_7.jpg,group3_7,3,False,142,93
group1_18.png,group1_18,1,group4_14.jpg,group4_14,4,False,142,152
group1_18.png,group1_18,1,group4_17.jpg,group4_17,4,False,142,173
group1_18.png,group1_18,1,group4_22.jpg,group4_22,4,False,142,134
group1_18.png,group1_18,1,group4_30.jpg,group4_30,4,False,142,116
group1_18.png,group1_18,1,group4_5.jpg,group4_5,4,False,142,128
group1_19.jpg,group1_19,1,group2_28.png,group2_28,2,False,142,70
group1_2.png,group1_2,1,group3_26.png,group3_26,3,False,142,115
group1_2.png,group1_2,1,group3_8.jpg,group3_8,3,False,142,86
group1_2.png,group1_2,1,group4_4.jpg,group4_4,4,False,142,112
group1_20.jpg,group1_20,1,group3_23.png,group3_23,3,False,142,113
group1_20.jpg,group1_20,1,group3_24.png,group3_24,3,False,142,70
group1_20.jpg,group1_20,1,group3_28.png,group3_28,3,False,142,227
group1_20.jpg,group1_20,1,group4_18.jpg,group4_18,4,False,142,154
group1_21.jpg,group1_21,1,group3_5.jpg,group3_5,3,False,142,103
group1_21.jpg,group1_21,1,group4_14.jpg,group4_14,4,False,142,175
group1_21.jpg,group1_21,1,group4_16.jpg,group4_16,4,False,142,165
group1_22.jpg,group1_22,1,group1_25.jpg,group1_25,1,True,142,64
group1_22.jpg,group1_22,1,group2_3.png,group2_3,2,False,142,77
group1_23.jpg,group1_23,1,group4_18.jpg,group4_18,4,False,142,142
group1_25.jpg,group1_25,1,group2_37.png,group2_37,2,False,142,56
group1_25.jpg,group1_25,1,group2_39.png,group2_39,2,False,142,32
group1_25.jpg,group1_25,1,group2_9.png,group2_9,2,False,142,52
group1_26.jpg,group1_26,1,group2_45.png,group2_45,2,False,142,103
group1_26.jpg,group1_26,1,group3_2.jpg,group3_2,3,False,142,112
group1_26.jpg,group1_26,1,group4_1.jpg,group4_1,4,False,142,182
group1_3.png,group1_3,1,group2_33.png,group2_33,2,False,142,52
group1_3.png,group1_3,1,group2_38.png,group2_38,2,False,142,57
group1_3.png,group1_3,1,group3_21.png,group3_21,3,False,142,88
group1_3.png,group1_3,1,group3_24.png,group3_24,3,False,142,79
group1_3.png,group1_3,1,group4_28.jpg,group4_28,4,False,142,111
group1_3.png,group1_3,1,group4_5.jpg,group4_5,4,False,142,150
group1_4.png,group1_4,1,group2_6.png,group2_6,2,False,142,96
group1_4.png,group1_4,1,group3_18.png,group3_18,3,False,142,99
group1_5.png,group1_5,1,group3_15.png,group3_15,3,False,142,85
group1_6.png,group1_6,1,group3_16.png,group3_16,3,False,142,85
group1_6.png,group1_6,1,group4_30.jpg,group4_30,4,False,142,94
group1_7.png,group1_7,1,group3_25.png,group3_25,3,False,142,81
group1_7.png,group1_7,1,group4_26.jpg,group4_26,4,False,142,142
group1_8.png,group1_8,1,group3_6.jpg,group3_6,3,False,142,103
group1_9.png,group1_9,1,group2_19.png,group2_19,2,False,142,62
group2_1.png,group2_1,2,group2_20.png,group2_20,2,True,142,151
group2_1.png,group2_1,2,group2_8.png,group2_8,2,True,142,127
group2_1.png,group2_1,2,group3_12.png,group3_12,3,False,142,91
group2_1.png,group2_1,2,group4_24.jpg,group4_24,4,False,142,117
group2_11.png,group2_11,2,group4_11.jpg,group4_11,4,False,142,131
group2_11.png,group2_11,2,group4_12.jpg,group4_12,4,False,142,83
group2_11.png,group2_11,2,group4_23.jpg,group4_23,4,False,142,125
group2_12.png,group2_12,2,group4_29.jpg,group4_29,4,False,142,174
group2_13.png,group2_13,2,group4_12.jpg,group4_12,4,False,142,101
group2_13.png,group2_13,2,group4_13.jpg,group4_13,4,False,142,155
group2_14.png,group2_14,2,group4_1.jpg,group4_1,4,False,142,198
group2_14.png,group2_14,2,group4_15.jpg,group4_15,4,False,142,169
group2_14.png,group2_14,2,group4_17.jpg,group4_17,4,False,142,175
group2_15.png,group2_15,2,group4_22.jpg,group4_22,4,False,142,117
group2_16.png,group2_16,2,group3_27.png,group3_27,3,False,142,211
group2_17.png,group2_17,2,group2_4.png,group2_4,2,True,142,88
group2_18.png,group2_18,2,group3_13.png,group3_13,3,False,142,107
group2_19.png,group2_19,2,group2_9.png,group2_9,2,True,142,51
group2_19.png,group2_19,2,group3_18.png,group3_18,3,False,142,103
group2_19.png,group2_19,2,group3_30.png,group3_30,3,False,142,124
group2_2.png,group2_2,2,group3_1.jpg,group3_1,3,False,142,90
group2_20.png,group2_20,2,group3_30.png,group3_30,3,False,142,145
group2_21.png,group2_21,2,group2_40.png,group2_40,2,True,142,71
group2_21.png,group2_21,2,group3_6.jpg,group3_6,3,False,142,68
group2_21.png,group2_21,2,group4_11.jpg,group4_11,4,False,142,149
group2_24.png,group2_24,2,group2_31.png,group2_31,2,True,142,63
group2_24.png,group2_24,2,group3_25.png,group3_25,3,False,142,87
group2_24.png,group2_24,2,group4_22.jpg,group4_22,4,False,142,111
group2_24.png,group2_24,2,group4_5.jpg,group4_5,4,False,142,175
group2_26.png,group2_26,2,group2_30.png,group2_30,2,True,142,80
group2_27.png,group2_27,2,group4_1.jpg,group4_1,4,False,142,211
group2_27.png,group2_27,2,group4_8.jpg,group4_8,4,False,142,143
group2_28.png,group2_28,2,group2_6.png,group2_6,2,True,142,102
group2_29.png,group2_29,2,group4_10.jpg,group4_10,4,False,142,135
group2_29.png,group2_29,2,group4_14.jpg,group4_14,4,False,142,164
group2_29.png,group2_29,2,group4_5.jpg,group4_5,4,False,142,174
group2_3.png,group2_3,2,group2_39.png,group2_39,2,True,142,49
group2_3.png,group2_3,2,group2_9.png,group2_9,2,True,142,69
group2_3.png,group2_3,2,group4_8.jpg,group4_8,4,False,142,128
group2_30.png,group2_30,2,group3_27.png,group3_27,3,False,142,189
group2_30.png,group2_30,2,group4_28.jpg,group4_28,4,False,142,118
group2_31.png,group2_31,2,group3_18.png,group3_18,3,False,142,115
group2_31.png,group2_31,2,group4_17.jpg,group4_17,4,False,142,187
group2_33.png,group2_33,2,group2_34.png,group2_34,2,True,142,61
group2_33.png,group2_33,2,group3_28.png,group3_28,3,False,142,228
group2_34.png,group2_34,2,group2_5.png,group2_5,2,True,142,91
group2_34.png,group2_34,2,group4_14.jpg,group4_14,4,False,142,217
group2_34.png,group2_34,2,group4_16.jpg,group4_16,4,False,142,153
group2_37.png,group2_37,2,group3_17.png,group3_17,3,False,142,70
group2_38.png,group2_38,2,group3_27.png,group3_27,3,False,142,199
group2_39.png,group2_39,2,group3_25.png,group3_25,3,False,142,65
group2_39.png,group2_39,2,group3_26.png,group3_26,3,False,142,119
group2_39.png,group2_39,2,group4_22.jpg,group4_22,4,False,142,119
group2_40.png,group2_40,2,group2_41.png,group2_41,2,True,142,71
group2_41.png,group2_41,2,group2_43.png,group2_43,2,True,142,93
group2_41.png,group2_41,2,group4_14.jpg,group4_14,4,False,142,181
group2_42.png,group2_42,2,group3_30.png,group3_30,3,False,142,167
group2_42.png,group2_42,2,group4_11.jpg,group4_11,4,False,142,125
group2_42.png,group2_42,2,group4_14.jpg,group4_14,4,False,142,207
group2_43.png,group2_43,2,group3_15.png,group3_15,3,False,142,148
group2_43.png,group2_43,2,group3_27.png,group3_27,3,False,142,148
group2_43.png,group2_43,2,group4_24.jpg,group4_24,4,False,142,83
group2_6.png,group2_6,2,group3_1.jpg,group3_1,3,False,142,149
group2_6.png,group2_6,2,group3_26.png,group3_26,3,False,142,126
group2_8.png,group2_8,2,group3_7.jpg,group3_7,3,False,142,92
group3_1.jpg,group3_1,3,group4_10.jpg,group4_10,4,False,142,144
group3_1.jpg,group3_1,3,group4_24.jpg,group4_24,4,False,142,122
group3_10.jpg,group3_10,3,group3_29 2.png,group3_29 2,3,True,142,95
group3_10.jpg,group3_10,3,group3_5.jpg,group3_5,3,True,142,121
group3_10.jpg,group3_10,3,group4_6.jpg,group4_6,4,False,142,171
group3_11.jpg,group3_11,3,group3_27.png,group3_27,3,True,142,209
group3_11.jpg,group3_11,3,group4_25.jpg,group4_25,4,False,142,82
group3_13.png,group3_13,3,group3_25.png,group3_25,3,True,142,134
group3_14.png,group3_14,3,group4_17.jpg,group4_17,4,False,142,174
group3_16.png,group3_16,3,group3_28.png,group3_28,3,True,142,159
group3_16.png,group3_16,3,group3_29.png,group3_29,3,True,142,137
group3_16.png,group3_16,3,group4_1.jpg,group4_1,4,False,142,157
group3_17.png,group3_17,3,group3_24.png,group3_24,3,True,142,76
group3_19.png,group3_19,3,group4_13.jpg,group4_13,4,False,142,149
group3_19.png,group3_19,3,group4_24.jpg,group4_24,4,False,142,78
group3_2.jpg,group3_2,3,group3_26.png,group3_26,3,True,142,102
group3_20.png,group3_20,3,group3_27.png,group3_27,3,True,142,189
group3_20.png,group3_20,3,group4_23.jpg,group4_23,4,False,142,71
group3_20.png,group3_20,3,group4_6.jpg,group4_6,4,False,142,173
group3_21.png,group3_21,3,group4_15.jpg,group4_15,4,False,142,147
group3_22.png,group3_22,3,group4_17.jpg,group4_17,4,False,142,151
group3_24.png,group3_24,3,group4_6.jpg,group4_6,4,False,142,151
group3_25.png,group3_25,3,group3_27.png,group3_27,3,True,142,184
group3_25.png,group3_25,3,group4_17.jpg,group4_17,4,False,142,165
group3_26.png,group3_26,3,group4_20.jpg,group4_20,4,False,142,69
group3_27.png,group3_27,3,group3_29 2.png,group3_29 2,3,True,142,184
group3_27.png,group3_27,3,group3_7.jpg,group3_7,3,True,142,185
group3_27.png,group3_27,3,group3_8.jpg,group3_8,3,True,142,211
group3_27.png,group3_27,3,group4_21.jpg,group4_21,4,False,142,123
group3_28.png,group3_28,3,group4_25.jpg,group4_25,4,False,142,175
group3_28.png,group3_28,3,group4_8.jpg,group4_8,4,False,142,126
group3_29 2.png,group3_29 2,3,group4_17.jpg,group4_17,4,False,142,173
group3_29.png,group3_29,3,group4_12.jpg,group4_12,4,False,142,156
group3_29.png,group3_29,3,group4_9.jpg,group4_9,4,False,142,176
group3_3.jpg,group3_3,3,group4_12.jpg,group4_12,4,False,142,146
group3_3.jpg,group3_3,3,group4_22.jpg,group4_22,4,False,142,48
group3_7.jpg,group3_7,3,group4_9.jpg,group4_9,4,False,142,173
group3_8.jpg,group3_8,3,group4_15.jpg,group4_15,4,False,142,144
group3_9.jpg,group3_9,3,group4_15.jpg,group4_15,4,False,142,163
group4_1.jpg,group4_1,4,group4_22.jpg,group4_22,4,True,142,110
group4_1.jpg,group4_1,4,group4_25.jpg,group4_25,4,True,142,167
group4_1.jpg,group4_1,4,group4_4.jpg,group4_4,4,True,142,155
group4_11.jpg,group4_11,4,group4_20.jpg,group4_20,4,True,142,79
group4_12.jpg,group4_12,4,group4_3.jpg,group4_3,4,True,142,140
group4_13.jpg,group4_13,4,group4_16.jpg,group4_16,4,True,142,142
group4_13.jpg,group4_13,4,group4_8.jpg,group4_8,4,True,142,84
group4_15.jpg,group4_15,4,group4_5.jpg,group4_5,4,True,142,125
group4_16.jpg,group4_16,4,group4_26.jpg,group4_26,4,True,142,141
group4_16.jpg,group4_16,4,group4_3.jpg,group4_3,4,True,142,166
group4_20.jpg,group4_20,4,group4_30.jpg,group4_30,4,True,142,111
group4_21.jpg,group4_21,4,group4_8.jpg,group4_8,4,True,142,177
group4_23.jpg,group4_23,4,group4_6.jpg,group4_6,4,True,142,172
group4_25.jpg,group4_25,4,group4_28.jpg,group4_28,4,True,142,78
group4_26.jpg,group4_26,4,group4_8.jpg,group4_8,4,True,142,109
group4_3.jpg,group4_3,4,group4_9.jpg,group4_9,4,True,142,194
group4_4.jpg,group4_4,4,group4_6.jpg,group4_6,4,True,142,147
group1_11.png,group1_11,1,group2_24.png,group2_24,2,False,144,52
group1_11.png,group1_11,1,group3_11.jpg,group3_11,3,False,144,52
group1_11.png,group1_11,1,group3_5.jpg,group3_5,3,False,144,109
group1_12.png,group1_12,1,group4_14.jpg,group4_14,4,False,144,191
group1_13.png,group1_13,1,group1_24.jpg,group1_24,1,True,144,50
group1_13.png,group1_13,1,group2_25.png,group2_25,2,False,144,54
group1_13.png,group1_13,1,group2_38.png,group2_38,2,False,144,42
group1_13.png,group1_13,1,group2_4.png,group2_4,2,False,144,62
group1_14.png,group1_14,1,group3_17.png,group3_17,3,False,144,66
group1_16.png,group1_16,1,group2_1.png,group2_1,2,False,144,91
group1_16.png,group1_16,1,group3_13.png,group3_13,3,False,144,137
group1_17.png,group1_17,1,group1_7.png,group1_7,1,True,144,77
group1_17.png,group1_17,1,group1_9.png,group1_9,1,True,144,58
group1_18.png,group1_18,1,group4_11.jpg,group4_11,4,False,144,174
group1_19.jpg,group1_19,1,group3_30.png,group3_30,3,False,144,128
group1_19.jpg,group1_19,1,group4_18.jpg,group4_18,4,False,144,151
group1_2.png,group1_2,1,group2_17.png,group2_17,2,False,144,118
group1_2.png,group1_2,1,group4_14.jpg,group4_14,4,False,144,197
group1_20.jpg,group1_20,1,group2_38.png,group2_38,2,False,144,42
group1_21.jpg,group1_21,1,group3_7.jpg,group3_7,3,False,144,94
group1_22.jpg,group1_22,1,group4_22.jpg,group4_22,4,False,144,117
group1_22.jpg,group1_22,1,group4_5.jpg,group4_5,4,False,144,143
group1_23.jpg,group1_23,1,group2_12.png,group2_12,2,False,144,138
group1_23.jpg,group1_23,1,group3_1.jpg,group3_1,3,False,144,80
group1_23.jpg,group1_23,1,group3_28.png,group3_28,3,False,144,177
group1_23.jpg,group1_23,1,group4_5.jpg,group4_5,4,False,144,147
group1_24.jpg,group1_24,1,group3_23.png,group3_23,3,False,144,111
group1_24.jpg,group1_24,1,group3_5.jpg,group3_5,3,False,144,99
group1_26.jpg,group1_26,1,group3_19.png,group3_19,3,False,144,111
group1_26.jpg,group1_26,1,group3_20.png,group3_20,3,False,144,95
group1_26.jpg,group1_26,1,group3_23.png,group3_23,3,False,144,146
group1_26.jpg,group1_26,1,group3_6.jpg,group3_6,3,False,144,73
group1_26.jpg,group1_26,1,group4_20.jpg,group4_20,4,False,144,103
group1_3.png,group1_3,1,group1_6.png,group1_6,1,True,144,70
group1_3.png,group1_3,1,group2_26.png,group2_26,2,False,144,85
group1_3.png,group1_3,1,group2_34.png,group2_34,2,False,144,53
group1_3.png,group1_3,1,group3_28.png,group3_28,3,False,144,200
group1_3.png,group1_3,1,group3_29.png,group3_29,3,False,144,108
group1_3.png,group1_3,1,group4_26.jpg,group4_26,4,False,144,117
group1_5.png,group1_5,1,group1_9.png,group1_9,1,True,144,59
group1_6.png,group1_6,1,group2_43.png,group2_43,2,False,144,114
group1_6.png,group1_6,1,group4_17.jpg,group4_17,4,False,144,187
group1_7.png,group1_7,1,group2_38.png,group2_38,2,False,144,54
group1_8.png,group1_8,1,group2_17.png,group2_17,2,False,144,119
group1_8.png,group1_8,1,group4_17.jpg,group4_17,4,False,144,167
group1_9.png,group1_9,1,group4_10.jpg,group4_10,4,False,144,129
group2_1.png,group2_1,2,group2_12.png,group2_12,2,True,144,179
group2_1.png,group2_1,2,group2_27.png,group2_27,2,True,144,119
group2_1.png,group2_1,2,group3_21.png,group3_21,3,False,144,90
group2_1.png,group2_1,2,group3_8.jpg,group3_8,3,False,144,81
group2_1.png,group2_1,2,group4_6.jpg,group4_6,4,False,144,152
group2_10.png,group2_10,2,group3_17.png,group3_17,3,False,144,83
group2_11.png,group2_11,2,group2_5.png,group2_5,2,True,144,93
group2_11.png,group2_11,2,group4_8.jpg,group4_8,4,False,144,149
group2_12.png,group2_12,2,group2_26.png,group2_26,2,True,144,160
group2_14.png,group2_14,2,group3_15.png,group3_15,3,False,144,94
group2_14.png,group2_14,2,group3_5.jpg,group3_5,3,False,144,90
group2_15.png,group2_15,2,group3_27.png,group3_27,3,False,144,187
group2_15.png,group2_15,2,group4_15.jpg,group4_15,4,False,144,164
group2_16.png,group2_16,2,group4_5.jpg,group4_5,4,False,144,163
group2_17.png,group2_17,2,group2_18.png,group2_18,2,True,144,108
group2_19.png,group2_19,2,group2_39.png,group2_39,2,True,144,37
group2_19.png,group2_19,2,group3_13.png,group3_13,3,False,144,134
group2_19.png,group2_19,2,group3_3.jpg,group3_3,3,False,144,114
group2_2.png,group2_2,2,group3_30.png,group3_30,3,False,144,119
group2_20.png,group2_20,2,group3_27.png,group3_27,3,False,144,177
group2_20.png,group2_20,2,group4_1.jpg,group4_1,4,False,144,181
group2_20.png,group2_20,2,group4_18.jpg,group4_18,4,False,144,160
group2_21.png,group2_21,2,group3_27.png,group3_27,3,False,144,191
group2_21.png,group2_21,2,group3_30.png,group3_30,3,False,144,147
group2_22.png,group2_22,2,group3_30.png,group3_30,3,False,144,117
group2_22.png,group2_22,2,group3_6.jpg,group3_6,3,False,144,60
group2_22.png,group2_22,2,group4_15.jpg,group4_15,4,False,144,154
group2_23.png,group2_23,2,group3_12.png,group3_12,3,False,144,135
group2_23.png,group2_23,2,group3_6.jpg,group3_6,3,False,144,137
group2_23.png,group2_23,2,group4_14.jpg,group4_14,4,False,144,164
group2_23.png,group2_23,2,group4_8.jpg,group4_8,4,False,144,102
group2_26.png,group2_26,2,group4_5.jpg,group4_5,4,False,144,157
group2_28.png,group2_28,2,group2_38.png,group2_38,2,True,144,67
group2_28.png,group2_28,2,group4_24.jpg,group4_24,4,False,144,91
group2_30.png,group2_30,2,group2_6.png,group2_6,2,True,144,65
group2_30.png,group2_30,2,group3_19.png,group3_19,3,False,144,104
group2_30.png,group2_30,2,group3_20.png,group3_20,3,False,144,108
group2_31.png,group2_31,2,group2_9.png,group2_9,2,True,144,41
group2_32.png,group2_32,2,group2_6.png,group2_6,2,True,144,64
group2_32.png,group2_32,2,group3_28.png,group3_28,3,False,144,216
group2_33.png,group2_33,2,group4_1.jpg,group4_1,4,False,144,210
group2_34.png,group2_34,2,group3_26.png,group3_26,3,False,144,125
group2_34.png,group2_34,2,group3_30.png,group3_30,3,False,144,161
group2_35.png,group2_35,2,group3_30.png,group3_30,3,False,144,127
group2_37.png,group2_37,2,group2_43.png,group2_43,2,True,144,79
group2_37.png,group2_37,2,group3_30.png,group3_30,3,False,144,149
group2_38.png,group2_38,2,group4_6.jpg,group4_6,4,False,144,179
group2_39.png,group2_39,2,group3_11.jpg,group3_11,3,False,144,54
group2_4.png,group2_4,2,group4_1.jpg,group4_1,4,False,144,189
group2_41.png,group2_41,2,group4_10.jpg,group4_10,4,False,144,152
group2_41.png,group2_41,2,group4_17.jpg,group4_17,4,False,144,170
group2_45.png,group2_45,2,group3_27.png,group3_27,3,False,144,167
group2_45.png,group2_45,2,group4_3.jpg,group4_3,4,False,144,125
group2_5.png,group2_5,2,group3_22.png,group3_22,3,False,144,88
group2_6.png,group2_6,2,group3_16.png,group3_16,3,False,144,97
group2_7.png,group2_7,2,group4_17.jpg,group4_17,4,False,144,155
group2_8.png,group2_8,2,group3_6.jpg,group3_6,3,False,144,96
group2_9.png,group2_9,2,group3_17.png,group3_17,3,False,144,70
group3_1.jpg,group3_1,3,group3_8.jpg,group3_8,3,True,144,84
group3_11.jpg,group3_11,3,group4_1.jpg,group4_1,4,False,144,193
group3_12.png,group3_12,3,group3_6.jpg,group3_6,3,True,144,104
group3_14.png,group3_14,3,group4_20.jpg,group4_20,4,False,144,126
group3_14.png,group3_14,3,group4_7.jpg,group4_7,4,False,144,131
group3_16.png,group3_16,3,group4_8.jpg,group4_8,4,False,144,123
group3_20.png,group3_20,3,group4_15.jpg,group4_15,4,False,144,118
group3_20.png,group3_20,3,group4_20.jpg,group4_20,4,False,144,156
group3_20.png,group3_20,3,group4_7.jpg,group4_7,4,False,144,143
group3_21.png,group3_21,3,group3_27.png,group3_27,3,True,144,220
group3_21.png,group3_21,3,group4_1.jpg,group4_1,4,False,144,192
group3_22.png,group3_22,3,group4_19.jpg,group4_19,4,False,144,129
group3_23.png,group3_23,3,group4_17.jpg,group4_17,4,False,144,125
group3_28.png,group3_28,3,group4_10.jpg,group4_10,4,False,144,151
group3_29.png,group3_29,3,group4_5.jpg,group4_5,4,False,144,128
group3_3.jpg,group3_3,3,group3_30.png,group3_30,3,True,144,112
group3_6.jpg,group3_6,3,group4_30.jpg,group4_30,4,False,144,85
group3_6.jpg,group3_6,3,group4_6.jpg,group4_6,4,False,144,199
group3_7.jpg,group3_7,3,group4_22.jpg,group4_22,4,False,144,123
group3_9.jpg,group3_9,3,group4_26.jpg,group4_26,4,False,144,85
group4_1.jpg,group4_1,4,group4_27.jpg,group4_27,4,True,144,116
group4_10.jpg,group4_10,4,group4_16.jpg,group4_16,4,True,144,171
group4_11.jpg,group4_11,4,group4_24.jpg,group4_24,4,True,144,141
group4_15.jpg,group4_15,4,group4_22.jpg,group4_22,4,True,144,153
group4_17.jpg,group4_17,4,group4_29.jpg,group4_29,4,True,144,140
group4_18.jpg,group4_18,4,group4_25.jpg,group4_25,4,True,144,122
group4_23.jpg,group4_23,4,group4_26.jpg,group4_26,4,True,144,53
group4_26.jpg,group4_26,4,group4_6.jpg,group4_6,4,True,144,137
group4_28.jpg,group4_28,4,group4_6.jpg,group4_6,4,True,144,139
group4_30.jpg,group4_30,4,group4_5.jpg,group4_5,4,True,144,136
group1_1.jpeg,group1_1,1,group4_1.jpg,group4_1,4,False,146,210
group1_1.jpeg,group1_1,1,group4_17.jpg,group4_17,4,False,146,193
group1_10.png,group1_10,1,group2_14.png,group2_14,2,False,146,52
group1_10.png,group1_10,1,group3_10.jpg,group3_10,3,False,146,93
group1_11.png,group1_11,1,group3_22.png,group3_22,3,False,146,95
group1_11.png,group1_11,1,group3_27.png,group3_27,3,False,146,239
group1_14.png,group1_14,1,group4_15.jpg,group4_15,4,False,146,164
group1_16.png,group1_16,1,group3_27.png,group3_27,3,False,146,237
group1_16.png,group1_16,1,group3_7.jpg,group3_7,3,False,146,78
group1_16.png,group1_16,1,group4_29.jpg,group4_29,4,False,146,90
group1_17.png,group1_17,1,group4_9.jpg,group4_9,4,False,146,174
group1_19.jpg,group1_19,1,group4_29.jpg,group4_29,4,False,146,127
group1_21.jpg,group1_21,1,group4_1.jpg,group4_1,4,False,146,205
group1_22.jpg,group1_22,1,group1_4.png,group1_4,1,True,146,57
group1_22.jpg,group1_22,1,group3_1.jpg,group3_1,3,False,146,84
group1_22.jpg,group1_22,1,group3_26.png,group3_26,3,False,146,83
group1_24.jpg,group1_24,1,group2_17.png,group2_17,2,False,146,98
group1_24.jpg,group1_24,1,group2_45.png,group2_45,2,False,146,76
group1_25.jpg,group1_25,1,group2_24.png,group2_24,2,False,146,42
group1_25.jpg,group1_25,1,group3_22.png,group3_22,3,False,146,109
group1_4.png,group1_4,1,group2_39.png,group2_39,2,False,146,45
group1_4.png,group1_4,1,group3_7.jpg,group3_7,3,False,146,73
group1_4.png,group1_4,1,group4_1.jpg,group4_1,4,False,146,192
group1_6.png,group1_6,1,group2_28.png,group2_28,2,False,146,76
group1_6.png,group1_6,1,group2_30.png,group2_30,2,False,146,71
group1_6.png,group1_6,1,group4_11.jpg,group4_11,4,False,146,144
group1_7.png,group1_7,1,group3_29.png,group3_29,3,False,146,135
group1_7.png,group1_7,1,group4_15.jpg,group4_15,4,False,146,152
group1_8.png,group1_8,1,group4_18.jpg,group4_18,4,False,146,159
group2_10.png,group2_10,2,group3_6.jpg,group3_6,3,False,146,87
group2_10.png,group2_10,2,group4_11.jpg,group4_11,4,False,146,134
group2_12.png,group2_12,2,group2_24.png,group2_24,2,True,146,130
group2_12.png,group2_12,2,group4_4.jpg,group4_4,4,False,146,168
group2_16.png,group2_16,2,group3_28.png,group3_28,3,False,146,229
group2_17.png,group2_17,2,group2_19.png,group2_19,2,True,146,89
group2_18.png,group2_18,2,group4_17.jpg,group4_17,4,False,146,174
group2_19.png,group2_19,2,group4_1.jpg,group4_1,4,False,146,206
group2_2.png,group2_2,2,group4_20.jpg,group4_20,4,False,146,134
group2_20.png,group2_20,2,group3_28.png,group3_28,3,False,146,195
group2_20.png,group2_20,2,group4_6.jpg,group4_6,4,False,146,161
group2_22.png,group2_22,2,group4_11.jpg,group4_11,4,False,146,143
group2_24.png,group2_24,2,group4_10.jpg,group4_10,4,False,146,142
group2_25.png,group2_25,2,group4_10.jpg,group4_10,4,False,146,106
group2_28.png,group2_28,2,group2_3.png,group2_3,2,True,146,34
group2_28.png,group2_28,2,group2_4.png,group2_4,2,True,146,61
group2_28.png,group2_28,2,group2_8.png,group2_8,2,True,146,45
group2_28.png,group2_28,2,group3_20.png,group3_20,3,False,146,83
group2_28.png,group2_28,2,group3_24.png,group3_24,3,False,146,61
group2_28.png,group2_28,2,group4_18.jpg,group4_18,4,False,146,135
group2_3.png,group2_3,2,group4_1.jpg,group4_1,4,False,146,178
group2_3.png,group2_3,2,group4_17.jpg,group4_17,4,False,146,191
group2_30.png,group2_30,2,group3_21.png,group3_21,3,False,146,87
group2_31.png,group2_31,2,group3_3.jpg,group3_3,3,False,146,132
group2_31.png,group2_31,2,group4_13.jpg,group4_13,4,False,146,158
group2_32.png,group2_32,2,group4_29.jpg,group4_29,4,False,146,127
group2_33.png,group2_33,2,group3_17.png,group3_17,3,False,146,61
group2_37.png,group2_37,2,group4_15.jpg,group4_15,4,False,146,176
group2_43.png,group2_43,2,group4_21.jpg,group4_21,4,False,146,123
group2_45.png,group2_45,2,group4_17.jpg,group4_17,4,False,146,158
group2_5.png,group2_5,2,group3_6.jpg,group3_6,3,False,146,53
group2_7.png,group2_7,2,group4_6.jpg,group4_6,4,False,146,158
group2_9.png,group2_9,2,group3_27.png,group3_27,3,False,146,181
group3_13.png,group3_13,3,group3_16.png,group3_16,3,True,146,113
group3_13.png,group3_13,3,group4_22.jpg,group4_22,4,False,146,102
group3_14.png,group3_14,3,group3_28.png,group3_28,3,True,146,147
group3_16.png,group3_16,3,group4_17.jpg,group4_17,4,False,146,156
group3_18.png,group3_18,3,group4_12.jpg,group4_12,4,False,146,127
group3_19.png,group3_19,3,group4_9.jpg,group4_9,4,False,146,159
group3_2.jpg,group3_2,3,group3_6.jpg,group3_6,3,True,146,111
group3_2.jpg,group3_2,3,group4_17.jpg,group4_17,4,False,146,149
group3_20.png,group3_20,3,group4_12.jpg,group4_12,4,False,146,127
group3_24.png,group3_24,3,group4_15.jpg,group4_15,4,False,146,146
group3_27.png,group3_27,3,group3_29.png,group3_29,3,True,146,186
group3_3.jpg,group3_3,3,group4_10.jpg,group4_10,4,False,146,163
group3_3.jpg,group3_3,3,group4_20.jpg,group4_20,4,False,146,93
group3_30.png,group3_30,3,group4_17.jpg,group4_17,4,False,146,135
group3_30.png,group3_30,3,group4_21.jpg,group4_21,4,False,146,127
group3_6.jpg,group3_6,3,group4_20.jpg,group4_20,4,False,146,150
group3_7.jpg,group3_7,3,group4_23.jpg,group4_23,4,False,146,93
group4_10.jpg,group4_10,4,group4_29.jpg,group4_29,4,True,146,154
group4_10.jpg,group4_10,4,group4_3.jpg,group4_3,4,True,146,117
group4_19.jpg,group4_19,4,group4_29.jpg,group4_29,4,True,146,104
group4_19.jpg,group4_19,4,group4_6.jpg,group4_6,4,True,146,123
group4_30.jpg,group4_30,4,group4_9.jpg,group4_9,4,True,146,172
group1_1.jpeg,group1_1,1,group3_27.png,group3_27,3,False,148,206
group1_17.png,group1_17,1,group1_20.jpg,group1_20,1,True,148,61
group1_19.jpg,group1_19,1,group1_6.png,group1_6,1,True,148,48
group1_20.jpg,group1_20,1,group3_18.png,group3_18,3,False,148,122
group1_20.jpg,group1_20,1,group3_27.png,group3_27,3,False,148,203
group1_20.jpg,group1_20,1,group4_1.jpg,group4_1,4,False,148,217
group1_22.jpg,group1_22,1,group4_16.jpg,group4_16,4,False,148,185
group1_23.jpg,group1_23,1,group3_27.png,group3_27,3,False,148,217
group1_25.jpg,group1_25,1,group2_6.png,group2_6,2,False,148,79
group1_26.jpg,group1_26,1,group3_28.png,group3_28,3,False,148,192
group1_3.png,group1_3,1,group2_1.png,group2_1,2,False,148,138
group1_3.png,group1_3,1,group2_27.png,group2_27,2,False,148,59
group1_4.png,group1_4,1,group2_22.png,group2_22,2,False,148,27
group1_4.png,group1_4,1,group2_24.png,group2_24,2,False,148,55
group1_4.png,group1_4,1,group3_27.png,group3_27,3,False,148,232
group1_6.png,group1_6,1,group2_19.png,group2_19,2,False,148,52
group2_10.png,group2_10,2,group4_5.jpg,group4_5,4,False,148,168
group2_11.png,group2_11,2,group4_17.jpg,group4_17,4,False,148,160
group2_13.png,group2_13,2,group4_6.jpg,group4_6,4,False,148,161
group2_14.png,group2_14,2,group3_3.jpg,group3_3,3,False,148,128
group2_16.png,group2_16,2,group3_3.jpg,group3_3,3,False,148,125
group2_19.png,group2_19,2,group2_45.png,group2_45,2,True,148,79
group2_21.png,group2_21,2,group4_8.jpg,group4_8,4,False,148,143
group2_27.png,group2_27,2,group3_27.png,group3_27,3,False,148,201
group2_28.png,group2_28,2,group2_34.png,group2_34,2,True,148,81
group2_28.png,group2_28,2,group3_28.png,group3_28,3,False,148,220
group2_3.png,group2_3,2,group3_18.png,group3_18,3,False,148,97
group2_3.png,group2_3,2,group3_22.png,group3_22,3,False,148,122
group2_30.png,group2_30,2,group3_28.png,group3_28,3,False,148,195
group2_31.png,group2_31,2,group3_27.png,group3_27,3,False,148,208
group2_32.png,group2_32,2,group3_7.jpg,group3_7,3,False,148,87
group2_33.png,group2_33,2,group3_27.png,group3_27,3,False,148,206
group2_33.png,group2_33,2,group4_15.jpg,group4_15,4,False,148,157
group2_34.png,group2_34,2,group4_8.jpg,group4_8,4,False,148,131
group2_4.png,group2_4,2,group4_18.jpg,group4_18,4,False,148,154
group2_44.png,group2_44,2,group4_29.jpg,group4_29,4,False,148,150
group2_5.png,group2_5,2,group3_1.jpg,group3_1,3,False,148,105
group2_5.png,group2_5,2,group4_15.jpg,group4_15,4,False,148,149
group2_6.png,group2_6,2,group4_11.jpg,group4_11,4,False,148,148
group2_6.png,group2_6,2,group4_14.jpg,group4_14,4,False,148,202
group2_7.png,group2_7,2,group4_22.jpg,group4_22,4,False,148,120
group2_8.png,group2_8,2,group3_30.png,group3_30,3,False,148,119
group2_9.png,group2_9,2,group4_15.jpg,group4_15,4,False,148,168
group3_11.jpg,group3_11,3,group3_26.png,group3_26,3,True,148,111
group3_12.png,group3_12,3,group4_18.jpg,group4_18,4,False,148,116
group3_15.png,group3_15,3,group4_13.jpg,group4_13,4,False,148,102
group3_15.png,group3_15,3,group4_7.jpg,group4_7,4,False,148,176
group3_16.png,group3_16,3,group3_3.jpg,group3_3,3,True,148,143
group3_16.png,group3_16,3,group4_3.jpg,group4_3,4,False,148,129
group3_17.png,group3_17,3,group3_27.png,group3_27,3,True,148,217
group3_17.png,group3_17,3,group4_8.jpg,group4_8,4,False,148,137
group3_23.png,group3_23,3,group4_20.jpg,group4_20,4,False,148,161
group3_28.png,group3_28,3,group4_26.jpg,group4_26,4,False,148,141
group3_6.jpg,group3_6,3,group4_7.jpg,group4_7,4,False,148,151
group4_11.jpg,group4_11,4,group4_27.jpg,group4_27,4,True,148,158
group4_12.jpg,group4_12,4,group4_29.jpg,group4_29,4,True,148,167
group4_18.jpg,group4_18,4,group4_4.jpg,group4_4,4,True,148,98
group1_12.png,group1_12,1,group4_15.jpg,group4_15,4,False,150,178
group1_15.png,group1_15,1,group3_27.png,group3_27,3,False,150,170
group1_16.png,group1_16,1,group3_22.png,group3_22,3,False,150,97
group1_16.png,group1_16,1,group3_6.jpg,group3_6,3,False,150,54
group1_16.png,group1_16,1,group4_18.jpg,group4_18,4,False,150,134
group1_17.png,group1_17,1,group2_12.png,group2_12,2,False,150,137
group1_17.png,group1_17,1,group4_21.jpg,group4_21,4,False,150,137
group1_2.png,group1_2,1,group3_27.png,group3_27,3,False,150,179
group1_20.jpg,group1_20,1,group3_20.png,group3_20,3,False,150,70
group1_21.jpg,group1_21,1,group4_29.jpg,group4_29,4,False,150,120
group1_23.jpg,group1_23,1,group4_1.jpg,group4_1,4,False,150,177
group1_25.jpg,group1_25,1,group4_1.jpg,group4_1,4,False,150,209
group1_25.jpg,group1_25,1,group4_17.jpg,group4_17,4,False,150,200
group1_4.png,group1_4,1,group2_37.png,group2_37,2,False,150,75
group1_4.png,group1_4,1,group3_13.png,group3_13,3,False,150,140
group1_5.png,group1_5,1,group4_17.jpg,group4_17,4,False,150,200
group1_7.png,group1_7,1,group4_1.jpg,group4_1,4,False,150,195
group1_9.png,group1_9,1,group2_14.png,group2_14,2,False,150,44
group1_9.png,group1_9,1,group2_16.png,group2_16,2,False,150,67
group1_9.png,group1_9,1,group2_43.png,group2_43,2,False,150,86
group2_1.png,group2_1,2,group2_30.png,group2_30,2,True,150,145
group2_14.png,group2_14,2,group2_6.png,group2_6,2,True,150,54
group2_14.png,group2_14,2,group3_27.png,group3_27,3,False,150,198
group2_17.png,group2_17,2,group2_41.png,group2_41,2,True,150,134
group2_19.png,group2_19,2,group4_17.jpg,group4_17,4,False,150,195
group2_23.png,group2_23,2,group4_24.jpg,group4_24,4,False,150,101
group2_24.png,group2_24,2,group3_1.jpg,group3_1,3,False,150,98
group2_3.png,group2_3,2,group4_16.jpg,group4_16,4,False,150,146
group2_30.png,group2_30,2,group4_18.jpg,group4_18,4,False,150,166
group2_38.png,group2_38,2,group4_7.jpg,group4_7,4,False,150,147
group2_40.png,group2_40,2,group3_7.jpg,group3_7,3,False,150,83
group2_8.png,group2_8,2,group3_27.png,group3_27,3,False,150,199
group2_9.png,group2_9,2,group3_1.jpg,group3_1,3,False,150,140
group3_13.png,group3_13,3,group4_12.jpg,group4_12,4,False,150,122
group3_15.png,group3_15,3,group4_1.jpg,group4_1,4,False,150,160
group3_19.png,group3_19,3,group4_17.jpg,group4_17,4,False,150,160
group3_30.png,group3_30,3,group4_24.jpg,group4_24,4,False,150,127
group3_8.jpg,group3_8,3,group4_23.jpg,group4_23,4,False,150,51
group4_17.jpg,group4_17,4,group4_18.jpg,group4_18,4,True,150,154
group4_18.jpg,group4_18,4,group4_24.jpg,group4_24,4,True,150,180
group4_30.jpg,group4_30,4,group4_8.jpg,group4_8,4,True,150,116
group1_16.png,group1_16,1,group3_23.png,group3_23,3,False,152,109
group1_18.png,group1_18,1,group4_19.jpg,group4_19,4,False,152,151
group1_22.jpg,group1_22,1,group4_14.jpg,group4_14,4,False,152,131
group1_24.jpg,group1_24,1,group4_17.jpg,group4_17,4,False,152,194
group1_25.jpg,group1_25,1,group3_5.jpg,group3_5,3,False,152,105
group1_9.png,group1_9,1,group2_32.png,group2_32,2,False,152,54
group2_1.png,group2_1,2,group3_24.png,group3_24,3,False,152,103
group2_22.png,group2_22,2,group2_43.png,group2_43,2,True,152,111
group2_23.png,group2_23,2,group2_5.png,group2_5,2,True,152,116
group2_26.png,group2_26,2,group3_27.png,group3_27,3,False,152,221
group2_26.png,group2_26,2,group4_15.jpg,group4_15,4,False,152,150
group2_27.png,group2_27,2,group4_15.jpg,group4_15,4,False,152,150
group2_29.png,group2_29,2,group3_27.png,group3_27,3,False,152,198
group2_3.png,group2_3,2,group2_37.png,group2_37,2,True,152,73
group2_39.png,group2_39,2,group4_11.jpg,group4_11,4,False,152,137
group2_42.png,group2_42,2,group3_6.jpg,group3_6,3,False,152,142
group2_42.png,group2_42,2,group4_15.jpg,group4_15,4,False,152,148
group2_43.png,group2_43,2,group3_3.jpg,group3_3,3,False,152,114
group2_5.png,group2_5,2,group3_17.png,group3_17,3,False,152,53
group2_5.png,group2_5,2,group3_27.png,group3_27,3,False,152,224
group2_5.png,group2_5,2,group4_29.jpg,group4_29,4,False,152,93
group2_6.png,group2_6,2,group3_27.png,group3_27,3,False,152,160
group2_8.png,group2_8,2,group4_1.jpg,group4_1,4,False,152,175
group3_28.png,group3_28,3,group4_12.jpg,group4_12,4,False,152,164
group3_5.jpg,group3_5,3,group4_22.jpg,group4_22,4,False,152,98
group4_1.jpg,group4_1,4,group4_24.jpg,group4_24,4,True,152,169
group4_15.jpg,group4_15,4,group4_19.jpg,group4_19,4,True,152,118
group1_11.png,group1_11,1,group3_7.jpg,group3_7,3,False,154,76
group1_13.png,group1_13,1,group2_18.png,group2_18,2,False,154,44
group1_15.png,group1_15,1,group4_14.jpg,group4_14,4,False,154,212
group1_25.jpg,group1_25,1,group3_27.png,group3_27,3,False,154,219
group1_25.jpg,group1_25,1,group3_28.png,group3_28,3,False,154,225
group1_25.jpg,group1_25,1,group3_3.jpg,group3_3,3,False,154,129
group1_4.png,group1_4,1,group1_6.png,group1_6,1,True,154,58
group1_4.png,group1_4,1,group2_9.png,group2_9,2,False,154,77
group1_4.png,group1_4,1,group3_28.png,group3_28,3,False,154,206
group1_4.png,group1_4,1,group3_3.jpg,group3_3,3,False,154,112
group1_4.png,group1_4,1,group4_24.jpg,group4_24,4,False,154,109
group1_6.png,group1_6,1,group4_12.jpg,group4_12,4,False,154,100
group1_9.png,group1_9,1,group2_31.png,group2_31,2,False,154,54
group2_1.png,group2_1,2,group4_11.jpg,group4_11,4,False,154,144
group2_10.png,group2_10,2,group4_1.jpg,group4_1,4,False,154,196
group2_16.png,group2_16,2,group4_17.jpg,group4_17,4,False,154,206
group2_3.png,group2_3,2,group3_3.jpg,group3_3,3,False,154,110
group2_34.png,group2_34,2,group4_17.jpg,group4_17,4,False,154,166
group2_43.png,group2_43,2,group4_17.jpg,group4_17,4,False,154,121
group2_44.png,group2_44,2,group3_27.png,group3_27,3,False,154,169
group3_10.jpg,group3_10,3,group3_28.png,group3_28,3,True,154,197
group3_10.jpg,group3_10,3,group4_1.jpg,group4_1,4,False,154,197
group3_12.png,group3_12,3,group4_1.jpg,group4_1,4,False,154,131
group3_17.png,group3_17,3,group3_3.jpg,group3_3,3,True,154,109
group3_24.png,group3_24,3,group3_27.png,group3_27,3,True,154,205
group3_24.png,group3_24,3,group3_30.png,group3_30,3,True,154,109
group3_24.png,group3_24,3,group4_1.jpg,group4_1,4,False,154,163
group3_7.jpg,group3_7,3,group4_20.jpg,group4_20,4,False,154,138
group4_1.jpg,group4_1,4,group4_26.jpg,group4_26,4,True,154,141
group1_11.png,group1_11,1,group4_1.jpg,group4_1,4,False,156,199
group1_16.png,group1_16,1,group4_1.jpg,group4_1,4,False,156,195
group1_25.jpg,group1_25,1,group1_6.png,group1_6,1,True,156,43
group2_13.png,group2_13,2,group3_17.png,group3_17,3,False,156,64
group2_38.png,group2_38,2,group4_11.jpg,group4_11,4,False,156,165
group3_22.png,group3_22,3,group4_12.jpg,group4_12,4,False,156,146
group3_27.png,group3_27,3,group4_22.jpg,group4_22,4,False,156,164
group3_6.jpg,group3_6,3,group4_24.jpg,group4_24,4,False,156,110
group4_17.jpg,group4_17,4,group4_20.jpg,group4_20,4,True,156,154
group1_14.png,group1_14,1,group3_27.png,group3_27,3,False,158,195
group1_21.jpg,group1_21,1,group4_18.jpg,group4_18,4,False,158,142
group1_9.png,group1_9,1,group3_17.png,group3_17,3,False,158,73
group2_24.png,group2_24,2,group3_27.png,group3_27,3,False,158,209
group2_34.png,group2_34,2,group3_27.png,group3_27,3,False,158,167
group3_27.png,group3_27,3,group3_28.png,group3_28,3,True,158,56
group3_27.png,group3_27,3,group4_30.jpg,group4_30,4,False,158,200
group1_21.jpg,group1_21,1,group3_27.png,group3_27,3,False,160,193
group1_9.png,group1_9,1,group4_14.jpg,group4_14,4,False,160,206
group2_14.png,group2_14,2,group3_28.png,group3_28,3,False,160,212
group2_32.png,group2_32,2,group4_1.jpg,group4_1,4,False,160,216
group2_35.png,group2_35,2,group3_28.png,group3_28,3,False,160,201
group2_40.png,group2_40,2,group3_28.png,group3_28,3,False,160,206
group3_17.png,group3_17,3,group4_17.jpg,group4_17,4,False,160,190
group3_26.png,group3_26,3,group3_28.png,group3_28,3,True,160,146
group1_3.png,group1_3,1,group3_20.png,group3_20,3,False,162,107
group1_4.png,group1_4,1,group4_17.jpg,group4_17,4,False,162,203
group1_5.png,group1_5,1,group3_27.png,group3_27,3,False,162,213
group2_2.png,group2_2,2,group3_27.png,group3_27,3,False,162,227
group2_43.png,group2_43,2,group2_6.png,group2_6,2,True,162,76
group4_18.jpg,group4_18,4,group4_30.jpg,group4_30,4,True,162,147
group4_19.jpg,group4_19,4,group4_20.jpg,group4_20,4,True,162,122
group4_19.jpg,group4_19,4,group4_21.jpg,group4_21,4,True,162,132
group1_3.png,group1_3,1,group4_18.jpg,group4_18,4,False,164,161
group2_10.png,group2_10,2,group3_28.png,group3_28,3,False,164,208
group2_22.png,group2_22,2,group3_27.png,group3_27,3,False,164,237
group2_23.png,group2_23,2,group4_17.jpg,group4_17,4,False,164,149
group2_3.png,group2_3,2,group3_27.png,group3_27,3,False,164,214
group4_1.jpg,group4_1,4,group4_30.jpg,group4_30,4,True,164,160
group2_5.png,group2_5,2,group4_1.jpg,group4_1,4,False,166,194
group2_18.png,group2_18,2,group3_27.png,group3_27,3,False,168,205
group2_41.png,group2_41,2,group3_27.png,group3_27,3,False,168,195
group2_43.png,group2_43,2,group3_28.png,group3_28,3,False,168,154
group2_25.png,group2_25,2,group3_27.png,group3_27,3,False,170,215
group2_19.png,group2_19,2,group3_27.png,group3_27,3,False,174,228
group1_19.jpg,group1_19,1,group3_27.png,group3_27,3,False,176,196
group1_8.png,group1_8,1,group3_27.png,group3_27,3,False,176,172
group1_24.jpg,group1_24,1,group3_27.png,group3_27,3,False,180,225
group2_4.png,group2_4,2,group3_27.png,group3_27,3,False,198,235
